"","fishery_fine_name","fishery_era_id","fishery_era_name","recovery_id","reporting_agency","run_year","recovery_location_code","recovery_date","species","fishery","FisheryFineID","sex","length","length_code","age","tag_status","tag_code","detection_method","recorded_mark","sample_type","period_type","period","estimated_number","adjusted_estimated_number","estimation_level","catch_sample_id","extrapolated","extrapolated_recovery_id","auxiliary","aux_static","adclip_selective_fishery","expansion_factor","stock_code","RegTypeID","Finescale_name","finescale_description","FisheryCoarseID","Coarse_description","ERA_fishery_id","ERA_fishery_name","country","fishery_type"
"1","AK SE SP",44,"ALASKA S","014534","ADFG",2013,"1M1SE101 2506  MS","1970-01-01",1,40,3101,NA,655,1,4,1,180679,"V",5009,1,8,2,11.57,11.57,4,"189453",FALSE,NA,FALSE,FALSE,"N",1,"PHI",NA,"AK SE SP","ALASKA SE QUADRANT SPORT",124,"Alaska Southeast Sport",44,"ALASKA S","US","pre-terminal"
"2","AK NE SP",44,"ALASKA S","088931","ADFG",2014,"1M1NE111 3104  DE","1970-01-01",1,40,3103,NA,720,1,4,1,181878,"V",5009,1,8,3,1.17,1.17,4,"185134",FALSE,NA,FALSE,FALSE,"N",1,"PHI",NA,"AK NE SP","ALASKA NE QUADRANT SPORT",124,"Alaska Southeast Sport",44,"ALASKA S","US","pre-terminal"
"3","AK SW JUNE TR",2,"AK JNO T","102401","ADFG",2023,"1M1SW103 70","1970-01-01",1,11,1113,NA,650,1,4,1,186481,"V",5009,1,7,3,1.89,1.89,5,"1043952",FALSE,NA,FALSE,FALSE,"N",1,"PHI",NA,"AK SW JUNE TR","ALASKA SW QUADRANT JUNE TROLL",13,"Alaska June South Outside Troll",2,"AK JNO T","US","pre-terminal"
"4","AK 101 GN",17,"ALASKA N","227409","ADFG",2017,"1M1SE101 28","1970-01-01",1,31,2101,NA,890,1,5,1,182876,"V",5009,1,7,26,1.54,1.54,4,"171674",FALSE,NA,FALSE,FALSE,"N",1,"PHI",NA,"AK 101 GN","AK DISTRICT 101 GILLNET",55,"Alaska District 101 And 102 Gillnet",17,"ALASKA N","US","pre-terminal"
"5","AK NE SP",44,"ALASKA S","265974","ADFG",2015,"1M1NE112 1504  DE","1970-01-01",1,40,3103,NA,740,1,4,1,181373,"V",5009,1,8,3,1,1,4,"181025",FALSE,NA,FALSE,FALSE,"N",1,"PHI",NA,"AK NE SP","ALASKA NE QUADRANT SPORT",124,"Alaska Southeast Sport",44,"ALASKA S","US","pre-terminal"
"6","AK NE SP",44,"ALASKA S","265975","ADFG",2015,"1M1NE111 5004  DE","1970-01-01",1,40,3103,NA,750,1,4,1,181372,"V",5009,1,8,3,1,1,4,"181025",FALSE,NA,FALSE,FALSE,"N",1,"PHI",NA,"AK NE SP","ALASKA NE QUADRANT SPORT",124,"Alaska Southeast Sport",44,"ALASKA S","US","pre-terminal"
"7","AK NE SP",44,"ALASKA S","265976","ADFG",2015,"1M1NE111 5004  DE","1970-01-01",1,40,3103,NA,NA,NA,4,1,181372,"V",5009,1,8,3,1,1,4,"181025",FALSE,NA,FALSE,FALSE,"N",1,"PHI",NA,"AK NE SP","ALASKA NE QUADRANT SPORT",124,"Alaska Southeast Sport",44,"ALASKA S","US","pre-terminal"
"8","AK NE SP",44,"ALASKA S","266000","ADFG",2016,"1M1NE112 1604  DE","1970-01-01",1,40,3103,NA,750,1,4,1,182084,"V",5009,1,8,3,1,1,4,"997975",FALSE,NA,FALSE,FALSE,"N",1,"PHI",NA,"AK NE SP","ALASKA NE QUADRANT SPORT",124,"Alaska Southeast Sport",44,"ALASKA S","US","pre-terminal"
"9","AK SACI SN",17,"ALASKA N","268223","ADFG",2014,"1M1SE101 95","1970-01-01",1,26,2126,NA,NA,NA,3,1,181373,"V",5009,1,7,25,10.94,10.94,4,"183696",FALSE,NA,FALSE,FALSE,"N",1,"PHI",NA,"AK SACI SN","ALASKA SEINE AREA CENTRAL INSIDE (DISTRICT 105, 106 & 107)",66,"Alaska District 105 106 & 107 Seine",17,"ALASKA N","US","pre-terminal"
"10","AK 115 GN",17,"ALASKA N","346930","ADFG",2013,"1M1NE115","1970-01-01",1,20,2115,NA,400,1,2,1,181372,"V",5009,1,7,38,0.67,1.00091659028414,4,"185514",FALSE,NA,FALSE,FALSE,"N",1.00091659028414,"PHI",NA,"AK 115 GN","AK DISTRICT 115 GILLNET",59,"Alaska Southeast Other Gillnet",17,"ALASKA N","US","pre-terminal"
"11","AK SW JULY TR",4,"AK JLO T","376990","ADFG",2014,"1M1SW103 90","1970-01-01",1,10,1117,NA,625,1,4,1,181878,"V",5009,1,7,4,2.72,2.72,3,"181537",FALSE,NA,FALSE,FALSE,"N",1,"PHI",NA,"AK SW JULY TR","ALASKA SW QUADRANT JULY TROLL",17,"Alaska July South Outside Troll",4,"AK JLO T","US","pre-terminal"
"12","AK SW SP",44,"ALASKA S","390411","ADFG",2015,"1M1SW104 3007  MS","1970-01-01",1,40,3102,NA,820,1,4,1,181373,"V",5009,1,8,1,2.67,2.67,4,"181009",FALSE,NA,FALSE,FALSE,"N",1,"PHI",NA,"AK SW SP","ALASKA SW QUADRANT SPORT",124,"Alaska Southeast Sport",44,"ALASKA S","US","pre-terminal"
"13","AK NE JULY TR",5,"AK JLI T","402054","ADFG",2021,"1M1NE109 62","1970-01-01",1,10,1120,NA,630,1,4,1,184765,"V",5009,1,7,4,8.03,8.03,3,"332781",FALSE,NA,FALSE,FALSE,"N",1,"PHI",NA,"AK NE JULY TR","ALASKA NE QUADRANT JULY TROLL",20,"Alaska July North Inside Troll",5,"AK JLI T","US","pre-terminal"
"14","AK NE WIN1 TR",1,"AK W/S T","402235","ADFG",2020,"1M1NE110 12","1970-01-01",1,10,1104,NA,730,1,5,1,184594,"V",5009,1,7,6,1.94,1.94,3,"336647",FALSE,NA,FALSE,FALSE,"N",1,"PHI",NA,"AK NE WIN1 TR","ALASKA NE QUADRANT EARLY WINTER TROLL",4,"Alaska Early Winter North Inside Troll",1,"AK W/S T","US","pre-terminal"
"15","AK SE WIN1 TR",1,"AK W/S T","402262","ADFG",2020,"1M1SE106","1970-01-01",1,10,1103,NA,695,1,5,1,184594,"V",5009,1,7,6,2.66,2.66,3,"336649",FALSE,NA,FALSE,FALSE,"N",1,"PHI",NA,"AK SE WIN1 TR","ALASKA SE QUADRANT EARLY WINTER TROLL",3,"Alaska Early Winter South Inside Troll",1,"AK W/S T","US","pre-terminal"
"16","AK SE WIN1 TR",1,"AK W/S T","402273","ADFG",2020,"1M1SE108 50","1970-01-01",1,10,1103,NA,735,1,5,1,184594,"V",5009,1,7,6,2.66,2.66,3,"336649",FALSE,NA,FALSE,FALSE,"N",1,"PHI",NA,"AK SE WIN1 TR","ALASKA SE QUADRANT EARLY WINTER TROLL",3,"Alaska Early Winter South Inside Troll",1,"AK W/S T","US","pre-terminal"
"17","AK WN TTR",7,"TAK TERM T","402274","ADFG",2021,"1M1SE106 44","1970-01-01",1,10,1142,NA,695,1,4,1,184765,"V",5009,1,7,1,1.58,1.58,3,"332779",FALSE,NA,FALSE,FALSE,"N",1,"PHI",NA,"AK WN TTR","WRANGELL NARROWS TERM. TROLL",26,"Alaska Terminal Troll",7,"TAK TERM T","US","terminal"
"18","AK SE WIN2 TR",1,"AK W/S T","402276","ADFG",2021,"1M1SE106","1970-01-01",1,10,1107,NA,730,1,5,1,184594,"V",5009,1,7,1,1.58,1.58,3,"332779",FALSE,NA,FALSE,FALSE,"N",1,"PHI",NA,"AK SE WIN2 TR","ALASKA SE QUADRANT LATE WINTER TROLL",7,"Alaska Late Winter South Inside Troll",1,"AK W/S T","US","pre-terminal"
"19","AK SE WIN2 TR",1,"AK W/S T","402282","ADFG",2021,"1M1SE108 30","1970-01-01",1,10,1107,NA,785,1,5,1,184594,"V",5009,1,7,1,1.58,1.58,3,"332779",FALSE,NA,FALSE,FALSE,"N",1,"PHI",NA,"AK SE WIN2 TR","ALASKA SE QUADRANT LATE WINTER TROLL",7,"Alaska Late Winter South Inside Troll",1,"AK W/S T","US","pre-terminal"
"20","AK NE WIN2 TR",1,"AK W/S T","402293","ADFG",2021,"1M1NE110 16","1970-01-01",1,10,1108,NA,755,1,5,1,184595,"V",5009,1,7,1,3.49,3.49,3,"332777",FALSE,NA,FALSE,FALSE,"N",1,"PHI",NA,"AK NE WIN2 TR","ALASKA NE QUADRANT LATE WINTER TROLL",8,"Alaska Late Winter North Inside Troll",1,"AK W/S T","US","pre-terminal"
"21","AK SACI SN",17,"ALASKA N","402415","ADFG",2020,"1M1SESACI","1970-01-01",1,25,2126,NA,495,1,3,1,184765,"V",5009,1,7,4,2.62,2.87354838709677,4,"336660",FALSE,NA,FALSE,FALSE,"N",1.09677419354839,"PHI",NA,"AK SACI SN","ALASKA SEINE AREA CENTRAL INSIDE (DISTRICT 105, 106 & 107)",66,"Alaska District 105 106 & 107 Seine",17,"ALASKA N","US","pre-terminal"
"22","AK SE WIN1 TR",1,"AK W/S T","402667","ADFG",2021,"1M1SE108 50","1970-01-01",1,10,1103,NA,685,1,4,1,184280,"V",5009,1,7,6,2.16,2.16,3,"332791",FALSE,NA,FALSE,FALSE,"N",1,"PHI",NA,"AK SE WIN1 TR","ALASKA SE QUADRANT EARLY WINTER TROLL",3,"Alaska Early Winter South Inside Troll",1,"AK W/S T","US","pre-terminal"
"23","AK SE WIN1 TR",1,"AK W/S T","402668","ADFG",2021,"1M1SE108 50","1970-01-01",1,10,1103,NA,625,1,5,1,183992,"V",5009,1,7,6,2.16,2.16,3,"332791",FALSE,NA,FALSE,FALSE,"N",1,"PHI",NA,"AK SE WIN1 TR","ALASKA SE QUADRANT EARLY WINTER TROLL",3,"Alaska Early Winter South Inside Troll",1,"AK W/S T","US","pre-terminal"
"24","AK SE WIN1 TR",1,"AK W/S T","402683","ADFG",2021,"1M1SE108 50","1970-01-01",1,10,1103,NA,630,1,4,1,184280,"V",5009,1,7,6,2.16,2.16,3,"332791",FALSE,NA,FALSE,FALSE,"N",1,"PHI",NA,"AK SE WIN1 TR","ALASKA SE QUADRANT EARLY WINTER TROLL",3,"Alaska Early Winter South Inside Troll",1,"AK W/S T","US","pre-terminal"
"25","AK WN TTR",7,"TAK TERM T","402695","ADFG",2021,"1M1SE106 44","1970-01-01",1,10,1142,NA,765,1,4,1,184765,"V",5009,1,7,6,2.16,2.16,3,"332791",FALSE,NA,FALSE,FALSE,"N",1,"PHI",NA,"AK WN TTR","WRANGELL NARROWS TERM. TROLL",26,"Alaska Terminal Troll",7,"TAK TERM T","US","terminal"
"26","AK NE FALL TR",6,"AK FALL T","402766","ADFG",2020,"1M1NE110 31","1970-01-01",1,10,1124,NA,735,1,4,1,184595,"V",5009,1,7,5,3.27,3.27,3,"336643",FALSE,NA,FALSE,FALSE,"N",1,"PHI",NA,"AK NE FALL TR","ALASKA NE QUADRANT FALL TROLL",24,"Alaska Fall North Inside Troll",6,"AK FALL T","US","pre-terminal"
"27","AK NE FALL TR",6,"AK FALL T","402905","ADFG",2021,"1M1NE109 51","1970-01-01",1,10,1124,NA,690,1,4,1,184765,"V",5009,1,7,5,5.64,5.64,3,"332785",FALSE,NA,FALSE,FALSE,"N",1,"PHI",NA,"AK NE FALL TR","ALASKA NE QUADRANT FALL TROLL",24,"Alaska Fall North Inside Troll",6,"AK FALL T","US","pre-terminal"
"28","AK SE FALL TR",6,"AK FALL T","402922","ADFG",2021,"1M1SE105 50","1970-01-01",1,10,1123,NA,700,1,4,1,184765,"V",5009,1,7,5,1.54,1.54,3,"332787",FALSE,NA,FALSE,FALSE,"N",1,"PHI",NA,"AK SE FALL TR","ALASKA SE QUADRANT FALL TROLL",23,"Alaska Fall South Inside Troll",6,"AK FALL T","US","pre-terminal"
"29","AK NE WIN1 TR",1,"AK W/S T","402990","ADFG",2021,"1M1NE110 16","1970-01-01",1,10,1104,NA,670,1,5,1,184765,"V",5009,1,7,6,1.91,1.91,3,"332789",FALSE,NA,FALSE,FALSE,"N",1,"PHI",NA,"AK NE WIN1 TR","ALASKA NE QUADRANT EARLY WINTER TROLL",4,"Alaska Early Winter North Inside Troll",1,"AK W/S T","US","pre-terminal"
"30","AK NE WIN1 TR",1,"AK W/S T","403338","ADFG",2023,"1M1NE110","1970-01-01",1,10,1104,NA,770,1,6,1,184280,"V",5009,1,7,6,2.06,2.06,3,"1041301",FALSE,NA,FALSE,FALSE,"N",1,"PHI",NA,"AK NE WIN1 TR","ALASKA NE QUADRANT EARLY WINTER TROLL",4,"Alaska Early Winter North Inside Troll",1,"AK W/S T","US","pre-terminal"
"31","AK SW SP",44,"ALASKA S","404001","ADFG",2021,"1M1SW104 4007  MS","1970-01-01",1,40,3102,NA,665,1,4,1,184765,"V",5009,1,2,10,3.56,3.56,4,"336193",FALSE,NA,FALSE,FALSE,"N",1,"PHI",NA,"AK SW SP","ALASKA SW QUADRANT SPORT",124,"Alaska Southeast Sport",44,"ALASKA S","US","pre-terminal"
"32","AK SW SP",44,"ALASKA S","404148","ADFG",2021,"1M1SW104 3507  MS","1970-01-01",1,40,3102,NA,730,1,4,1,183992,"V",5009,1,2,12,3.88,3.88,4,"336208",FALSE,NA,FALSE,FALSE,"N",1,"PHI",NA,"AK SW SP","ALASKA SW QUADRANT SPORT",124,"Alaska Southeast Sport",44,"ALASKA S","US","pre-terminal"
"33","AK SW SP",44,"ALASKA S","404209","ADFG",2021,"1M1SW103 6007  MS","1970-01-01",1,40,3102,NA,740,1,4,1,183992,"V",5009,1,2,11,3.72,3.72,4,"336201",FALSE,NA,FALSE,FALSE,"N",1,"PHI",NA,"AK SW SP","ALASKA SW QUADRANT SPORT",124,"Alaska Southeast Sport",44,"ALASKA S","US","pre-terminal"
"34","AK SW SP",44,"ALASKA S","404235","ADFG",2021,"1M1SW104 4007  MS","1970-01-01",1,40,3102,NA,730,1,4,1,183992,"V",5009,1,2,13,3.89,3.89,4,"336216",FALSE,NA,FALSE,FALSE,"N",1,"PHI",NA,"AK SW SP","ALASKA SW QUADRANT SPORT",124,"Alaska Southeast Sport",44,"ALASKA S","US","pre-terminal"
"35","AK NW WIN2 TR",1,"AK W/S T","404368","ADFG",2021,"1M1NW113 41","1970-01-01",1,10,1106,NA,725,1,4,1,183992,"V",5009,1,7,1,2.76,2.76,3,"332778",FALSE,NA,FALSE,FALSE,"N",1,"PHI",NA,"AK NW WIN2 TR","ALASKA NW QUADRANT LATE WINTER TROLL",6,"Alaska Late Winter North Outside Troll",1,"AK W/S T","US","pre-terminal"
"36","AK NW WIN2 TR",1,"AK W/S T","404437","ADFG",2021,"1M1NW113 41","1970-01-01",1,10,1106,NA,770,1,4,1,184765,"V",5009,1,7,1,2.76,2.76,3,"332778",FALSE,NA,FALSE,FALSE,"N",1,"PHI",NA,"AK NW WIN2 TR","ALASKA NW QUADRANT LATE WINTER TROLL",6,"Alaska Late Winter North Outside Troll",1,"AK W/S T","US","pre-terminal"
"37","AK NW SPR TR",1,"AK W/S T","404777","ADFG",2021,"1M1NW113 41","1970-01-01",1,11,1110,NA,760,1,4,1,183992,"V",5009,1,7,2,1.39,1.39,5,"335464",FALSE,NA,FALSE,FALSE,"N",1,"PHI",NA,"AK NW SPR TR","ALASKA NW QUADRANT SPRING TROLL",10,"Alaska Spring North Outside Troll",1,"AK W/S T","US","pre-terminal"
"38","AK NW JUNE TR",2,"AK JNO T","404880","ADFG",2021,"1M1NW113 33","1970-01-01",1,16,1114,NA,760,1,4,1,184765,"V",5009,1,7,24,1.17,1.17,4,"334984",FALSE,NA,FALSE,FALSE,"N",1,"PHI",NA,"AK NW JUNE TR","ALASKA NW QUADRANT JUNE TROLL",14,"Alaska June North Outside Troll",2,"AK JNO T","US","pre-terminal"
"39","AK NW JULY TR",4,"AK JLO T","405170","ADFG",2021,"1M1NW113 31","1970-01-01",1,10,1118,NA,615,1,4,1,184765,"V",5009,1,7,4,4.63,4.63,3,"332782",FALSE,NA,FALSE,FALSE,"N",1,"PHI",NA,"AK NW JULY TR","ALASKA NW QUADRANT JULY TROLL",18,"Alaska July North Outside Troll",4,"AK JLO T","US","pre-terminal"
"40","AK SA13",17,"ALASKA N","405287","ADFG",2021,"1M1NW113 38","1970-01-01",1,26,2130,NA,755,1,4,1,183992,"V",5009,1,7,25,1.27,1.27,4,"334911",FALSE,NA,FALSE,FALSE,"N",1,"PHI",NA,"AK SA13","AK SEINE AREA 13 (DISTRICT 113)",70,"Alaska District 113 Seine",17,"ALASKA N","US","pre-terminal"
"41","AK SE FALL TR",6,"AK FALL T","406766","ADFG",2021,"1M1SE102 20","1970-01-01",1,10,1123,NA,680,1,4,1,184765,"V",5009,1,7,5,1.54,1.54,3,"332787",FALSE,NA,FALSE,FALSE,"N",1,"PHI",NA,"AK SE FALL TR","ALASKA SE QUADRANT FALL TROLL",23,"Alaska Fall South Inside Troll",6,"AK FALL T","US","pre-terminal"
"42","AK SE FALL TR",6,"AK FALL T","406772","ADFG",2021,"1M1SE102 50","1970-01-01",1,10,1123,NA,650,1,4,1,184765,"V",5009,1,7,5,1.54,1.54,3,"332787",FALSE,NA,FALSE,FALSE,"N",1,"PHI",NA,"AK SE FALL TR","ALASKA SE QUADRANT FALL TROLL",23,"Alaska Fall South Inside Troll",6,"AK FALL T","US","pre-terminal"
"43","AK 101 GN",17,"ALASKA N","407280","ADFG",2021,"1M1SE101 11","1970-01-01",1,20,2101,NA,450,1,3,1,180595,"V",5009,1,7,28,2.13,2.13789306511382,4,"332593",FALSE,NA,FALSE,FALSE,"N",1.00370566437268,"PHI",NA,"AK 101 GN","AK DISTRICT 101 GILLNET",55,"Alaska District 101 And 102 Gillnet",17,"ALASKA N","US","pre-terminal"
"44","AK SASI SN",17,"ALASKA N","407599","ADFG",2021,"1M1SESASI","1970-01-01",1,25,2124,NA,455,1,3,1,185195,"V",5009,1,7,5,1.73,1.73,4,"332812",FALSE,NA,FALSE,FALSE,"N",1,"PHI",NA,"AK SASI SN","ALASKA SEINE AREA SOUTH INSIDE (DISTRICT 101 & 102)",64,"Alaska District 101 & 102 Seine",17,"ALASKA N","US","pre-terminal"
"45","AK NW JULY TR",4,"AK JLO T","410514","ADFG",2021,"1M1NW","1970-01-01",1,10,1118,NA,830,1,5,1,184595,"V",5009,1,7,4,4.63,4.63,3,"332782",FALSE,NA,FALSE,FALSE,"N",1,"PHI",NA,"AK NW JULY TR","ALASKA NW QUADRANT JULY TROLL",18,"Alaska July North Outside Troll",4,"AK JLO T","US","pre-terminal"
"46","AK NW WIN2 TR",1,"AK W/S T","411607","ADFG",2022,"1M1NW113 41","1970-01-01",1,10,1106,NA,650,1,5,1,184765,"V",5009,1,7,1,2.12,2.12,3,"328924",FALSE,NA,FALSE,FALSE,"N",1,"PHI",NA,"AK NW WIN2 TR","ALASKA NW QUADRANT LATE WINTER TROLL",6,"Alaska Late Winter North Outside Troll",1,"AK W/S T","US","pre-terminal"
"47","AK SW JULY TR",4,"AK JLO T","414201","ADFG",2021,"1M1SW103 40","1970-01-01",1,10,1117,NA,680,1,3,1,184280,"V",5009,1,7,4,2.69,2.69,3,"332784",FALSE,NA,FALSE,FALSE,"N",1,"PHI",NA,"AK SW JULY TR","ALASKA SW QUADRANT JULY TROLL",17,"Alaska July South Outside Troll",4,"AK JLO T","US","pre-terminal"
"48","AK SE SPR TR",1,"AK W/S T","414220","ADFG",2015,"1M1SE105 41","1970-01-01",1,11,1111,NA,630,1,4,1,181373,"V",5009,1,7,2,1.09,1.09,5,"180146",FALSE,NA,FALSE,FALSE,"N",1,"PHI",NA,"AK SE SPR TR","ALASKA SE QUADRANT SPRING TROLL",11,"Alaska Spring South Inside Troll",1,"AK W/S T","US","pre-terminal"
"49","AK SE SPR TR",1,"AK W/S T","414246","ADFG",2015,"1M1SE102 50","1970-01-01",1,11,1111,NA,635,1,3,1,182085,"V",5009,1,7,2,1.43,1.43,5,"180144",FALSE,NA,FALSE,FALSE,"N",1,"PHI",NA,"AK SE SPR TR","ALASKA SE QUADRANT SPRING TROLL",11,"Alaska Spring South Inside Troll",1,"AK W/S T","US","pre-terminal"
"50","AK SE SPR TR",1,"AK W/S T","414297","ADFG",2015,"1M1SE101 29","1970-01-01",1,11,1111,NA,715,1,4,1,181373,"V",5009,1,7,2,1.61,1.61,5,"180140",FALSE,NA,FALSE,FALSE,"N",1,"PHI",NA,"AK SE SPR TR","ALASKA SE QUADRANT SPRING TROLL",11,"Alaska Spring South Inside Troll",1,"AK W/S T","US","pre-terminal"
"51","AK NW WIN1 TR",1,"AK W/S T","416889","ADFG",2021,"1M1NW113","1970-01-01",1,10,1102,NA,745,1,5,1,183992,"V",5009,1,7,6,2.24,2.24,3,"332790",FALSE,NA,FALSE,FALSE,"N",1,"PHI",NA,"AK NW WIN1 TR","ALASKA NW QUADRANT EARLY WINTER TROLL",2,"Alaska Early Winter North Outside Troll",1,"AK W/S T","US","pre-terminal"
"52","AK NW WIN1 TR",1,"AK W/S T","417199","ADFG",2021,"1M1NW113 41","1970-01-01",1,10,1102,NA,705,1,4,1,185195,"V",5009,1,7,6,2.24,2.24,3,"332790",FALSE,NA,FALSE,FALSE,"N",1,"PHI",NA,"AK NW WIN1 TR","ALASKA NW QUADRANT EARLY WINTER TROLL",2,"Alaska Early Winter North Outside Troll",1,"AK W/S T","US","pre-terminal"
"53","AK NW WIN1 TR",1,"AK W/S T","417206","ADFG",2021,"1M1NW113 41","1970-01-01",1,10,1102,NA,650,1,4,1,185195,"V",5009,1,7,6,2.24,2.24,3,"332790",FALSE,NA,FALSE,FALSE,"N",1,"PHI",NA,"AK NW WIN1 TR","ALASKA NW QUADRANT EARLY WINTER TROLL",2,"Alaska Early Winter North Outside Troll",1,"AK W/S T","US","pre-terminal"
"54","AK NW WIN1 TR",1,"AK W/S T","417254","ADFG",2021,"1M1NW113 41","1970-01-01",1,10,1102,NA,740,1,5,1,184765,"V",5009,1,7,6,2.24,2.24,3,"332790",FALSE,NA,FALSE,FALSE,"N",1,"PHI",NA,"AK NW WIN1 TR","ALASKA NW QUADRANT EARLY WINTER TROLL",2,"Alaska Early Winter North Outside Troll",1,"AK W/S T","US","pre-terminal"
"55","AK NW WIN1 TR",1,"AK W/S T","417589","ADFG",2021,"1M1NW113 41","1970-01-01",1,10,1102,NA,660,1,4,1,185195,"V",5009,1,7,6,2.24,2.24,3,"332790",FALSE,NA,FALSE,FALSE,"N",1,"PHI",NA,"AK NW WIN1 TR","ALASKA NW QUADRANT EARLY WINTER TROLL",2,"Alaska Early Winter North Outside Troll",1,"AK W/S T","US","pre-terminal"
"56","AK NW WIN1 TR",1,"AK W/S T","417590","ADFG",2021,"1M1NW113 41","1970-01-01",1,10,1102,NA,640,1,4,1,184280,"V",5009,1,7,6,2.24,2.24,3,"332790",FALSE,NA,FALSE,FALSE,"N",1,"PHI",NA,"AK NW WIN1 TR","ALASKA NW QUADRANT EARLY WINTER TROLL",2,"Alaska Early Winter North Outside Troll",1,"AK W/S T","US","pre-terminal"
"57","AK NE WIN1 TR",1,"AK W/S T","418856","ADFG",2021,"1M1NE109 61","1970-01-01",1,10,1104,NA,650,1,4,1,185195,"V",5009,1,7,6,1.91,1.91,3,"332789",FALSE,NA,FALSE,FALSE,"N",1,"PHI",NA,"AK NE WIN1 TR","ALASKA NE QUADRANT EARLY WINTER TROLL",4,"Alaska Early Winter North Inside Troll",1,"AK W/S T","US","pre-terminal"
"58","AK SE WIN1 TR",1,"AK W/S T","418860","ADFG",2021,"1M1SE105 50","1970-01-01",1,10,1103,NA,640,1,4,1,185195,"V",5009,1,7,6,2.16,2.16,3,"332791",FALSE,NA,FALSE,FALSE,"N",1,"PHI",NA,"AK SE WIN1 TR","ALASKA SE QUADRANT EARLY WINTER TROLL",3,"Alaska Early Winter South Inside Troll",1,"AK W/S T","US","pre-terminal"
"59","AK SW WIN1 TR",1,"AK W/S T","418861","ADFG",2021,"1M1SW103 60","1970-01-01",1,10,1101,NA,630,1,4,1,185195,"V",5009,1,7,6,1.19,1.19,3,"332792",FALSE,NA,FALSE,FALSE,"N",1,"PHI",NA,"AK SW WIN1 TR","ALASKA SW QUADRANT EARLY WINTER TROLL",1,"Alaska Early Winter South Outside Troll",1,"AK W/S T","US","pre-terminal"
"60","AK NE WIN2 TR",1,"AK W/S T","418879","ADFG",2022,"1M1NE109 61","1970-01-01",1,10,1108,NA,640,1,4,1,184280,"V",5009,1,7,1,1.74,1.74,3,"328923",FALSE,NA,FALSE,FALSE,"N",1,"PHI",NA,"AK NE WIN2 TR","ALASKA NE QUADRANT LATE WINTER TROLL",8,"Alaska Late Winter North Inside Troll",1,"AK W/S T","US","pre-terminal"
"61","AK SW WIN2 TR",1,"AK W/S T","418895","ADFG",2022,"1M1SW103 90","1970-01-01",1,10,1105,NA,725,1,5,1,183992,"V",5009,1,7,1,1.41,1.41,3,"328926",FALSE,NA,FALSE,FALSE,"N",1,"PHI",NA,"AK SW WIN2 TR","ALASKA SW QUADRANT LATE WINTER TROLL",5,"Alaska Late Winter South Outside Troll",1,"AK W/S T","US","pre-terminal"
"62","AK CI TTR",7,"TAK TERM T","420106","ADFG",2022,"1M1SE101 46","1970-01-01",1,11,1140,NA,655,1,4,1,185195,"V",5009,1,7,3,1.57,1.57,5,"331499",FALSE,NA,FALSE,FALSE,"N",1,"PHI",NA,"AK CI TTR","CARROLL INLET TERMINAL TROLL",26,"Alaska Terminal Troll",7,"TAK TERM T","US","terminal"
"63","AK SE WIN2 TR",1,"AK W/S T","420302","ADFG",2022,"1M1SE101 41","1970-01-01",1,10,1107,NA,665,1,4,1,185195,"V",5009,1,7,1,1.43,1.43,3,"328925",FALSE,NA,FALSE,FALSE,"N",1,"PHI",NA,"AK SE WIN2 TR","ALASKA SE QUADRANT LATE WINTER TROLL",7,"Alaska Late Winter South Inside Troll",1,"AK W/S T","US","pre-terminal"
"64","AK SE JUNE TR",3,"AK JNI T","420719","ADFG",2013,"1M1SE107 35","1970-01-01",1,16,1115,NA,775,1,4,1,180679,"V",5009,1,7,23,1.56,1.56,4,"188054",FALSE,NA,FALSE,FALSE,"N",1,"PHI",NA,"AK SE JUNE TR","ALASKA SE QUADRANT JUNE TROLL",15,"Alaska June South Inside Troll",3,"AK JNI T","US","pre-terminal"
"65","AK SW WIN2 TR",1,"AK W/S T","420824","ADFG",2022,"1M1SW103 90","1970-01-01",1,10,1105,NA,650,1,4,1,185195,"V",5009,1,7,1,1.41,1.41,3,"328926",FALSE,NA,FALSE,FALSE,"N",1,"PHI",NA,"AK SW WIN2 TR","ALASKA SW QUADRANT LATE WINTER TROLL",5,"Alaska Late Winter South Outside Troll",1,"AK W/S T","US","pre-terminal"
"66","AK SW WIN2 TR",1,"AK W/S T","420825","ADFG",2022,"1M1SW103 90","1970-01-01",1,10,1105,NA,725,1,5,1,184765,"V",5009,1,7,1,1.41,1.41,3,"328926",FALSE,NA,FALSE,FALSE,"N",1,"PHI",NA,"AK SW WIN2 TR","ALASKA SW QUADRANT LATE WINTER TROLL",5,"Alaska Late Winter South Outside Troll",1,"AK W/S T","US","pre-terminal"
"67","AK SW WIN2 TR",1,"AK W/S T","420836","ADFG",2022,"1M1SW103 90","1970-01-01",1,10,1105,NA,660,1,4,1,185195,"V",5009,1,7,1,1.41,1.41,3,"328926",FALSE,NA,FALSE,FALSE,"N",1,"PHI",NA,"AK SW WIN2 TR","ALASKA SW QUADRANT LATE WINTER TROLL",5,"Alaska Late Winter South Outside Troll",1,"AK W/S T","US","pre-terminal"
"68","AK SE WIN2 TR",1,"AK W/S T","420863","ADFG",2022,"1M1SE105 41","1970-01-01",1,10,1107,NA,750,1,5,1,184765,"V",5009,1,7,1,1.43,1.43,3,"328925",FALSE,NA,FALSE,FALSE,"N",1,"PHI",NA,"AK SE WIN2 TR","ALASKA SE QUADRANT LATE WINTER TROLL",7,"Alaska Late Winter South Inside Troll",1,"AK W/S T","US","pre-terminal"
"69","AK SE WIN2 TR",1,"AK W/S T","420864","ADFG",2022,"1M1SE105 10","1970-01-01",1,10,1107,NA,740,1,5,1,183992,"V",5009,1,7,1,1.43,1.43,3,"328925",FALSE,NA,FALSE,FALSE,"N",1,"PHI",NA,"AK SE WIN2 TR","ALASKA SE QUADRANT LATE WINTER TROLL",7,"Alaska Late Winter South Inside Troll",1,"AK W/S T","US","pre-terminal"
"70","AK SW SPR TR",1,"AK W/S T","420964","ADFG",2022,"1M1SW103 50","1970-01-01",1,11,1109,NA,715,1,4,1,185195,"V",5009,1,7,3,1.72,1.72,5,"331500",FALSE,NA,FALSE,FALSE,"N",1,"PHI",NA,"AK SW SPR TR","ALASKA SW QUADRANT SPRING TROLL",9,"Alaska Spring South Outside Troll",1,"AK W/S T","US","pre-terminal"
"71","AK SW JUNE TR",2,"AK JNO T","420975","ADFG",2022,"1M1SW103 50","1970-01-01",1,11,1113,NA,745,1,4,1,184280,"V",5009,1,7,3,1.72,1.72,5,"331500",FALSE,NA,FALSE,FALSE,"N",1,"PHI",NA,"AK SW JUNE TR","ALASKA SW QUADRANT JUNE TROLL",13,"Alaska June South Outside Troll",2,"AK JNO T","US","pre-terminal"
"72","AK SE WIN1 TR",1,"AK W/S T","421099","ADFG",2021,"1M1SE","1970-01-01",1,10,1103,NA,620,1,4,1,185195,"V",5009,1,7,6,2.16,2.16,3,"332791",FALSE,NA,FALSE,FALSE,"N",1,"PHI",NA,"AK SE WIN1 TR","ALASKA SE QUADRANT EARLY WINTER TROLL",3,"Alaska Early Winter South Inside Troll",1,"AK W/S T","US","pre-terminal"
"73","AK SE FALL TR",6,"AK FALL T","421426","ADFG",2021,"1M1SE102 70","1970-01-01",1,10,1123,NA,680,1,3,1,185195,"V",5009,1,7,5,1.54,1.54,3,"332787",FALSE,NA,FALSE,FALSE,"N",1,"PHI",NA,"AK SE FALL TR","ALASKA SE QUADRANT FALL TROLL",23,"Alaska Fall South Inside Troll",6,"AK FALL T","US","pre-terminal"
"74","AK SE FALL TR",6,"AK FALL T","421432","ADFG",2021,"1M1SE101 29","1970-01-01",1,10,1123,NA,640,1,3,1,184280,"V",5009,1,7,5,1.54,1.54,3,"332787",FALSE,NA,FALSE,FALSE,"N",1,"PHI",NA,"AK SE FALL TR","ALASKA SE QUADRANT FALL TROLL",23,"Alaska Fall South Inside Troll",6,"AK FALL T","US","pre-terminal"
"75","AK SE FALL TR",6,"AK FALL T","421443","ADFG",2021,"1M1SE101 21","1970-01-01",1,10,1123,NA,640,1,4,1,184765,"V",5009,1,7,5,1.54,1.54,3,"332787",FALSE,NA,FALSE,FALSE,"N",1,"PHI",NA,"AK SE FALL TR","ALASKA SE QUADRANT FALL TROLL",23,"Alaska Fall South Inside Troll",6,"AK FALL T","US","pre-terminal"
"76","AK SW WIN2 TR",1,"AK W/S T","421548","ADFG",2022,"1M1SW103 50","1970-01-01",1,10,1105,NA,710,1,5,1,184765,"V",5009,1,7,1,1.41,1.41,3,"328926",FALSE,NA,FALSE,FALSE,"N",1,"PHI",NA,"AK SW WIN2 TR","ALASKA SW QUADRANT LATE WINTER TROLL",5,"Alaska Late Winter South Outside Troll",1,"AK W/S T","US","pre-terminal"
"77","AK SACO SN",17,"ALASKA N","421559","ADFG",2013,"1M1NESACO","1970-01-01",1,25,2127,NA,370,1,2,1,181372,"V",5009,1,7,3,0.56,1.003663003663,4,"185690",FALSE,NA,FALSE,FALSE,"N",1.003663003663,"PHI",NA,"AK SACO SN","ALASKA SEINE AREA CENTRAL OUTSIDE (DISTRICT 109 & 110)",67,"Alaska District 109 & 110 Seine",17,"ALASKA N","US","pre-terminal"
"78","AK SW SPR TR",1,"AK W/S T","421591","ADFG",2022,"1M1SW103 50","1970-01-01",1,10,1109,NA,680,1,4,1,185195,"V",5009,1,7,1,1.41,1.41,3,"328926",FALSE,NA,FALSE,FALSE,"N",1,"PHI",NA,"AK SW SPR TR","ALASKA SW QUADRANT SPRING TROLL",9,"Alaska Spring South Outside Troll",1,"AK W/S T","US","pre-terminal"
"79","AK SACO SN",17,"ALASKA N","421630","ADFG",2013,"1M1NESACO","1970-01-01",1,25,2127,NA,335,1,2,1,181372,"V",5009,1,7,2,0.46,1.003663003663,4,"185683",FALSE,NA,FALSE,FALSE,"N",1.003663003663,"PHI",NA,"AK SACO SN","ALASKA SEINE AREA CENTRAL OUTSIDE (DISTRICT 109 & 110)",67,"Alaska District 109 & 110 Seine",17,"ALASKA N","US","pre-terminal"
"80","AK SASI SN",17,"ALASKA N","421649","ADFG",2021,"1M1SESASI","1970-01-01",1,25,2124,NA,440,1,2,1,186481,"V",5009,1,7,5,1.73,1.73,4,"332812",FALSE,NA,FALSE,FALSE,"N",1,"PHI",NA,"AK SASI SN","ALASKA SEINE AREA SOUTH INSIDE (DISTRICT 101 & 102)",64,"Alaska District 101 & 102 Seine",17,"ALASKA N","US","pre-terminal"
"81","AK SACO SN",17,"ALASKA N","421681","ADFG",2013,"1M1NESACO","1970-01-01",1,25,2127,NA,425,1,3,1,181878,"V",5009,1,7,3,0.56,1.003663003663,4,"185690",FALSE,NA,FALSE,FALSE,"N",1.003663003663,"PHI",NA,"AK SACO SN","ALASKA SEINE AREA CENTRAL OUTSIDE (DISTRICT 109 & 110)",67,"Alaska District 109 & 110 Seine",17,"ALASKA N","US","pre-terminal"
"82","AK SW SPR TR",1,"AK W/S T","421720","ADFG",2022,"1M1SW103 50","1970-01-01",1,11,1109,NA,640,1,4,1,185195,"V",5009,1,7,2,1.04,1.04,5,"331492",FALSE,NA,FALSE,FALSE,"N",1,"PHI",NA,"AK SW SPR TR","ALASKA SW QUADRANT SPRING TROLL",9,"Alaska Spring South Outside Troll",1,"AK W/S T","US","pre-terminal"
"83","AK SW JUNE TR",2,"AK JNO T","421748","ADFG",2022,"1M1SW103 50","1970-01-01",1,11,1113,NA,620,1,4,1,185195,"V",5009,1,7,3,1.72,1.72,5,"331500",FALSE,NA,FALSE,FALSE,"N",1,"PHI",NA,"AK SW JUNE TR","ALASKA SW QUADRANT JUNE TROLL",13,"Alaska June South Outside Troll",2,"AK JNO T","US","pre-terminal"
"84","AK SW JUNE TR",2,"AK JNO T","421821","ADFG",2023,"1M1SW103 50","1970-01-01",1,11,1113,NA,715,1,4,1,186481,"V",5009,1,7,3,1.26,1.26,5,"1043950",FALSE,NA,FALSE,FALSE,"N",1,"PHI",NA,"AK SW JUNE TR","ALASKA SW QUADRANT JUNE TROLL",13,"Alaska June South Outside Troll",2,"AK JNO T","US","pre-terminal"
"85","AK SE JULY TR",5,"AK JLI T","421865","ADFG",2023,"1M1SE105 50","1970-01-01",1,10,1119,NA,660,1,4,1,186480,"V",5009,1,7,4,1.61,1.61,3,"1041295",FALSE,NA,FALSE,FALSE,"N",1,"PHI",NA,"AK SE JULY TR","ALASKA SE QUADRANT JULY TROLL",19,"Alaska July South Inside Troll",5,"AK JLI T","US","pre-terminal"
"86","AK SW WIN2 TR",1,"AK W/S T","421909","ADFG",2023,"1M1SW104 50","1970-01-01",1,10,1105,NA,630,1,4,1,186480,"V",5009,1,7,1,1.17,1.17,3,"1041292",FALSE,NA,FALSE,FALSE,"N",1,"PHI",NA,"AK SW WIN2 TR","ALASKA SW QUADRANT LATE WINTER TROLL",5,"Alaska Late Winter South Outside Troll",1,"AK W/S T","US","pre-terminal"
"87","AK SW WIN2 TR",1,"AK W/S T","421910","ADFG",2023,"1M1SW104 50","1970-01-01",1,10,1105,NA,715,1,4,1,186481,"V",5009,1,7,1,1.17,1.17,3,"1041292",FALSE,NA,FALSE,FALSE,"N",1,"PHI",NA,"AK SW WIN2 TR","ALASKA SW QUADRANT LATE WINTER TROLL",5,"Alaska Late Winter South Outside Troll",1,"AK W/S T","US","pre-terminal"
"88","AK SW WIN2 TR",1,"AK W/S T","421972","ADFG",2023,"1M1SW103 90","1970-01-01",1,10,1105,NA,680,1,4,1,186480,"V",5009,1,7,1,1.17,1.17,3,"1041292",FALSE,NA,FALSE,FALSE,"N",1,"PHI",NA,"AK SW WIN2 TR","ALASKA SW QUADRANT LATE WINTER TROLL",5,"Alaska Late Winter South Outside Troll",1,"AK W/S T","US","pre-terminal"
"89","AK SW SPR TR",1,"AK W/S T","421977","ADFG",2023,"1M1SW103 63","1970-01-01",1,11,1109,NA,695,1,4,1,186480,"V",5009,1,7,2,1.16,1.16,5,"1043939",FALSE,NA,FALSE,FALSE,"N",1,"PHI",NA,"AK SW SPR TR","ALASKA SW QUADRANT SPRING TROLL",9,"Alaska Spring South Outside Troll",1,"AK W/S T","US","pre-terminal"
"90","AK NW SP",44,"ALASKA S","423278","ADFG",2013,"1M1NW113 4103  MS","1970-01-01",1,40,3104,NA,640,1,4,1,180679,"V",5009,1,8,2,4.85,4.85,4,"189450",FALSE,NA,FALSE,FALSE,"N",1,"PHI",NA,"AK NW SP","ALASKA NW QUADRANT SPORT",124,"Alaska Southeast Sport",44,"ALASKA S","US","pre-terminal"
"91","AK SE JULY TR",5,"AK JLI T","423329","ADFG",2022,"1M1SE105 50","1970-01-01",1,10,1119,NA,690,1,4,1,184280,"V",5009,1,7,4,2.2,2.2,3,"328929",FALSE,NA,FALSE,FALSE,"N",1,"PHI",NA,"AK SE JULY TR","ALASKA SE QUADRANT JULY TROLL",19,"Alaska July South Inside Troll",5,"AK JLI T","US","pre-terminal"
"92","AK SW JULY TR",4,"AK JLO T","423486","ADFG",2022,"1M1SW103 90","1970-01-01",1,10,1117,NA,650,1,4,1,185195,"V",5009,1,7,4,1.94,1.94,3,"328930",FALSE,NA,FALSE,FALSE,"N",1,"PHI",NA,"AK SW JULY TR","ALASKA SW QUADRANT JULY TROLL",17,"Alaska July South Outside Troll",4,"AK JLO T","US","pre-terminal"
"93","AK 107 GN",17,"ALASKA N","424342","ADFG",2013,"1M1SE107 35","1970-01-01",1,22,2107,NA,710,1,4,1,180679,"V",5009,1,7,23,1.23,1.23,4,"188002",FALSE,NA,FALSE,FALSE,"N",1,"PHI",NA,"AK 107 GN","AK DISTRICT 107 GILLNET",59,"Alaska Southeast Other Gillnet",17,"ALASKA N","US","pre-terminal"
"94","AK SE SPR TR",1,"AK W/S T","425180","ADFG",2014,"1M1SE107 35","1970-01-01",1,16,1111,NA,695,1,4,1,181880,"V",5009,1,7,19,2.57,2.57,4,"183782",FALSE,NA,FALSE,FALSE,"N",1,"PHI",NA,"AK SE SPR TR","ALASKA SE QUADRANT SPRING TROLL",11,"Alaska Spring South Inside Troll",1,"AK W/S T","US","pre-terminal"
"95","AK SE SPR TR",1,"AK W/S T","425185","ADFG",2014,"1M1SE108 10","1970-01-01",1,11,1111,NA,630,1,4,1,181878,"V",5009,1,7,2,1.41,1.41,5,"184302",FALSE,NA,FALSE,FALSE,"N",1,"PHI",NA,"AK SE SPR TR","ALASKA SE QUADRANT SPRING TROLL",11,"Alaska Spring South Inside Troll",1,"AK W/S T","US","pre-terminal"
"96","AK SE SPR TR",1,"AK W/S T","425188","ADFG",2014,"1M1SE108 10","1970-01-01",1,11,1111,NA,630,1,4,1,181878,"V",5009,1,7,2,1.41,1.41,5,"184302",FALSE,NA,FALSE,FALSE,"N",1,"PHI",NA,"AK SE SPR TR","ALASKA SE QUADRANT SPRING TROLL",11,"Alaska Spring South Inside Troll",1,"AK W/S T","US","pre-terminal"
"97","AK SE SPR TR",1,"AK W/S T","425305","ADFG",2014,"1M1SE108 10","1970-01-01",1,11,1111,NA,720,1,4,1,181880,"V",5009,1,7,2,1.41,1.41,5,"184302",FALSE,NA,FALSE,FALSE,"N",1,"PHI",NA,"AK SE SPR TR","ALASKA SE QUADRANT SPRING TROLL",11,"Alaska Spring South Inside Troll",1,"AK W/S T","US","pre-terminal"
"98","AK SE SPR TR",1,"AK W/S T","425307","ADFG",2014,"1M1SE107 10","1970-01-01",1,11,1111,NA,720,1,4,1,181878,"V",5009,1,7,2,1.59,1.59,5,"184301",FALSE,NA,FALSE,FALSE,"N",1,"PHI",NA,"AK SE SPR TR","ALASKA SE QUADRANT SPRING TROLL",11,"Alaska Spring South Inside Troll",1,"AK W/S T","US","pre-terminal"
"99","AK SE SPR TR",1,"AK W/S T","425308","ADFG",2014,"1M1SE107 10","1970-01-01",1,11,1111,NA,860,1,5,1,180679,"V",5009,1,7,2,1.59,1.59,5,"184301",FALSE,NA,FALSE,FALSE,"N",1,"PHI",NA,"AK SE SPR TR","ALASKA SE QUADRANT SPRING TROLL",11,"Alaska Spring South Inside Troll",1,"AK W/S T","US","pre-terminal"
"100","AK 106 GN",17,"ALASKA N","425676","ADFG",2014,"1M1SE106 30","1970-01-01",1,20,2106,NA,595,1,3,1,181372,"V",5009,1,7,27,1.48,1.48322599821659,4,"181300",FALSE,NA,FALSE,FALSE,"N",1.00217972852472,"PHI",NA,"AK 106 GN","AK DISTRICT 106 GILLNET",58,"Alaska District 115 Gillnet",17,"ALASKA N","US","pre-terminal"
"101","AK NW WIN2 TR",1,"AK W/S T","426681","ADFG",2022,"1M1NW113 41","1970-01-01",1,10,1106,NA,645,1,4,1,185195,"V",5009,1,7,1,2.12,2.12,3,"328924",FALSE,NA,FALSE,FALSE,"N",1,"PHI",NA,"AK NW WIN2 TR","ALASKA NW QUADRANT LATE WINTER TROLL",6,"Alaska Late Winter North Outside Troll",1,"AK W/S T","US","pre-terminal"
"102","AK NW SPR TR",1,"AK W/S T","426741","ADFG",2022,"1M1NW113 41","1970-01-01",1,10,1110,NA,745,1,5,1,184765,"V",5009,1,7,1,2.12,2.12,3,"328924",FALSE,NA,FALSE,FALSE,"N",1,"PHI",NA,"AK NW SPR TR","ALASKA NW QUADRANT SPRING TROLL",10,"Alaska Spring North Outside Troll",1,"AK W/S T","US","pre-terminal"
"103","AK NW SPR TR",1,"AK W/S T","426785","ADFG",2022,"1M1NW113 62","1970-01-01",1,10,1110,NA,660,1,5,1,183992,"V",5009,1,7,1,2.12,2.12,3,"328924",FALSE,NA,FALSE,FALSE,"N",1,"PHI",NA,"AK NW SPR TR","ALASKA NW QUADRANT SPRING TROLL",10,"Alaska Spring North Outside Troll",1,"AK W/S T","US","pre-terminal"
"104","AK NW SPR TR",1,"AK W/S T","426830","ADFG",2022,"1M1NW113 41","1970-01-01",1,11,1110,NA,670,1,4,1,185195,"V",5009,1,7,2,1.66,1.66,5,"331495",FALSE,NA,FALSE,FALSE,"N",1,"PHI",NA,"AK NW SPR TR","ALASKA NW QUADRANT SPRING TROLL",10,"Alaska Spring North Outside Troll",1,"AK W/S T","US","pre-terminal"
"105","AK NW JUNE TR",2,"AK JNO T","426870","ADFG",2022,"1M1NW113 41","1970-01-01",1,11,1114,NA,665,1,4,1,185195,"V",5009,1,7,3,1.4,1.4,5,"331506",FALSE,NA,FALSE,FALSE,"N",1,"PHI",NA,"AK NW JUNE TR","ALASKA NW QUADRANT JUNE TROLL",14,"Alaska June North Outside Troll",2,"AK JNO T","US","pre-terminal"
"106","AK NW SPR TR",1,"AK W/S T","426908","ADFG",2022,"1M1NW113 41","1970-01-01",1,10,1110,NA,830,1,5,1,183992,"V",5009,1,7,1,2.12,2.12,3,"328924",FALSE,NA,FALSE,FALSE,"N",1,"PHI",NA,"AK NW SPR TR","ALASKA NW QUADRANT SPRING TROLL",10,"Alaska Spring North Outside Troll",1,"AK W/S T","US","pre-terminal"
"107","AK 101 GN",17,"ALASKA N","426969","ADFG",2013,"1M1SE101 11","1970-01-01",1,20,2101,NA,520,1,3,1,181880,"V",5009,1,7,26,1.34,1.348505859375,4,"185411",FALSE,NA,FALSE,FALSE,"N",1.00634765625,"PHI",NA,"AK 101 GN","AK DISTRICT 101 GILLNET",55,"Alaska District 101 And 102 Gillnet",17,"ALASKA N","US","pre-terminal"
"108","AK NW JULY TR",4,"AK JLO T","426986","ADFG",2022,"1M1NW113 41","1970-01-01",1,10,1118,NA,645,1,4,1,184280,"V",5009,1,7,4,4.08,4.08,3,"328928",FALSE,NA,FALSE,FALSE,"N",1,"PHI",NA,"AK NW JULY TR","ALASKA NW QUADRANT JULY TROLL",18,"Alaska July North Outside Troll",4,"AK JLO T","US","pre-terminal"
"109","AK NW JUNE TR",2,"AK JNO T","427439","ADFG",2022,"1M1NW113 33","1970-01-01",1,16,1114,NA,770,1,5,1,183992,"V",5009,1,7,26,1.08,1.08,4,"331069",FALSE,NA,FALSE,FALSE,"N",1,"PHI",NA,"AK NW JUNE TR","ALASKA NW QUADRANT JUNE TROLL",14,"Alaska June North Outside Troll",2,"AK JNO T","US","pre-terminal"
"110","AK NW JULY TR",4,"AK JLO T","427462","ADFG",2022,"1M1NW113 22","1970-01-01",1,10,1118,NA,625,1,4,1,184280,"V",5009,1,7,4,4.08,4.08,3,"328928",FALSE,NA,FALSE,FALSE,"N",1,"PHI",NA,"AK NW JULY TR","ALASKA NW QUADRANT JULY TROLL",18,"Alaska July North Outside Troll",4,"AK JLO T","US","pre-terminal"
"111","AK NW JUNE TR",2,"AK JNO T","428105","ADFG",2022,"1M1NW113 41","1970-01-01",1,11,1114,NA,775,1,4,1,185195,"V",5009,1,7,3,1.4,1.4,5,"331506",FALSE,NA,FALSE,FALSE,"N",1,"PHI",NA,"AK NW JUNE TR","ALASKA NW QUADRANT JUNE TROLL",14,"Alaska June North Outside Troll",2,"AK JNO T","US","pre-terminal"
"112","AK NW JUNE TR",2,"AK JNO T","428440","ADFG",2022,"1M1NW113 62","1970-01-01",1,11,1114,NA,630,1,4,1,185195,"V",5009,1,7,3,1.08,1.08,5,"331507",FALSE,NA,FALSE,FALSE,"N",1,"PHI",NA,"AK NW JUNE TR","ALASKA NW QUADRANT JUNE TROLL",14,"Alaska June North Outside Troll",2,"AK JNO T","US","pre-terminal"
"113","AK SW JULY TR",4,"AK JLO T","428668","ADFG",2013,"1M1SW103 11","1970-01-01",1,10,1117,NA,660,1,4,1,180679,"V",5009,1,7,4,2.39,2.39,3,"185665",FALSE,NA,FALSE,FALSE,"N",1,"PHI",NA,"AK SW JULY TR","ALASKA SW QUADRANT JULY TROLL",17,"Alaska July South Outside Troll",4,"AK JLO T","US","pre-terminal"
"114","AK NW ST",17,"ALASKA N","429101","ADFG",2022,"1M1NW183 10","1970-01-01",1,28,2123,NA,790,1,5,1,184765,"V",5009,1,7,25,69,69,4,"328823",FALSE,NA,FALSE,FALSE,"N",1,"PHI",NA,"AK NW ST","AK NW SETNET",63,"Alaska Southeast Set Gillnet",17,"ALASKA N","US","pre-terminal"
"115","AK SE JULY TR",5,"AK JLI T","430913","ADFG",2022,"1M1SE107 10","1970-01-01",1,10,1119,NA,810,1,4,1,184280,"V",5009,1,7,4,2.2,2.2,3,"328929",FALSE,NA,FALSE,FALSE,"N",1,"PHI",NA,"AK SE JULY TR","ALASKA SE QUADRANT JULY TROLL",19,"Alaska July South Inside Troll",5,"AK JLI T","US","pre-terminal"
"116","AK SASO SN",17,"ALASKA N","431368","ADFG",2022,"1M1SWSASO","1970-01-01",1,25,2125,NA,750,1,4,1,184280,"V",5009,1,7,4,9.82,9.88801130742049,4,"328553",FALSE,NA,FALSE,FALSE,"N",1.006925795053,"PHI",NA,"AK SASO SN","ALASKA SEINE AREA SOUTH OUTSIDE (DISTRICT 103 & 104)",65,"Alaska District 103 & 104 Seine",17,"ALASKA N","US","pre-terminal"
"117","AK SASI SN",17,"ALASKA N","431502","ADFG",2022,"1M1SESASI","1970-01-01",1,25,2124,NA,500,1,3,1,186480,"V",5009,1,7,4,2.01,2.03589692765114,4,"328949",FALSE,NA,FALSE,FALSE,"N",1.01288404360753,"PHI",NA,"AK SASI SN","ALASKA SEINE AREA SOUTH INSIDE (DISTRICT 101 & 102)",64,"Alaska District 101 & 102 Seine",17,"ALASKA N","US","pre-terminal"
"118","AK SE FALL TR",6,"AK FALL T","431554","ADFG",2022,"1M1SE102","1970-01-01",1,10,1123,NA,660,1,3,1,186480,"V",5009,1,7,5,2.49,2.49,3,"328933",FALSE,NA,FALSE,FALSE,"N",1,"PHI",NA,"AK SE FALL TR","ALASKA SE QUADRANT FALL TROLL",23,"Alaska Fall South Inside Troll",6,"AK FALL T","US","pre-terminal"
"119","AK 101 GN",17,"ALASKA N","431606","ADFG",2022,"1M1SE101 11","1970-01-01",1,20,2101,NA,525,1,3,1,186480,"V",5009,1,7,28,1.25,1.25199680511182,4,"328728",FALSE,NA,FALSE,FALSE,"N",1.00159744408946,"PHI",NA,"AK 101 GN","AK DISTRICT 101 GILLNET",55,"Alaska District 101 And 102 Gillnet",17,"ALASKA N","US","pre-terminal"
"120","AK 101 GN",17,"ALASKA N","431687","ADFG",2022,"1M1SE101 11","1970-01-01",1,20,2101,NA,575,1,3,1,186481,"V",5009,1,7,31,1.19,1.19190095846645,4,"328753",FALSE,NA,FALSE,FALSE,"N",1.00159744408946,"PHI",NA,"AK 101 GN","AK DISTRICT 101 GILLNET",55,"Alaska District 101 And 102 Gillnet",17,"ALASKA N","US","pre-terminal"
"121","AK 101 GN",17,"ALASKA N","431896","ADFG",2022,"1M1SE101 11","1970-01-01",1,20,2101,NA,560,1,3,1,186481,"V",5009,1,7,27,1.06,1.06169329073482,4,"328718",FALSE,NA,FALSE,FALSE,"N",1.00159744408946,"PHI",NA,"AK 101 GN","AK DISTRICT 101 GILLNET",55,"Alaska District 101 And 102 Gillnet",17,"ALASKA N","US","pre-terminal"
"122","AK SASO SN",17,"ALASKA N","431905","ADFG",2022,"1M1SWSASO","1970-01-01",1,25,2125,NA,630,1,4,1,185195,"V",5009,1,7,3,2.38,2.39648339222615,4,"328546",FALSE,NA,FALSE,FALSE,"N",1.006925795053,"PHI",NA,"AK SASO SN","ALASKA SEINE AREA SOUTH OUTSIDE (DISTRICT 103 & 104)",65,"Alaska District 103 & 104 Seine",17,"ALASKA N","US","pre-terminal"
"123","AK NE SP",44,"ALASKA S","432717","ADFG",2023,"1M1NE110 1205  MS","1970-01-01",1,40,3103,NA,675,1,4,1,186480,"V",5009,1,2,13,11.38,11.38,4,"1044735",FALSE,NA,FALSE,FALSE,"N",1,"PHI",NA,"AK NE SP","ALASKA NE QUADRANT SPORT",124,"Alaska Southeast Sport",44,"ALASKA S","US","pre-terminal"
"124","AK SE WIN1 TR",1,"AK W/S T","437206","ADFG",2022,"1M1SE108 60","1970-01-01",1,10,1103,NA,660,1,4,1,186480,"V",5009,1,7,6,1.99,1.99,3,"328937",FALSE,NA,FALSE,FALSE,"N",1,"PHI",NA,"AK SE WIN1 TR","ALASKA SE QUADRANT EARLY WINTER TROLL",3,"Alaska Early Winter South Inside Troll",1,"AK W/S T","US","pre-terminal"
"125","AK SE WIN1 TR",1,"AK W/S T","437214","ADFG",2022,"1M1SE106 43","1970-01-01",1,10,1103,NA,835,1,5,1,185195,"V",5009,1,7,6,1.99,1.99,3,"328937",FALSE,NA,FALSE,FALSE,"N",1,"PHI",NA,"AK SE WIN1 TR","ALASKA SE QUADRANT EARLY WINTER TROLL",3,"Alaska Early Winter South Inside Troll",1,"AK W/S T","US","pre-terminal"
"126","AK SE WIN1 TR",1,"AK W/S T","437217","ADFG",2022,"1M1SE106 43","1970-01-01",1,10,1103,NA,765,1,5,1,185195,"V",5009,1,7,6,1.99,1.99,3,"328937",FALSE,NA,FALSE,FALSE,"N",1,"PHI",NA,"AK SE WIN1 TR","ALASKA SE QUADRANT EARLY WINTER TROLL",3,"Alaska Early Winter South Inside Troll",1,"AK W/S T","US","pre-terminal"
"127","AK WN TTR",7,"TAK TERM T","437222","ADFG",2023,"1M1SE106 44","1970-01-01",1,10,1142,NA,830,1,5,1,185195,"V",5009,1,7,1,1.59,1.59,3,"1041291",FALSE,NA,FALSE,FALSE,"N",1,"PHI",NA,"AK WN TTR","WRANGELL NARROWS TERM. TROLL",26,"Alaska Terminal Troll",7,"TAK TERM T","US","terminal"
"128","AK SE WIN2 TR",1,"AK W/S T","437223","ADFG",2023,"1M1SE108 60","1970-01-01",1,10,1107,NA,665,1,4,1,186481,"V",5009,1,7,1,1.59,1.59,3,"1041291",FALSE,NA,FALSE,FALSE,"N",1,"PHI",NA,"AK SE WIN2 TR","ALASKA SE QUADRANT LATE WINTER TROLL",7,"Alaska Late Winter South Inside Troll",1,"AK W/S T","US","pre-terminal"
"129","AK SACI SN",17,"ALASKA N","437229","ADFG",2023,"1M1SE107 35","1970-01-01",1,26,2126,NA,850,1,5,1,185195,"V",5009,1,7,24,6.47,6.47,4,"1043411",FALSE,NA,FALSE,FALSE,"N",1,"PHI",NA,"AK SACI SN","ALASKA SEINE AREA CENTRAL INSIDE (DISTRICT 105, 106 & 107)",66,"Alaska District 105 106 & 107 Seine",17,"ALASKA N","US","pre-terminal"
"130","AK NW JULY TR",4,"AK JLO T","439421","ADFG",2022,"1M1NW113 21","1970-01-01",1,10,1118,NA,640,1,4,1,185195,"V",5009,1,7,4,4.08,4.08,3,"328928",FALSE,NA,FALSE,FALSE,"N",1,"PHI",NA,"AK NW JULY TR","ALASKA NW QUADRANT JULY TROLL",18,"Alaska July North Outside Troll",4,"AK JLO T","US","pre-terminal"
"131","AK NE JUNE TR",3,"AK JNI T","439831","ADFG",2013,"1M1NE109 62","1970-01-01",1,11,1116,NA,630,1,4,1,180679,"V",5009,1,7,3,1.34,1.34,5,"188647",FALSE,NA,FALSE,FALSE,"N",1,"PHI",NA,"AK NE JUNE TR","ALASKA NE QUADRANT JUNE TROLL",16,"Alaska June North Inside Troll",3,"AK JNI T","US","pre-terminal"
"132","AK NW WIN1 TR",1,"AK W/S T","441433","ADFG",2022,"1M1NW113 41","1970-01-01",1,10,1102,NA,700,1,5,1,184280,"V",5009,1,7,6,3.75,3.75,3,"328936",FALSE,NA,FALSE,FALSE,"N",1,"PHI",NA,"AK NW WIN1 TR","ALASKA NW QUADRANT EARLY WINTER TROLL",2,"Alaska Early Winter North Outside Troll",1,"AK W/S T","US","pre-terminal"
"133","AK NW FALL TR",6,"AK FALL T","442024","ADFG",2022,"1M1NW157","1970-01-01",1,10,1122,NA,660,1,4,1,185195,"V",5009,1,7,5,4.96,4.96,3,"328932",FALSE,NA,FALSE,FALSE,"N",1,"PHI",NA,"AK NW FALL TR","ALASKA NW QUADRANT FALL TROLL",22,"Alaska Fall North Outside Troll",6,"AK FALL T","US","pre-terminal"
"134","AK 106 GN",17,"ALASKA N","443521","ADFG",2013,"1M1SE106 30","1970-01-01",1,20,2106,NA,500,1,3,1,181878,"V",5009,1,7,34,1,1.00069177555726,4,"185489",FALSE,NA,FALSE,FALSE,"N",1.00069177555726,"PHI",NA,"AK 106 GN","AK DISTRICT 106 GILLNET",58,"Alaska District 115 Gillnet",17,"ALASKA N","US","pre-terminal"
"135","AK SACI SN",17,"ALASKA N","443522","ADFG",2013,"1M1SESACI","1970-01-01",1,25,2126,NA,350,1,2,1,181372,"V",5009,1,7,5,2.84,3.31847826086956,4,"185703",FALSE,NA,FALSE,FALSE,"N",1.16847826086957,"PHI",NA,"AK SACI SN","ALASKA SEINE AREA CENTRAL INSIDE (DISTRICT 105, 106 & 107)",66,"Alaska District 105 106 & 107 Seine",17,"ALASKA N","US","pre-terminal"
"136","AK NW SP",44,"ALASKA S","443906","ADFG",2022,"1M1NW113 4503  MS","1970-01-01",1,40,3104,NA,700,1,4,1,180595,"V",5009,1,2,14,7.82,7.82,4,"332279",FALSE,NA,FALSE,FALSE,"N",1,"PHI",NA,"AK NW SP","ALASKA NW QUADRANT SPORT",124,"Alaska Southeast Sport",44,"ALASKA S","US","pre-terminal"
"137","AK 106 GN",17,"ALASKA N","443981","ADFG",2013,"1M1SE106 30","1970-01-01",1,20,2106,NA,555,1,3,1,181878,"V",5009,1,7,37,3.33,3.33230361260569,4,"185505",FALSE,NA,FALSE,FALSE,"N",1.00069177555726,"PHI",NA,"AK 106 GN","AK DISTRICT 106 GILLNET",58,"Alaska District 115 Gillnet",17,"ALASKA N","US","pre-terminal"
"138","AK NW SPR TR",1,"AK W/S T","445909","ADFG",2023,"1M1NW113 30","1970-01-01",1,11,1110,NA,670,1,4,1,186481,"V",5009,1,7,2,3.32,3.32,5,"1043942",FALSE,NA,FALSE,FALSE,"N",1,"PHI",NA,"AK NW SPR TR","ALASKA NW QUADRANT SPRING TROLL",10,"Alaska Spring North Outside Troll",1,"AK W/S T","US","pre-terminal"
"139","AK NW JUNE TR",2,"AK JNO T","446185","ADFG",2023,"1M1NW113 41","1970-01-01",1,11,1114,NA,620,1,4,1,186481,"V",5009,1,7,3,1.83,1.83,5,"1043957",FALSE,NA,FALSE,FALSE,"N",1,"PHI",NA,"AK NW JUNE TR","ALASKA NW QUADRANT JUNE TROLL",14,"Alaska June North Outside Troll",2,"AK JNO T","US","pre-terminal"
"140","AK NW JUNE TR",2,"AK JNO T","446262","ADFG",2023,"1M1NW113 41","1970-01-01",1,11,1114,NA,620,1,4,1,186480,"V",5009,1,7,3,1.83,1.83,5,"1043957",FALSE,NA,FALSE,FALSE,"N",1,"PHI",NA,"AK NW JUNE TR","ALASKA NW QUADRANT JUNE TROLL",14,"Alaska June North Outside Troll",2,"AK JNO T","US","pre-terminal"
"141","AK NE JUNE TR",3,"AK JNI T","448474","ADFG",2013,"1M1NE109 62","1970-01-01",1,11,1116,NA,630,1,4,1,180679,"V",5009,1,7,3,1.34,1.34,5,"188647",FALSE,NA,FALSE,FALSE,"N",1,"PHI",NA,"AK NE JUNE TR","ALASKA NE QUADRANT JUNE TROLL",16,"Alaska June North Inside Troll",3,"AK JNI T","US","pre-terminal"
"142","AK 101 GN",17,"ALASKA N","448684","ADFG",2023,"1M1SE101 11","1970-01-01",1,20,2101,NA,715,1,4,1,186480,"V",5009,1,7,29,1.52,1.52646808510638,4,"1041138",FALSE,NA,FALSE,FALSE,"N",1.00425531914894,"PHI",NA,"AK 101 GN","AK DISTRICT 101 GILLNET",55,"Alaska District 101 And 102 Gillnet",17,"ALASKA N","US","pre-terminal"
"143","AK SE JUNE TR",3,"AK JNI T","448891","ADFG",2023,"1M1SE101 45","1970-01-01",1,11,1115,NA,670,1,4,1,186480,"V",5009,1,7,3,1.12,1.12,5,"1043948",FALSE,NA,FALSE,FALSE,"N",1,"PHI",NA,"AK SE JUNE TR","ALASKA SE QUADRANT JUNE TROLL",15,"Alaska June South Inside Troll",3,"AK JNI T","US","pre-terminal"
"144","AK SW JULY TR",4,"AK JLO T","449104","ADFG",2023,"1M1SW104 40","1970-01-01",1,10,1117,NA,630,1,4,1,186480,"V",5009,1,7,4,1.55,1.55,3,"1041296",FALSE,NA,FALSE,FALSE,"N",1,"PHI",NA,"AK SW JULY TR","ALASKA SW QUADRANT JULY TROLL",17,"Alaska July South Outside Troll",4,"AK JLO T","US","pre-terminal"
"145","AK SW JULY TR",4,"AK JLO T","449164","ADFG",2023,"1M1SW152","1970-01-01",1,10,1117,NA,690,1,4,1,186481,"V",5009,1,7,4,1.55,1.55,3,"1041296",FALSE,NA,FALSE,FALSE,"N",1,"PHI",NA,"AK SW JULY TR","ALASKA SW QUADRANT JULY TROLL",17,"Alaska July South Outside Troll",4,"AK JLO T","US","pre-terminal"
"146","AK SW SPR TR",1,"AK W/S T","451233","ADFG",2024,"1M1SW103 70","1970-01-01",1,11,1109,NA,770,1,5,1,186480,"V",5009,1,7,2,1.34,1.34,5,"1261172",FALSE,NA,FALSE,FALSE,"N",1,"PHI",NA,"AK SW SPR TR","ALASKA SW QUADRANT SPRING TROLL",9,"Alaska Spring South Outside Troll",1,"AK W/S T","US","pre-terminal"
"147","AK NW JULY TR",4,"AK JLO T","451735","ADFG",2024,"1M1NW","1970-01-01",1,10,1118,NA,840,1,5,1,186481,"V",5009,1,7,4,3.51,3.51,3,"1258855",FALSE,NA,FALSE,FALSE,"N",1,"PHI",NA,"AK NW JULY TR","ALASKA NW QUADRANT JULY TROLL",18,"Alaska July North Outside Troll",4,"AK JLO T","US","pre-terminal"
"148","AK NE SP",44,"ALASKA S","532236","ADFG",2013,"1M1NE110 1405  MS","1970-01-01",1,40,3103,NA,685,1,4,1,180679,"V",5009,1,8,2,12,12,4,"189452",FALSE,NA,FALSE,FALSE,"N",1,"PHI",NA,"AK NE SP","ALASKA NE QUADRANT SPORT",124,"Alaska Southeast Sport",44,"ALASKA S","US","pre-terminal"
"149","AK NW SP",44,"ALASKA S","544145","ADFG",2016,"1M1NW113 91GB  MS","1970-01-01",1,40,3104,NA,665,1,4,1,182876,"V",5009,1,8,1,4.97,4.97,4,"997952",FALSE,NA,FALSE,FALSE,"N",1,"PHI",NA,"AK NW SP","ALASKA NW QUADRANT SPORT",124,"Alaska Southeast Sport",44,"ALASKA S","US","pre-terminal"
"150","AK SE SP",44,"ALASKA S","545073","ADFG",2013,"1M1SE101 1006  MS","1970-01-01",1,40,3101,NA,NA,NA,4,1,180679,"V",5009,1,8,2,11.57,11.57,4,"189453",FALSE,NA,FALSE,FALSE,"N",1,"PHI",NA,"AK SE SP","ALASKA SE QUADRANT SPORT",124,"Alaska Southeast Sport",44,"ALASKA S","US","pre-terminal"
"151","AK SE SP",44,"ALASKA S","545081","ADFG",2013,"1M1SE101 4506  MS","1970-01-01",1,40,3101,NA,645,1,4,1,180679,"V",5009,1,8,2,11.57,11.57,4,"189453",FALSE,NA,FALSE,FALSE,"N",1,"PHI",NA,"AK SE SP","ALASKA SE QUADRANT SPORT",124,"Alaska Southeast Sport",44,"ALASKA S","US","pre-terminal"
"152","AK SE SP",44,"ALASKA S","545161","ADFG",2015,"1M1SE108 4105  DE","1970-01-01",1,40,3101,NA,740,1,4,1,181372,"V",5009,1,8,1,1.13,1.13,4,"181005",FALSE,NA,FALSE,FALSE,"N",1,"PHI",NA,"AK SE SP","ALASKA SE QUADRANT SPORT",124,"Alaska Southeast Sport",44,"ALASKA S","US","pre-terminal"
"153","AK NE SP",44,"ALASKA S","545163","ADFG",2015,"1M1NE110 1405  DE","1970-01-01",1,40,3103,NA,710,1,4,1,181372,"V",5009,1,8,1,1.13,1.13,4,"181005",FALSE,NA,FALSE,FALSE,"N",1,"PHI",NA,"AK NE SP","ALASKA NE QUADRANT SPORT",124,"Alaska Southeast Sport",44,"ALASKA S","US","pre-terminal"
"154","AK NE SP",44,"ALASKA S","545168","ADFG",2015,"1M1NE110 1205  DE","1970-01-01",1,40,3103,NA,675,1,4,1,181372,"V",5009,1,8,1,1.13,1.13,4,"181005",FALSE,NA,FALSE,FALSE,"N",1,"PHI",NA,"AK NE SP","ALASKA NE QUADRANT SPORT",124,"Alaska Southeast Sport",44,"ALASKA S","US","pre-terminal"
"155","AK NW SP",44,"ALASKA S","546600","ADFG",2014,"1M1NW113 91GB  MS","1970-01-01",1,40,3104,NA,735,1,4,1,181878,"V",5009,1,8,2,4.18,4.18,4,"185123",FALSE,NA,FALSE,FALSE,"N",1,"PHI",NA,"AK NW SP","ALASKA NW QUADRANT SPORT",124,"Alaska Southeast Sport",44,"ALASKA S","US","pre-terminal"
"156","AK SE SP",44,"ALASKA S","546903","ADFG",2014,"1M1SE108 4105  MS","1970-01-01",1,40,3101,NA,775,1,4,1,181880,"V",5009,1,8,1,6.93,6.93,4,"185115",FALSE,NA,FALSE,FALSE,"N",1,"PHI",NA,"AK SE SP","ALASKA SE QUADRANT SPORT",124,"Alaska Southeast Sport",44,"ALASKA S","US","pre-terminal"
"157","AK SE SP",44,"ALASKA S","546917","ADFG",2014,"1M1SE108 4105  DE","1970-01-01",1,40,3101,NA,720,1,4,1,181880,"V",5009,1,8,1,1.24,1.24,4,"185114",FALSE,NA,FALSE,FALSE,"N",1,"PHI",NA,"AK SE SP","ALASKA SE QUADRANT SPORT",124,"Alaska Southeast Sport",44,"ALASKA S","US","pre-terminal"
"158","AK SE SP",44,"ALASKA S","546980","ADFG",2017,"1M1SE107 4512  MS","1970-01-01",1,40,3101,NA,780,1,4,1,182786,"V",5009,1,8,1,6.03,6.03,4,"172408",FALSE,NA,FALSE,FALSE,"N",1,"PHI",NA,"AK SE SP","ALASKA SE QUADRANT SPORT",124,"Alaska Southeast Sport",44,"ALASKA S","US","pre-terminal"
"159","AK NW JULY TR",4,"AK JLO T","548354","ADFG",2014,"1M1NW183 10","1970-01-01",1,10,1118,NA,650,1,4,1,181878,"V",5009,1,7,4,5.24,5.24,3,"181535",FALSE,NA,FALSE,FALSE,"N",1,"PHI",NA,"AK NW JULY TR","ALASKA NW QUADRANT JULY TROLL",18,"Alaska July North Outside Troll",4,"AK JLO T","US","pre-terminal"
"160","AK SE SP",44,"ALASKA S","548452","ADFG",2015,"1M1SE101 9006  DE","1970-01-01",1,40,3101,NA,690,1,4,1,181372,"V",5009,1,8,1,2.78,2.78,4,"181007",FALSE,NA,FALSE,FALSE,"N",1,"PHI",NA,"AK SE SP","ALASKA SE QUADRANT SPORT",124,"Alaska Southeast Sport",44,"ALASKA S","US","pre-terminal"
"161","AK SE SP",44,"ALASKA S","550070","ADFG",2015,"1M1SE101 9006  MS","1970-01-01",1,40,3101,NA,790,1,4,1,181373,"V",5009,1,8,1,10.54,10.54,4,"181008",FALSE,NA,FALSE,FALSE,"N",1,"PHI",NA,"AK SE SP","ALASKA SE QUADRANT SPORT",124,"Alaska Southeast Sport",44,"ALASKA S","US","pre-terminal"
"162","AK NW JULY TR",4,"AK JLO T","550645","ADFG",2014,"1M1NW113 91","1970-01-01",1,10,1118,NA,840,1,5,1,180679,"V",5009,1,7,4,5.24,5.24,3,"181535",FALSE,NA,FALSE,FALSE,"N",1,"PHI",NA,"AK NW JULY TR","ALASKA NW QUADRANT JULY TROLL",18,"Alaska July North Outside Troll",4,"AK JLO T","US","pre-terminal"
"163","AK NW JULY TR",4,"AK JLO T","552080","ADFG",2014,"1M1NW113 91","1970-01-01",1,10,1118,NA,650,1,4,1,181880,"V",5009,1,7,4,5.24,5.24,3,"181535",FALSE,NA,FALSE,FALSE,"N",1,"PHI",NA,"AK NW JULY TR","ALASKA NW QUADRANT JULY TROLL",18,"Alaska July North Outside Troll",4,"AK JLO T","US","pre-terminal"
"164","AK NW SP",44,"ALASKA S","552978","ADFG",2023,"1M1NW113 91GB  MS","1970-01-01",1,40,3104,NA,750,1,4,1,186480,"V",5009,1,2,14,8.97,8.97,4,"1044740",FALSE,NA,FALSE,FALSE,"N",1,"PHI",NA,"AK NW SP","ALASKA NW QUADRANT SPORT",124,"Alaska Southeast Sport",44,"ALASKA S","US","pre-terminal"
"165","AK SE SP",44,"ALASKA S","554346","ADFG",2015,"1M1SE101 8506  MS","1970-01-01",1,40,3101,NA,620,1,3,1,182085,"V",5009,1,8,2,4.65,4.65,4,"181046",FALSE,NA,FALSE,FALSE,"N",1,"PHI",NA,"AK SE SP","ALASKA SE QUADRANT SPORT",124,"Alaska Southeast Sport",44,"ALASKA S","US","pre-terminal"
"166","AK SE SP",44,"ALASKA S","554464","ADFG",2017,"1M1        06  DE","1970-01-01",1,40,3101,NA,770,1,4,1,182965,"V",5009,1,8,1,3.22,3.22,4,"172405",FALSE,NA,FALSE,FALSE,"N",1,"PHI",NA,"AK SE SP","ALASKA SE QUADRANT SPORT",124,"Alaska Southeast Sport",44,"ALASKA S","US","pre-terminal"
"167","AK SE SP",44,"ALASKA S","554474","ADFG",2015,"1M1SE101 2106  MS","1970-01-01",1,40,3101,NA,685,1,4,1,181373,"V",5009,1,8,2,9.34,9.34,4,"181017",FALSE,NA,FALSE,FALSE,"N",1,"PHI",NA,"AK SE SP","ALASKA SE QUADRANT SPORT",124,"Alaska Southeast Sport",44,"ALASKA S","US","pre-terminal"
"168","AK NW SP",44,"ALASKA S","556360","ADFG",2015,"1M1NW113 91GB  MS","1970-01-01",1,40,3104,NA,655,1,4,1,181373,"V",5009,1,8,2,3.97,3.97,4,"181013",FALSE,NA,FALSE,FALSE,"N",1,"PHI",NA,"AK NW SP","ALASKA NW QUADRANT SPORT",124,"Alaska Southeast Sport",44,"ALASKA S","US","pre-terminal"
"169","AK SE SP",44,"ALASKA S","559252","ADFG",2016,"1M1SE101 4506  MS","1970-01-01",1,40,3101,NA,800,1,4,1,182084,"V",5009,1,8,1,10.24,10.24,4,"997959",FALSE,NA,FALSE,FALSE,"N",1,"PHI",NA,"AK SE SP","ALASKA SE QUADRANT SPORT",124,"Alaska Southeast Sport",44,"ALASKA S","US","pre-terminal"
"170","AK SE SP",44,"ALASKA S","559259","ADFG",2016,"1M1SE101 4506  DE","1970-01-01",1,40,3101,NA,745,1,4,1,182084,"V",5009,1,8,1,2.54,2.54,4,"997958",FALSE,NA,FALSE,FALSE,"N",1,"PHI",NA,"AK SE SP","ALASKA SE QUADRANT SPORT",124,"Alaska Southeast Sport",44,"ALASKA S","US","pre-terminal"
"171","AK SE SP",44,"ALASKA S","559262","ADFG",2016,"1M1SE101 9006  MS","1970-01-01",1,40,3101,NA,650,1,4,1,182876,"V",5009,1,8,2,4.51,4.51,4,"997968",FALSE,NA,FALSE,FALSE,"N",1,"PHI",NA,"AK SE SP","ALASKA SE QUADRANT SPORT",124,"Alaska Southeast Sport",44,"ALASKA S","US","pre-terminal"
"172","AK SE SP",44,"ALASKA S","559320","ADFG",2016,"1M1SE101 4506  MS","1970-01-01",1,40,3101,NA,505,1,3,1,182965,"V",5009,1,8,2,4.52,4.52,4,"997995",FALSE,NA,FALSE,FALSE,"N",1,"PHI",NA,"AK SE SP","ALASKA SE QUADRANT SPORT",124,"Alaska Southeast Sport",44,"ALASKA S","US","pre-terminal"
"173","AK SE SP",44,"ALASKA S","559371","ADFG",2017,"1M1SE101 2906  DE","1970-01-01",1,40,3101,NA,670,1,4,1,182786,"V",5009,1,8,1,3.22,3.22,4,"172405",FALSE,NA,FALSE,FALSE,"N",1,"PHI",NA,"AK SE SP","ALASKA SE QUADRANT SPORT",124,"Alaska Southeast Sport",44,"ALASKA S","US","pre-terminal"
"174","AK SE SP",44,"ALASKA S","559469","ADFG",2017,"1M1SE101 9006  MS","1970-01-01",1,40,3101,NA,635,1,4,1,182965,"V",5009,1,8,1,7.36,7.36,4,"172406",FALSE,NA,FALSE,FALSE,"N",1,"PHI",NA,"AK SE SP","ALASKA SE QUADRANT SPORT",124,"Alaska Southeast Sport",44,"ALASKA S","US","pre-terminal"
"175","AK SA12",17,"ALASKA N","559607","ADFG",2019,"1M1NESA12","1970-01-01",1,25,2129,NA,470,1,3,1,184595,"V",5009,1,7,1,0.08,1,4,"340402",FALSE,NA,FALSE,FALSE,"N",1,"PHI",NA,"AK SA12","AK SEINE AREA 12 (DISTRICT 112)",69,"Alaska District 112 Seine",17,"ALASKA N","US","pre-terminal"
"176","AK SE SP",44,"ALASKA S","561677","ADFG",2018,"1M1SE101 9006  MS","1970-01-01",1,40,3101,NA,620,1,3,1,184264,"V",5009,1,8,3,9.74,9.74,4,"352234",FALSE,NA,FALSE,FALSE,"N",1,"PHI",NA,"AK SE SP","ALASKA SE QUADRANT SPORT",124,"Alaska Southeast Sport",44,"ALASKA S","US","pre-terminal"
"177","AK SE SP",44,"ALASKA S","561772","ADFG",2018,"1M1SE101 2306  MS","1970-01-01",1,40,3101,NA,650,1,3,1,184264,"V",5009,1,8,2,11.04,11.04,4,"352226",FALSE,NA,FALSE,FALSE,"N",1,"PHI",NA,"AK SE SP","ALASKA SE QUADRANT SPORT",124,"Alaska Southeast Sport",44,"ALASKA S","US","pre-terminal"
"178","AK SE SP",44,"ALASKA S","562741","ADFG",2019,"1M1SE101 4506  MS","1970-01-01",1,40,3101,NA,700,1,4,1,184198,"V",5009,1,2,13,5.47,5.47,4,"344047",FALSE,NA,FALSE,FALSE,"N",1,"PHI",NA,"AK SE SP","ALASKA SE QUADRANT SPORT",124,"Alaska Southeast Sport",44,"ALASKA S","US","pre-terminal"
"179","AK SE SP",44,"ALASKA S","565057","ADFG",2021,"1M1SE102 1006  MS","1970-01-01",1,40,3101,NA,780,1,4,1,183992,"V",5009,1,2,13,7.36,7.36,4,"336215",FALSE,NA,FALSE,FALSE,"N",1,"PHI",NA,"AK SE SP","ALASKA SE QUADRANT SPORT",124,"Alaska Southeast Sport",44,"ALASKA S","US","pre-terminal"
"180","AK SE SP",44,"ALASKA S","565103","ADFG",2021,"1M1SE101 2906  MS","1970-01-01",1,40,3101,NA,800,1,4,1,183992,"V",5009,1,2,14,9.74,9.74,4,"336222",FALSE,NA,FALSE,FALSE,"N",1,"PHI",NA,"AK SE SP","ALASKA SE QUADRANT SPORT",124,"Alaska Southeast Sport",44,"ALASKA S","US","pre-terminal"
"181","AK NW WIN1 TR",1,"AK W/S T","574598","ADFG",2023,"1M1NW113 41","1970-01-01",1,10,1102,NA,690,1,5,1,186480,"V",5009,1,7,6,2.85,2.85,3,"1041302",FALSE,NA,FALSE,FALSE,"N",1,"PHI",NA,"AK NW WIN1 TR","ALASKA NW QUADRANT EARLY WINTER TROLL",2,"Alaska Early Winter North Outside Troll",1,"AK W/S T","US","pre-terminal"
"182","AK SW SP",44,"ALASKA S","575265","ADFG",2014,"1M1SW103 6007  MS","1970-01-01",1,40,3102,NA,840,1,5,1,180679,"V",5009,1,8,1,3.46,3.46,4,"185118",FALSE,NA,FALSE,FALSE,"N",1,"PHI",NA,"AK SW SP","ALASKA SW QUADRANT SPORT",124,"Alaska Southeast Sport",44,"ALASKA S","US","pre-terminal"
"183","AK NE WIN1 TR",1,"AK W/S T","576090","ADFG",2023,"1M1NE109 42","1970-01-01",1,10,1104,NA,680,1,5,1,186481,"V",5009,1,7,6,2.06,2.06,3,"1041301",FALSE,NA,FALSE,FALSE,"N",1,"PHI",NA,"AK NE WIN1 TR","ALASKA NE QUADRANT EARLY WINTER TROLL",4,"Alaska Early Winter North Inside Troll",1,"AK W/S T","US","pre-terminal"
"184","AK NW JULY TR",4,"AK JLO T","600065","ADFG",2013,"1M1NW","1970-01-01",1,10,1118,NA,650,1,4,1,180679,"V",5009,1,7,4,3.27,3.27,3,"185663",FALSE,NA,FALSE,FALSE,"N",1,"PHI",NA,"AK NW JULY TR","ALASKA NW QUADRANT JULY TROLL",18,"Alaska July North Outside Troll",4,"AK JLO T","US","pre-terminal"
"185","AK NW JULY TR",4,"AK JLO T","601263","ADFG",2013,"1M1NW113 41","1970-01-01",1,10,1118,NA,650,1,4,1,180679,"V",5009,1,7,4,3.27,3.27,3,"185663",FALSE,NA,FALSE,FALSE,"N",1,"PHI",NA,"AK NW JULY TR","ALASKA NW QUADRANT JULY TROLL",18,"Alaska July North Outside Troll",4,"AK JLO T","US","pre-terminal"
"186","AK NW JULY TR",4,"AK JLO T","603257","ADFG",2013,"1M1NW113 21","1970-01-01",1,10,1118,NA,650,1,4,1,180679,"V",5009,1,7,4,3.27,3.27,3,"185663",FALSE,NA,FALSE,FALSE,"N",1,"PHI",NA,"AK NW JULY TR","ALASKA NW QUADRANT JULY TROLL",18,"Alaska July North Outside Troll",4,"AK JLO T","US","pre-terminal"
"187","AK NW WIN1 TR",1,"AK W/S T","603835","ADFG",2013,"1M1NW113 41","1970-01-01",1,10,1102,NA,625,1,5,1,180679,"V",5009,1,7,6,3.85,3.85,3,"185667",FALSE,NA,FALSE,FALSE,"N",1,"PHI",NA,"AK NW WIN1 TR","ALASKA NW QUADRANT EARLY WINTER TROLL",2,"Alaska Early Winter North Outside Troll",1,"AK W/S T","US","pre-terminal"
"188","AK NW WIN1 TR",1,"AK W/S T","603910","ADFG",2013,"1M1NW113 41","1970-01-01",1,10,1102,NA,680,1,5,1,180679,"V",5009,1,7,6,3.85,3.85,3,"185667",FALSE,NA,FALSE,FALSE,"N",1,"PHI",NA,"AK NW WIN1 TR","ALASKA NW QUADRANT EARLY WINTER TROLL",2,"Alaska Early Winter North Outside Troll",1,"AK W/S T","US","pre-terminal"
"189","AK NW JULY TR",4,"AK JLO T","607445","ADFG",2014,"1M1NW","1970-01-01",1,10,1118,NA,650,1,4,1,181878,"V",5009,1,7,4,5.24,5.24,3,"181535",FALSE,NA,FALSE,FALSE,"N",1,"PHI",NA,"AK NW JULY TR","ALASKA NW QUADRANT JULY TROLL",18,"Alaska July North Outside Troll",4,"AK JLO T","US","pre-terminal"
"190","AK SACO SN",17,"ALASKA N","608548","ADFG",2013,"1M1NESACO","1970-01-01",1,25,2127,NA,340,1,2,1,181372,"V",5009,1,7,3,0.56,1.003663003663,4,"185690",FALSE,NA,FALSE,FALSE,"N",1.003663003663,"PHI",NA,"AK SACO SN","ALASKA SEINE AREA CENTRAL OUTSIDE (DISTRICT 109 & 110)",67,"Alaska District 109 & 110 Seine",17,"ALASKA N","US","pre-terminal"
"191","AK 108 GN",17,"ALASKA N","608648","ADFG",2013,"1M1SE108","1970-01-01",1,20,2108,NA,515,1,3,1,181880,"V",5009,1,7,32,3.5,3.50242121445042,4,"185476",FALSE,NA,FALSE,FALSE,"N",1.00069177555726,"PHI",NA,"AK 108 GN","AK DISTRICT 108 GILLNET",59,"Alaska Southeast Other Gillnet",17,"ALASKA N","US","pre-terminal"
"192","AK NE SPR TR",1,"AK W/S T","609271","ADFG",2014,"1M1NE110 31","1970-01-01",1,11,1112,NA,710,1,4,1,181880,"V",5009,1,7,2,1.31,1.31,5,"184306",FALSE,NA,FALSE,FALSE,"N",1,"PHI",NA,"AK NE SPR TR","ALASKA NE QUADRANT SPRING TROLL",12,"Alaska Spring North Inside Troll",1,"AK W/S T","US","pre-terminal"
"193","AK NE SPR TR",1,"AK W/S T","610096","ADFG",2014,"1M1NE109 51","1970-01-01",1,10,1112,NA,670,1,4,1,181880,"V",5009,1,7,1,2.85,2.85,3,"181530",FALSE,NA,FALSE,FALSE,"N",1,"PHI",NA,"AK NE SPR TR","ALASKA NE QUADRANT SPRING TROLL",12,"Alaska Spring North Inside Troll",1,"AK W/S T","US","pre-terminal"
"194","AK NE JUNE TR",3,"AK JNI T","610418","ADFG",2014,"1M1NE110 31","1970-01-01",1,11,1116,NA,650,1,4,1,181880,"V",5009,1,7,3,1.76,1.76,5,"184338",FALSE,NA,FALSE,FALSE,"N",1,"PHI",NA,"AK NE JUNE TR","ALASKA NE QUADRANT JUNE TROLL",16,"Alaska June North Inside Troll",3,"AK JNI T","US","pre-terminal"
"195","AK NE JULY TR",5,"AK JLI T","610536","ADFG",2014,"1M1NE110","1970-01-01",1,10,1120,NA,715,1,4,1,181880,"V",5009,1,7,4,2.7,2.7,3,"181534",FALSE,NA,FALSE,FALSE,"N",1,"PHI",NA,"AK NE JULY TR","ALASKA NE QUADRANT JULY TROLL",20,"Alaska July North Inside Troll",5,"AK JLI T","US","pre-terminal"
"196","AK NE FALL TR",6,"AK FALL T","610662","ADFG",2014,"1M1NE110","1970-01-01",1,10,1124,NA,650,1,4,1,181878,"V",5009,1,7,5,7.85,7.85,3,"181538",FALSE,NA,FALSE,FALSE,"N",1,"PHI",NA,"AK NE FALL TR","ALASKA NE QUADRANT FALL TROLL",24,"Alaska Fall North Inside Troll",6,"AK FALL T","US","pre-terminal"
"197","AK SACI SN",17,"ALASKA N","612202","ADFG",2013,"1M1NE112 22","1970-01-01",1,26,2126,NA,540,1,3,1,181880,"V",5009,1,7,25,1.21,1.21,4,"188079",FALSE,NA,FALSE,FALSE,"N",1,"PHI",NA,"AK SACI SN","ALASKA SEINE AREA CENTRAL INSIDE (DISTRICT 105, 106 & 107)",66,"Alaska District 105 106 & 107 Seine",17,"ALASKA N","US","pre-terminal"
"198","AK SW SPR TR",1,"AK W/S T","612849","ADFG",2014,"1M1SW103 50","1970-01-01",1,11,1109,NA,730,1,4,1,181878,"V",5009,1,7,2,1.07,1.07,5,"184296",FALSE,NA,FALSE,FALSE,"N",1,"PHI",NA,"AK SW SPR TR","ALASKA SW QUADRANT SPRING TROLL",9,"Alaska Spring South Outside Troll",1,"AK W/S T","US","pre-terminal"
"199","AK NE SP",44,"ALASKA S","614107","ADFG",2014,"1M1NE111 4004  MS","1970-01-01",1,40,3103,NA,640,1,3,1,181373,"V",5009,1,8,3,10.02,10.02,4,"185135",FALSE,NA,FALSE,FALSE,"N",1,"PHI",NA,"AK NE SP","ALASKA NE QUADRANT SPORT",124,"Alaska Southeast Sport",44,"ALASKA S","US","pre-terminal"
"200","AK NW SPR TR",1,"AK W/S T","616137","ADFG",2014,"1M1NW113 95","1970-01-01",1,11,1110,NA,765,1,5,1,180679,"V",5009,1,7,2,1.73,1.73,5,"184314",FALSE,NA,FALSE,FALSE,"N",1,"PHI",NA,"AK NW SPR TR","ALASKA NW QUADRANT SPRING TROLL",10,"Alaska Spring North Outside Troll",1,"AK W/S T","US","pre-terminal"
"201","AK SE WIN1 TR",1,"AK W/S T","617048","ADFG",2013,"1M1SE102 50","1970-01-01",1,10,1103,NA,730,1,5,1,180679,"V",5009,1,7,6,1.73,1.73,3,"185668",FALSE,NA,FALSE,FALSE,"N",1,"PHI",NA,"AK SE WIN1 TR","ALASKA SE QUADRANT EARLY WINTER TROLL",3,"Alaska Early Winter South Inside Troll",1,"AK W/S T","US","pre-terminal"
"202","AK SE SPR TR",1,"AK W/S T","617089","ADFG",2014,"1M1SE102 10","1970-01-01",1,10,1111,NA,675,1,4,1,181878,"V",5009,1,7,1,2.54,2.54,3,"181532",FALSE,NA,FALSE,FALSE,"N",1,"PHI",NA,"AK SE SPR TR","ALASKA SE QUADRANT SPRING TROLL",11,"Alaska Spring South Inside Troll",1,"AK W/S T","US","pre-terminal"
"203","AK SE SPR TR",1,"AK W/S T","617095","ADFG",2014,"1M1SE102 50","1970-01-01",1,11,1111,NA,645,1,4,1,181878,"V",5009,1,7,2,1.9,1.9,5,"184295",FALSE,NA,FALSE,FALSE,"N",1,"PHI",NA,"AK SE SPR TR","ALASKA SE QUADRANT SPRING TROLL",11,"Alaska Spring South Inside Troll",1,"AK W/S T","US","pre-terminal"
"204","AK SE SPR TR",1,"AK W/S T","617322","ADFG",2014,"1M1SE105 41","1970-01-01",1,11,1111,NA,735,1,4,1,181880,"V",5009,1,7,2,1.01,1.01,5,"184297",FALSE,NA,FALSE,FALSE,"N",1,"PHI",NA,"AK SE SPR TR","ALASKA SE QUADRANT SPRING TROLL",11,"Alaska Spring South Inside Troll",1,"AK W/S T","US","pre-terminal"
"205","AK SE SPR TR",1,"AK W/S T","617333","ADFG",2014,"1M1SE105 41","1970-01-01",1,11,1111,NA,625,1,4,1,181878,"V",5009,1,7,2,1.01,1.01,5,"184297",FALSE,NA,FALSE,FALSE,"N",1,"PHI",NA,"AK SE SPR TR","ALASKA SE QUADRANT SPRING TROLL",11,"Alaska Spring South Inside Troll",1,"AK W/S T","US","pre-terminal"
"206","AK SE JUNE TR",3,"AK JNI T","617381","ADFG",2014,"1M1SE102 10","1970-01-01",1,11,1115,NA,690,1,4,1,181878,"V",5009,1,7,3,2.4,2.4,5,"184326",FALSE,NA,FALSE,FALSE,"N",1,"PHI",NA,"AK SE JUNE TR","ALASKA SE QUADRANT JUNE TROLL",15,"Alaska June South Inside Troll",3,"AK JNI T","US","pre-terminal"
"207","AK 106 GN",17,"ALASKA N","617810","ADFG",2014,"1M1SE106 30","1970-01-01",1,20,2106,NA,550,1,3,1,181372,"V",5009,1,7,28,3.54,3.54771623897751,4,"181310",FALSE,NA,FALSE,FALSE,"N",1.00217972852472,"PHI",NA,"AK 106 GN","AK DISTRICT 106 GILLNET",58,"Alaska District 115 Gillnet",17,"ALASKA N","US","pre-terminal"
"208","AK SE JUNE TR",3,"AK JNI T","618209","ADFG",2014,"1M1SE101 29","1970-01-01",1,11,1115,NA,640,1,3,1,181372,"V",5009,1,7,3,1.37,1.37,5,"184323",FALSE,NA,FALSE,FALSE,"N",1,"PHI",NA,"AK SE JUNE TR","ALASKA SE QUADRANT JUNE TROLL",15,"Alaska June South Inside Troll",3,"AK JNI T","US","pre-terminal"
"209","AK SE JUNE TR",3,"AK JNI T","618314","ADFG",2014,"1M1SE102 09","1970-01-01",1,11,1115,NA,640,1,4,1,181878,"V",5009,1,7,3,1.69,1.69,5,"184325",FALSE,NA,FALSE,FALSE,"N",1,"PHI",NA,"AK SE JUNE TR","ALASKA SE QUADRANT JUNE TROLL",15,"Alaska June South Inside Troll",3,"AK JNI T","US","pre-terminal"
"210","AK 101 GN",17,"ALASKA N","618484","ADFG",2014,"1M1SE101 11","1970-01-01",1,20,2101,NA,565,1,3,1,181373,"V",5009,1,7,30,1.65,1.65,4,"181329",FALSE,NA,FALSE,FALSE,"N",1,"PHI",NA,"AK 101 GN","AK DISTRICT 101 GILLNET",55,"Alaska District 101 And 102 Gillnet",17,"ALASKA N","US","pre-terminal"
"211","AK SW JULY TR",4,"AK JLO T","618692","ADFG",2014,"1M1SW103 90","1970-01-01",1,10,1117,NA,640,1,4,1,181880,"V",5009,1,7,4,2.72,2.72,3,"181537",FALSE,NA,FALSE,FALSE,"N",1,"PHI",NA,"AK SW JULY TR","ALASKA SW QUADRANT JULY TROLL",17,"Alaska July South Outside Troll",4,"AK JLO T","US","pre-terminal"
"212","AK SASI SN",17,"ALASKA N","618756","ADFG",2014,"1M1SESASI","1970-01-01",1,25,2124,NA,730,1,5,1,180679,"V",5009,1,7,1,1.84,1.84,4,"181090",FALSE,NA,FALSE,FALSE,"N",1,"PHI",NA,"AK SASI SN","ALASKA SEINE AREA SOUTH INSIDE (DISTRICT 101 & 102)",64,"Alaska District 101 & 102 Seine",17,"ALASKA N","US","pre-terminal"
"213","AK SASI SN",17,"ALASKA N","618762","ADFG",2014,"1M1SESASI","1970-01-01",1,25,2124,NA,600,1,3,1,181373,"V",5009,1,7,1,1.84,1.84,4,"181090",FALSE,NA,FALSE,FALSE,"N",1,"PHI",NA,"AK SASI SN","ALASKA SEINE AREA SOUTH INSIDE (DISTRICT 101 & 102)",64,"Alaska District 101 & 102 Seine",17,"ALASKA N","US","pre-terminal"
"214","AK SASI SN",17,"ALASKA N","618826","ADFG",2014,"1M1SESASI","1970-01-01",1,25,2124,NA,550,1,3,1,181373,"V",5009,1,7,2,3.33,3.33,4,"181095",FALSE,NA,FALSE,FALSE,"N",1,"PHI",NA,"AK SASI SN","ALASKA SEINE AREA SOUTH INSIDE (DISTRICT 101 & 102)",64,"Alaska District 101 & 102 Seine",17,"ALASKA N","US","pre-terminal"
"215","AK SASI SN",17,"ALASKA N","618880","ADFG",2014,"1M1SESASI","1970-01-01",1,25,2124,NA,660,1,4,1,181878,"V",5009,1,7,4,1.71,1.71,4,"181105",FALSE,NA,FALSE,FALSE,"N",1,"PHI",NA,"AK SASI SN","ALASKA SEINE AREA SOUTH INSIDE (DISTRICT 101 & 102)",64,"Alaska District 101 & 102 Seine",17,"ALASKA N","US","pre-terminal"
"216","AK 106 GN",17,"ALASKA N","619137","ADFG",2014,"1M1SE106 30","1970-01-01",1,20,2106,NA,520,1,3,1,181372,"V",5009,1,7,30,4.86,4.87059348063014,4,"181330",FALSE,NA,FALSE,FALSE,"N",1.00217972852472,"PHI",NA,"AK 106 GN","AK DISTRICT 106 GILLNET",58,"Alaska District 115 Gillnet",17,"ALASKA N","US","pre-terminal"
"217","AK 106 GN",17,"ALASKA N","619220","ADFG",2014,"1M1SE106 30","1970-01-01",1,20,2106,NA,590,1,4,1,181878,"V",5009,1,7,31,2.06,2.06449024076092,4,"181339",FALSE,NA,FALSE,FALSE,"N",1.00217972852472,"PHI",NA,"AK 106 GN","AK DISTRICT 106 GILLNET",58,"Alaska District 115 Gillnet",17,"ALASKA N","US","pre-terminal"
"218","AK 106 GN",17,"ALASKA N","619264","ADFG",2014,"1M1SE106 30","1970-01-01",1,20,2106,NA,580,1,3,1,181373,"V",5009,1,7,34,1.86,1.86405429505598,4,"181363",FALSE,NA,FALSE,FALSE,"N",1.00217972852472,"PHI",NA,"AK 106 GN","AK DISTRICT 106 GILLNET",58,"Alaska District 115 Gillnet",17,"ALASKA N","US","pre-terminal"
"219","AK NW SP",44,"ALASKA S","620168","ADFG",2014,"1M1NW113 3103  MS","1970-01-01",1,40,3104,NA,630,1,4,1,181878,"V",5009,1,8,2,6.62,6.62,4,"185124",FALSE,NA,FALSE,FALSE,"N",1,"PHI",NA,"AK NW SP","ALASKA NW QUADRANT SPORT",124,"Alaska Southeast Sport",44,"ALASKA S","US","pre-terminal"
"220","AK 106 GN",17,"ALASKA N","620596","ADFG",2014,"1M1SE106 30","1970-01-01",1,20,2106,NA,630,1,3,1,181372,"V",5009,1,7,37,2,2.00435945704944,4,"181380",FALSE,NA,FALSE,FALSE,"N",1.00217972852472,"PHI",NA,"AK 106 GN","AK DISTRICT 106 GILLNET",58,"Alaska District 115 Gillnet",17,"ALASKA N","US","pre-terminal"
"221","AK SE WIN1 TR",1,"AK W/S T","620959","ADFG",2015,"1M1SE107","1970-01-01",1,10,1103,NA,725,1,5,1,181373,"V",5009,1,7,6,2.22,2.22,3,"177060",FALSE,NA,FALSE,FALSE,"N",1,"PHI",NA,"AK SE WIN1 TR","ALASKA SE QUADRANT EARLY WINTER TROLL",3,"Alaska Early Winter South Inside Troll",1,"AK W/S T","US","pre-terminal"
"222","AK SE JUNE TR",3,"AK JNI T","620991","ADFG",2016,"1M1SE106 30","1970-01-01",1,11,1115,NA,645,1,4,1,182876,"V",5009,1,7,3,1.92,1.92,5,"997061",FALSE,NA,FALSE,FALSE,"N",1,"PHI",NA,"AK SE JUNE TR","ALASKA SE QUADRANT JUNE TROLL",15,"Alaska June South Inside Troll",3,"AK JNI T","US","pre-terminal"
"223","AK SE JUNE TR",3,"AK JNI T","620999","ADFG",2016,"1M1SE106 30","1970-01-01",1,11,1115,NA,690,1,4,1,182876,"V",5009,1,7,3,1.92,1.92,5,"997061",FALSE,NA,FALSE,FALSE,"N",1,"PHI",NA,"AK SE JUNE TR","ALASKA SE QUADRANT JUNE TROLL",15,"Alaska June South Inside Troll",3,"AK JNI T","US","pre-terminal"
"224","AK 106 GN",17,"ALASKA N","621317","ADFG",2014,"1M1SE106 30","1970-01-01",1,20,2106,NA,610,1,3,1,181372,"V",5009,1,7,37,2,2.00435945704944,4,"181380",FALSE,NA,FALSE,FALSE,"N",1.00217972852472,"PHI",NA,"AK 106 GN","AK DISTRICT 106 GILLNET",58,"Alaska District 115 Gillnet",17,"ALASKA N","US","pre-terminal"
"225","AK SE WIN1 TR",1,"AK W/S T","621502","ADFG",2014,"1M1SE107 30","1970-01-01",1,10,1103,NA,670,1,5,1,181878,"V",5009,1,7,6,2.56,2.56,3,"181544",FALSE,NA,FALSE,FALSE,"N",1,"PHI",NA,"AK SE WIN1 TR","ALASKA SE QUADRANT EARLY WINTER TROLL",3,"Alaska Early Winter South Inside Troll",1,"AK W/S T","US","pre-terminal"
"226","AK SE WIN1 TR",1,"AK W/S T","621505","ADFG",2014,"1M1SE108 40","1970-01-01",1,10,1103,NA,760,1,5,1,181880,"V",5009,1,7,6,2.56,2.56,3,"181544",FALSE,NA,FALSE,FALSE,"N",1,"PHI",NA,"AK SE WIN1 TR","ALASKA SE QUADRANT EARLY WINTER TROLL",3,"Alaska Early Winter South Inside Troll",1,"AK W/S T","US","pre-terminal"
"227","AK SE WIN1 TR",1,"AK W/S T","621506","ADFG",2014,"1M1SE108 40","1970-01-01",1,10,1103,NA,710,1,4,1,181372,"V",5009,1,7,6,2.56,2.56,3,"181544",FALSE,NA,FALSE,FALSE,"N",1,"PHI",NA,"AK SE WIN1 TR","ALASKA SE QUADRANT EARLY WINTER TROLL",3,"Alaska Early Winter South Inside Troll",1,"AK W/S T","US","pre-terminal"
"228","AK SE WIN2 TR",1,"AK W/S T","621508","ADFG",2015,"1M1SE107 40","1970-01-01",1,10,1107,NA,780,1,4,1,181373,"V",5009,1,7,1,2.88,2.88,3,"177052",FALSE,NA,FALSE,FALSE,"N",1,"PHI",NA,"AK SE WIN2 TR","ALASKA SE QUADRANT LATE WINTER TROLL",7,"Alaska Late Winter South Inside Troll",1,"AK W/S T","US","pre-terminal"
"229","AK SE SPR TR",1,"AK W/S T","621511","ADFG",2015,"1M1SE107 10","1970-01-01",1,11,1111,NA,750,1,4,1,181373,"V",5009,1,7,2,1.83,1.83,5,"180150",FALSE,NA,FALSE,FALSE,"N",1,"PHI",NA,"AK SE SPR TR","ALASKA SE QUADRANT SPRING TROLL",11,"Alaska Spring South Inside Troll",1,"AK W/S T","US","pre-terminal"
"230","AK SE SPR TR",1,"AK W/S T","621513","ADFG",2015,"1M1SE108 10","1970-01-01",1,11,1111,NA,675,1,4,1,181373,"V",5009,1,7,2,1.35,1.35,5,"180151",FALSE,NA,FALSE,FALSE,"N",1,"PHI",NA,"AK SE SPR TR","ALASKA SE QUADRANT SPRING TROLL",11,"Alaska Spring South Inside Troll",1,"AK W/S T","US","pre-terminal"
"231","AK SE SPR TR",1,"AK W/S T","621516","ADFG",2015,"1M1SE106 30","1970-01-01",1,11,1111,NA,800,1,4,1,181373,"V",5009,1,7,2,1.58,1.58,5,"180147",FALSE,NA,FALSE,FALSE,"N",1,"PHI",NA,"AK SE SPR TR","ALASKA SE QUADRANT SPRING TROLL",11,"Alaska Spring South Inside Troll",1,"AK W/S T","US","pre-terminal"
"232","AK 106 GN",17,"ALASKA N","621886","ADFG",2016,"1M1SE106 30","1970-01-01",1,20,2106,NA,565,1,3,1,182787,"V",5009,1,7,33,1.16,1.16451661005716,4,"994147",FALSE,NA,FALSE,FALSE,"N",1.00389362935962,"PHI",NA,"AK 106 GN","AK DISTRICT 106 GILLNET",58,"Alaska District 115 Gillnet",17,"ALASKA N","US","pre-terminal"
"233","AK NE JULY TR",5,"AK JLI T","621966","ADFG",2016,"1M1NE109 10","1970-01-01",1,10,1120,NA,800,1,4,1,182085,"V",5009,1,7,4,3.49,3.49007466773926,3,"994344",FALSE,NA,FALSE,FALSE,"N",1,"PHI",NA,"AK NE JULY TR","ALASKA NE QUADRANT JULY TROLL",20,"Alaska July North Inside Troll",5,"AK JLI T","US","pre-terminal"
"234","AK 107 GN",17,"ALASKA N","622069","ADFG",2019,"1M1SE107 35","1970-01-01",1,22,2107,NA,595,1,4,1,184198,"V",5009,1,7,28,1.71,1.71,4,"342780",FALSE,NA,FALSE,FALSE,"N",1,"PHI",NA,"AK 107 GN","AK DISTRICT 107 GILLNET",59,"Alaska Southeast Other Gillnet",17,"ALASKA N","US","pre-terminal"
"235","AK SE FALL TR",6,"AK FALL T","622205","ADFG",2016,"1M1SE106 30","1970-01-01",1,10,1123,NA,745,1,4,1,182876,"V",5009,1,7,5,2.56,2.5600547706053,3,"994350",FALSE,NA,FALSE,FALSE,"N",1,"PHI",NA,"AK SE FALL TR","ALASKA SE QUADRANT FALL TROLL",23,"Alaska Fall South Inside Troll",6,"AK FALL T","US","pre-terminal"
"236","AK 106 GN",17,"ALASKA N","622210","ADFG",2016,"1M1SE106 30","1970-01-01",1,20,2106,NA,545,1,3,1,182965,"V",5009,1,7,35,1.35,1.35525639963549,4,"994164",FALSE,NA,FALSE,FALSE,"N",1.00389362935962,"PHI",NA,"AK 106 GN","AK DISTRICT 106 GILLNET",58,"Alaska District 115 Gillnet",17,"ALASKA N","US","pre-terminal"
"237","AK SE SPR TR",1,"AK W/S T","622312","ADFG",2017,"1M1SE108 10","1970-01-01",1,11,1111,NA,700,1,4,1,182965,"V",5009,1,7,2,1.29,1.29,5,"171560",FALSE,NA,FALSE,FALSE,"N",1,"PHI",NA,"AK SE SPR TR","ALASKA SE QUADRANT SPRING TROLL",11,"Alaska Spring South Inside Troll",1,"AK W/S T","US","pre-terminal"
"238","AK NW JUNE TR",2,"AK JNO T","623777","ADFG",2014,"1M1NW113 62","1970-01-01",1,11,1114,NA,680,1,4,1,181880,"V",5009,1,7,3,2.13,2.13,5,"184346",FALSE,NA,FALSE,FALSE,"N",1,"PHI",NA,"AK NW JUNE TR","ALASKA NW QUADRANT JUNE TROLL",14,"Alaska June North Outside Troll",2,"AK JNO T","US","pre-terminal"
"239","AK NW FALL TR",6,"AK FALL T","627263","ADFG",2014,"1M1NW113 45","1970-01-01",1,10,1122,NA,680,1,4,1,181880,"V",5009,1,7,5,3.7,3.7,3,"181539",FALSE,NA,FALSE,FALSE,"N",1,"PHI",NA,"AK NW FALL TR","ALASKA NW QUADRANT FALL TROLL",22,"Alaska Fall North Outside Troll",6,"AK FALL T","US","pre-terminal"
"240","AK NW FALL TR",6,"AK FALL T","627386","ADFG",2014,"1M1NW113 31","1970-01-01",1,10,1122,NA,675,1,4,1,181878,"V",5009,1,7,5,3.7,3.7,3,"181539",FALSE,NA,FALSE,FALSE,"N",1,"PHI",NA,"AK NW FALL TR","ALASKA NW QUADRANT FALL TROLL",22,"Alaska Fall North Outside Troll",6,"AK FALL T","US","pre-terminal"
"241","AK NW WIN2 TR",1,"AK W/S T","629887","ADFG",2015,"1M1NW113 41","1970-01-01",1,10,1106,NA,700,1,4,1,181373,"V",5009,1,7,1,2.96,2.96,3,"177051",FALSE,NA,FALSE,FALSE,"N",1,"PHI",NA,"AK NW WIN2 TR","ALASKA NW QUADRANT LATE WINTER TROLL",6,"Alaska Late Winter North Outside Troll",1,"AK W/S T","US","pre-terminal"
"242","AK NW WIN2 TR",1,"AK W/S T","630214","ADFG",2015,"1M1NW113 41","1970-01-01",1,10,1106,NA,715,1,4,1,181372,"V",5009,1,7,1,2.96,2.96,3,"177051",FALSE,NA,FALSE,FALSE,"N",1,"PHI",NA,"AK NW WIN2 TR","ALASKA NW QUADRANT LATE WINTER TROLL",6,"Alaska Late Winter North Outside Troll",1,"AK W/S T","US","pre-terminal"
"243","AK NW WIN2 TR",1,"AK W/S T","630240","ADFG",2015,"1M1NW113","1970-01-01",1,10,1106,NA,680,1,4,1,181372,"V",5009,1,7,1,2.96,2.96,3,"177051",FALSE,NA,FALSE,FALSE,"N",1,"PHI",NA,"AK NW WIN2 TR","ALASKA NW QUADRANT LATE WINTER TROLL",6,"Alaska Late Winter North Outside Troll",1,"AK W/S T","US","pre-terminal"
"244","AK NW WIN2 TR",1,"AK W/S T","630632","ADFG",2015,"1M1NW113 41","1970-01-01",1,10,1106,NA,750,1,4,1,181372,"V",5009,1,7,1,2.96,2.96,3,"177051",FALSE,NA,FALSE,FALSE,"N",1,"PHI",NA,"AK NW WIN2 TR","ALASKA NW QUADRANT LATE WINTER TROLL",6,"Alaska Late Winter North Outside Troll",1,"AK W/S T","US","pre-terminal"
"245","AK NW WIN2 TR",1,"AK W/S T","630653","ADFG",2015,"1M1NW113 41","1970-01-01",1,10,1106,NA,660,1,4,1,181372,"V",5009,1,7,1,2.96,2.96,3,"177051",FALSE,NA,FALSE,FALSE,"N",1,"PHI",NA,"AK NW WIN2 TR","ALASKA NW QUADRANT LATE WINTER TROLL",6,"Alaska Late Winter North Outside Troll",1,"AK W/S T","US","pre-terminal"
"246","AK NW WIN2 TR",1,"AK W/S T","630774","ADFG",2015,"1M1NW113 41","1970-01-01",1,10,1106,NA,650,1,4,1,181373,"V",5009,1,7,1,2.96,2.96,3,"177051",FALSE,NA,FALSE,FALSE,"N",1,"PHI",NA,"AK NW WIN2 TR","ALASKA NW QUADRANT LATE WINTER TROLL",6,"Alaska Late Winter North Outside Troll",1,"AK W/S T","US","pre-terminal"
"247","AK NW SPR TR",1,"AK W/S T","630793","ADFG",2015,"1M1NW113 30","1970-01-01",1,11,1110,NA,860,1,5,1,181878,"V",5009,1,7,2,2.4,2.4,5,"180158",FALSE,NA,FALSE,FALSE,"N",1,"PHI",NA,"AK NW SPR TR","ALASKA NW QUADRANT SPRING TROLL",10,"Alaska Spring North Outside Troll",1,"AK W/S T","US","pre-terminal"
"248","AK NE SPR TR",1,"AK W/S T","630936","ADFG",2015,"1M1NE109 62","1970-01-01",1,11,1112,NA,665,1,4,1,181372,"V",5009,1,7,2,1.27,1.27,5,"180153",FALSE,NA,FALSE,FALSE,"N",1,"PHI",NA,"AK NE SPR TR","ALASKA NE QUADRANT SPRING TROLL",12,"Alaska Spring North Inside Troll",1,"AK W/S T","US","pre-terminal"
"249","AK NE SPR TR",1,"AK W/S T","630998","ADFG",2015,"1M1NE112 12","1970-01-01",1,11,1112,NA,705,1,5,1,181878,"V",5009,1,7,2,1.4,1.4,5,"180155",FALSE,NA,FALSE,FALSE,"N",1,"PHI",NA,"AK NE SPR TR","ALASKA NE QUADRANT SPRING TROLL",12,"Alaska Spring North Inside Troll",1,"AK W/S T","US","pre-terminal"
"250","AK NW WIN2 TR",1,"AK W/S T","631053","ADFG",2015,"1M1NW113 41","1970-01-01",1,10,1106,NA,630,1,5,1,181878,"V",5009,1,7,1,2.96,2.96,3,"177051",FALSE,NA,FALSE,FALSE,"N",1,"PHI",NA,"AK NW WIN2 TR","ALASKA NW QUADRANT LATE WINTER TROLL",6,"Alaska Late Winter North Outside Troll",1,"AK W/S T","US","pre-terminal"
"251","AK NE JUNE TR",3,"AK JNI T","631171","ADFG",2015,"1M1NE112 12","1970-01-01",1,11,1116,NA,620,1,4,1,181372,"V",5009,1,7,3,1.58,1.58,5,"180186",FALSE,NA,FALSE,FALSE,"N",1,"PHI",NA,"AK NE JUNE TR","ALASKA NE QUADRANT JUNE TROLL",16,"Alaska June North Inside Troll",3,"AK JNI T","US","pre-terminal"
"252","AK NE JUNE TR",3,"AK JNI T","631189","ADFG",2015,"1M1NE112 12","1970-01-01",1,11,1116,NA,785,1,5,1,181878,"V",5009,1,7,3,1.58,1.58,5,"180186",FALSE,NA,FALSE,FALSE,"N",1,"PHI",NA,"AK NE JUNE TR","ALASKA NE QUADRANT JUNE TROLL",16,"Alaska June North Inside Troll",3,"AK JNI T","US","pre-terminal"
"253","AK NW JUNE TR",2,"AK JNO T","631393","ADFG",2015,"1M1NW113 01","1970-01-01",1,11,1114,NA,645,1,4,1,181373,"V",5009,1,7,3,2.4,2.4,5,"180188",FALSE,NA,FALSE,FALSE,"N",1,"PHI",NA,"AK NW JUNE TR","ALASKA NW QUADRANT JUNE TROLL",14,"Alaska June North Outside Troll",2,"AK JNO T","US","pre-terminal"
"254","AK NW SPR TR",1,"AK W/S T","631401","ADFG",2015,"1M1NW113 41","1970-01-01",1,11,1110,NA,740,1,4,1,181372,"V",5009,1,7,2,1.65,1.65,5,"180160",FALSE,NA,FALSE,FALSE,"N",1,"PHI",NA,"AK NW SPR TR","ALASKA NW QUADRANT SPRING TROLL",10,"Alaska Spring North Outside Troll",1,"AK W/S T","US","pre-terminal"
"255","AK NW SPR TR",1,"AK W/S T","631403","ADFG",2015,"1M1NW113 41","1970-01-01",1,11,1110,NA,810,1,5,1,181878,"V",5009,1,7,2,1.65,1.65,5,"180160",FALSE,NA,FALSE,FALSE,"N",1,"PHI",NA,"AK NW SPR TR","ALASKA NW QUADRANT SPRING TROLL",10,"Alaska Spring North Outside Troll",1,"AK W/S T","US","pre-terminal"
"256","AK NW SPR TR",1,"AK W/S T","631419","ADFG",2015,"1M1NW113 32","1970-01-01",1,11,1110,NA,790,1,5,1,181880,"V",5009,1,7,2,1.09,1.09,5,"180159",FALSE,NA,FALSE,FALSE,"N",1,"PHI",NA,"AK NW SPR TR","ALASKA NW QUADRANT SPRING TROLL",10,"Alaska Spring North Outside Troll",1,"AK W/S T","US","pre-terminal"
"257","AK NE WIN2 TR",1,"AK W/S T","633613","ADFG",2015,"1M1NE109 42","1970-01-01",1,10,1108,NA,680,1,4,1,181372,"V",5009,1,7,1,4.44,4.44,3,"177050",FALSE,NA,FALSE,FALSE,"N",1,"PHI",NA,"AK NE WIN2 TR","ALASKA NE QUADRANT LATE WINTER TROLL",8,"Alaska Late Winter North Inside Troll",1,"AK W/S T","US","pre-terminal"
"258","AK NW SPR TR",1,"AK W/S T","633615","ADFG",2015,"1M1NW113 95","1970-01-01",1,11,1110,NA,770,1,4,1,181372,"V",5009,1,7,2,1.79,1.79,5,"180162",FALSE,NA,FALSE,FALSE,"N",1,"PHI",NA,"AK NW SPR TR","ALASKA NW QUADRANT SPRING TROLL",10,"Alaska Spring North Outside Troll",1,"AK W/S T","US","pre-terminal"
"259","AK NW SPR TR",1,"AK W/S T","633616","ADFG",2015,"1M1NW113 95","1970-01-01",1,11,1110,NA,730,1,5,1,181880,"V",5009,1,7,2,1.79,1.79,5,"180162",FALSE,NA,FALSE,FALSE,"N",1,"PHI",NA,"AK NW SPR TR","ALASKA NW QUADRANT SPRING TROLL",10,"Alaska Spring North Outside Troll",1,"AK W/S T","US","pre-terminal"
"260","AK NW JUNE TR",2,"AK JNO T","633648","ADFG",2015,"1M1NW114 50","1970-01-01",1,11,1114,NA,780,1,2,1,182787,"V",5009,1,7,3,2.44,2.44,5,"180200",FALSE,NA,FALSE,FALSE,"N",1,"PHI",NA,"AK NW JUNE TR","ALASKA NW QUADRANT JUNE TROLL",14,"Alaska June North Outside Troll",2,"AK JNO T","US","pre-terminal"
"261","AK SE FALL TR",6,"AK FALL T","634266","ADFG",2014,"1M1SE101 29","1970-01-01",1,10,1123,NA,630,1,3,1,181373,"V",5009,1,7,5,3.86,3.86,3,"181540",FALSE,NA,FALSE,FALSE,"N",1,"PHI",NA,"AK SE FALL TR","ALASKA SE QUADRANT FALL TROLL",23,"Alaska Fall South Inside Troll",6,"AK FALL T","US","pre-terminal"
"262","AK SASO SN",17,"ALASKA N","634862","ADFG",2014,"1M1SWSASO","1970-01-01",1,25,2125,NA,715,1,4,1,181878,"V",5009,1,7,4,3,3.01958224543081,4,"181106",FALSE,NA,FALSE,FALSE,"N",1.0065274151436,"PHI",NA,"AK SASO SN","ALASKA SEINE AREA SOUTH OUTSIDE (DISTRICT 103 & 104)",65,"Alaska District 103 & 104 Seine",17,"ALASKA N","US","pre-terminal"
"263","AK SASI SN",17,"ALASKA N","634913","ADFG",2014,"1M1SESASI","1970-01-01",1,25,2124,NA,535,1,3,1,181372,"V",5009,1,7,3,2.95,2.95,4,"181100",FALSE,NA,FALSE,FALSE,"N",1,"PHI",NA,"AK SASI SN","ALASKA SEINE AREA SOUTH INSIDE (DISTRICT 101 & 102)",64,"Alaska District 101 & 102 Seine",17,"ALASKA N","US","pre-terminal"
"264","AK NE WIN1 TR",1,"AK W/S T","635634","ADFG",2014,"1M1NE109 61","1970-01-01",1,10,1104,NA,675,1,4,1,181373,"V",5009,1,7,6,1.87,1.87,3,"181542",FALSE,NA,FALSE,FALSE,"N",1,"PHI",NA,"AK NE WIN1 TR","ALASKA NE QUADRANT EARLY WINTER TROLL",4,"Alaska Early Winter North Inside Troll",1,"AK W/S T","US","pre-terminal"
"265","AK SW WIN1 TR",1,"AK W/S T","635635","ADFG",2014,"1M1SW103 60","1970-01-01",1,10,1101,NA,655,1,4,1,181372,"V",5009,1,7,6,1.4,1.4,3,"181545",FALSE,NA,FALSE,FALSE,"N",1,"PHI",NA,"AK SW WIN1 TR","ALASKA SW QUADRANT EARLY WINTER TROLL",1,"Alaska Early Winter South Outside Troll",1,"AK W/S T","US","pre-terminal"
"266","AK SW SPR TR",1,"AK W/S T","635656","ADFG",2015,"1M1SW103 50","1970-01-01",1,11,1109,NA,760,1,4,1,181372,"V",5009,1,7,2,1.12,1.12,5,"180145",FALSE,NA,FALSE,FALSE,"N",1,"PHI",NA,"AK SW SPR TR","ALASKA SW QUADRANT SPRING TROLL",9,"Alaska Spring South Outside Troll",1,"AK W/S T","US","pre-terminal"
"267","AK SW SPR TR",1,"AK W/S T","635668","ADFG",2015,"1M1SW103 50","1970-01-01",1,11,1109,NA,790,1,4,1,181372,"V",5009,1,7,2,1.12,1.12,5,"180145",FALSE,NA,FALSE,FALSE,"N",1,"PHI",NA,"AK SW SPR TR","ALASKA SW QUADRANT SPRING TROLL",9,"Alaska Spring South Outside Troll",1,"AK W/S T","US","pre-terminal"
"268","AK SW SPR TR",1,"AK W/S T","635669","ADFG",2015,"1M1SW103 50","1970-01-01",1,11,1109,NA,675,1,4,1,181372,"V",5009,1,7,2,1.12,1.12,5,"180145",FALSE,NA,FALSE,FALSE,"N",1,"PHI",NA,"AK SW SPR TR","ALASKA SW QUADRANT SPRING TROLL",9,"Alaska Spring South Outside Troll",1,"AK W/S T","US","pre-terminal"
"269","AK SW SPR TR",1,"AK W/S T","635672","ADFG",2015,"1M1SW103 50","1970-01-01",1,11,1109,NA,775,1,5,1,181878,"V",5009,1,7,2,1.12,1.12,5,"180145",FALSE,NA,FALSE,FALSE,"N",1,"PHI",NA,"AK SW SPR TR","ALASKA SW QUADRANT SPRING TROLL",9,"Alaska Spring South Outside Troll",1,"AK W/S T","US","pre-terminal"
"270","AK SW JUNE TR",2,"AK JNO T","635676","ADFG",2015,"1M1SW103 50","1970-01-01",1,11,1113,NA,715,1,4,1,181372,"V",5009,1,7,3,1.25,1.25,5,"180175",FALSE,NA,FALSE,FALSE,"N",1,"PHI",NA,"AK SW JUNE TR","ALASKA SW QUADRANT JUNE TROLL",13,"Alaska June South Outside Troll",2,"AK JNO T","US","pre-terminal"
"271","AK SW JUNE TR",2,"AK JNO T","635683","ADFG",2015,"1M1SW103 50","1970-01-01",1,11,1113,NA,800,1,4,1,181373,"V",5009,1,7,3,1.25,1.25,5,"180175",FALSE,NA,FALSE,FALSE,"N",1,"PHI",NA,"AK SW JUNE TR","ALASKA SW QUADRANT JUNE TROLL",13,"Alaska June South Outside Troll",2,"AK JNO T","US","pre-terminal"
"272","AK SE JUNE TR",3,"AK JNI T","635691","ADFG",2015,"1M1SE102 50","1970-01-01",1,11,1115,NA,750,1,4,1,181372,"V",5009,1,7,3,1.41,1.41,5,"180174",FALSE,NA,FALSE,FALSE,"N",1,"PHI",NA,"AK SE JUNE TR","ALASKA SE QUADRANT JUNE TROLL",15,"Alaska June South Inside Troll",3,"AK JNI T","US","pre-terminal"
"273","AK SASI SN",17,"ALASKA N","636873","ADFG",2014,"1M1SESASI","1970-01-01",1,25,2124,NA,690,1,4,1,181878,"V",5009,1,7,1,1.84,1.84,4,"181090",FALSE,NA,FALSE,FALSE,"N",1,"PHI",NA,"AK SASI SN","ALASKA SEINE AREA SOUTH INSIDE (DISTRICT 101 & 102)",64,"Alaska District 101 & 102 Seine",17,"ALASKA N","US","pre-terminal"
"274","AK 106 GN",17,"ALASKA N","637827","ADFG",2014,"1M1SE106 30","1970-01-01",1,20,2106,NA,610,1,3,1,181373,"V",5009,1,7,37,2,2.00435945704944,4,"181380",FALSE,NA,FALSE,FALSE,"N",1.00217972852472,"PHI",NA,"AK 106 GN","AK DISTRICT 106 GILLNET",58,"Alaska District 115 Gillnet",17,"ALASKA N","US","pre-terminal"
"275","AK NE SP",44,"ALASKA S","639461","ADFG",2021,"1M1NE111 5004  MS","1970-01-01",1,40,3103,NA,720,1,4,1,184765,"V",5009,1,2,15,9.7,9.7,4,"336228",FALSE,NA,FALSE,FALSE,"N",1,"PHI",NA,"AK NE SP","ALASKA NE QUADRANT SPORT",124,"Alaska Southeast Sport",44,"ALASKA S","US","pre-terminal"
"276","AK NE WIN1 TR",1,"AK W/S T","641341","ADFG",2014,"1M1NE110 17","1970-01-01",1,10,1104,NA,655,1,4,1,181372,"V",5009,1,7,6,1.87,1.87,3,"181542",FALSE,NA,FALSE,FALSE,"N",1,"PHI",NA,"AK NE WIN1 TR","ALASKA NE QUADRANT EARLY WINTER TROLL",4,"Alaska Early Winter North Inside Troll",1,"AK W/S T","US","pre-terminal"
"277","AK SE WIN1 TR",1,"AK W/S T","641361","ADFG",2014,"1M1SE108 30","1970-01-01",1,10,1103,NA,685,1,4,1,181373,"V",5009,1,7,6,2.56,2.56,3,"181544",FALSE,NA,FALSE,FALSE,"N",1,"PHI",NA,"AK SE WIN1 TR","ALASKA SE QUADRANT EARLY WINTER TROLL",3,"Alaska Early Winter South Inside Troll",1,"AK W/S T","US","pre-terminal"
"278","AK SE WIN1 TR",1,"AK W/S T","641363","ADFG",2014,"1M1SE106 43","1970-01-01",1,10,1103,NA,720,1,5,1,181878,"V",5009,1,7,6,2.56,2.56,3,"181544",FALSE,NA,FALSE,FALSE,"N",1,"PHI",NA,"AK SE WIN1 TR","ALASKA SE QUADRANT EARLY WINTER TROLL",3,"Alaska Early Winter South Inside Troll",1,"AK W/S T","US","pre-terminal"
"279","AK SE WIN2 TR",1,"AK W/S T","641365","ADFG",2015,"1M1SE108 30","1970-01-01",1,10,1107,NA,650,1,4,1,181372,"V",5009,1,7,1,2.88,2.88,3,"177052",FALSE,NA,FALSE,FALSE,"N",1,"PHI",NA,"AK SE WIN2 TR","ALASKA SE QUADRANT LATE WINTER TROLL",7,"Alaska Late Winter South Inside Troll",1,"AK W/S T","US","pre-terminal"
"280","AK SE WIN2 TR",1,"AK W/S T","641368","ADFG",2015,"1M1SE106 43","1970-01-01",1,10,1107,NA,735,1,4,1,181372,"V",5009,1,7,1,2.88,2.88,3,"177052",FALSE,NA,FALSE,FALSE,"N",1,"PHI",NA,"AK SE WIN2 TR","ALASKA SE QUADRANT LATE WINTER TROLL",7,"Alaska Late Winter South Inside Troll",1,"AK W/S T","US","pre-terminal"
"281","AK NE WIN2 TR",1,"AK W/S T","641378","ADFG",2015,"1M1NE109 62","1970-01-01",1,10,1108,NA,705,1,5,1,181878,"V",5009,1,7,1,4.44,4.44,3,"177050",FALSE,NA,FALSE,FALSE,"N",1,"PHI",NA,"AK NE WIN2 TR","ALASKA NE QUADRANT LATE WINTER TROLL",8,"Alaska Late Winter North Inside Troll",1,"AK W/S T","US","pre-terminal"
"282","AK SE WIN2 TR",1,"AK W/S T","641380","ADFG",2015,"1M1SE105 10","1970-01-01",1,10,1107,NA,770,1,5,1,181878,"V",5009,1,7,1,2.88,2.88,3,"177052",FALSE,NA,FALSE,FALSE,"N",1,"PHI",NA,"AK SE WIN2 TR","ALASKA SE QUADRANT LATE WINTER TROLL",7,"Alaska Late Winter South Inside Troll",1,"AK W/S T","US","pre-terminal"
"283","AK SACI SN",17,"ALASKA N","641506","ADFG",2015,"1M1NE112 22","1970-01-01",1,26,2126,NA,450,1,3,1,182876,"V",5009,1,7,26,0.4,1,4,"179633",FALSE,NA,FALSE,FALSE,"N",1,"PHI",NA,"AK SACI SN","ALASKA SEINE AREA CENTRAL INSIDE (DISTRICT 105, 106 & 107)",66,"Alaska District 105 106 & 107 Seine",17,"ALASKA N","US","pre-terminal"
"284","AK NE JUNE TR",3,"AK JNI T","641529","ADFG",2015,"1M1NE110 31","1970-01-01",1,11,1116,NA,645,1,4,1,181372,"V",5009,1,7,3,1.69,1.69,5,"180185",FALSE,NA,FALSE,FALSE,"N",1,"PHI",NA,"AK NE JUNE TR","ALASKA NE QUADRANT JUNE TROLL",16,"Alaska June North Inside Troll",3,"AK JNI T","US","pre-terminal"
"285","AK SE SPR TR",1,"AK W/S T","641988","ADFG",2015,"1M1SE105 41","1970-01-01",1,11,1111,NA,715,1,4,1,181373,"V",5009,1,7,2,1.09,1.09,5,"180146",FALSE,NA,FALSE,FALSE,"N",1,"PHI",NA,"AK SE SPR TR","ALASKA SE QUADRANT SPRING TROLL",11,"Alaska Spring South Inside Troll",1,"AK W/S T","US","pre-terminal"
"286","AK SW JUNE TR",2,"AK JNO T","643007","ADFG",2014,"1M1SW103 50","1970-01-01",1,11,1113,NA,670,1,4,1,181878,"V",5009,1,7,3,1.42,1.42,5,"184328",FALSE,NA,FALSE,FALSE,"N",1,"PHI",NA,"AK SW JUNE TR","ALASKA SW QUADRANT JUNE TROLL",13,"Alaska June South Outside Troll",2,"AK JNO T","US","pre-terminal"
"287","AK SE JUNE TR",3,"AK JNI T","643020","ADFG",2014,"1M1SE102 09","1970-01-01",1,11,1115,NA,700,1,4,1,181880,"V",5009,1,7,3,1.69,1.69,5,"184325",FALSE,NA,FALSE,FALSE,"N",1,"PHI",NA,"AK SE JUNE TR","ALASKA SE QUADRANT JUNE TROLL",15,"Alaska June South Inside Troll",3,"AK JNI T","US","pre-terminal"
"288","AK SW FALL TR",6,"AK FALL T","643324","ADFG",2014,"1M1SW152","1970-01-01",1,10,1121,NA,675,1,4,1,181878,"V",5009,1,7,5,2.61,2.61,3,"181541",FALSE,NA,FALSE,FALSE,"N",1,"PHI",NA,"AK SW FALL TR","ALASKA SW QUADRANT FALL TROLL",21,"Alaska Fall South Outside Troll",6,"AK FALL T","US","pre-terminal"
"289","AK SW SP",44,"ALASKA S","644491","ADFG",2017,"1M1SW104 3507  MS","1970-01-01",1,40,3102,NA,820,1,4,1,182965,"V",5009,1,8,1,2.68,2.68,4,"172407",FALSE,NA,FALSE,FALSE,"N",1,"PHI",NA,"AK SW SP","ALASKA SW QUADRANT SPORT",124,"Alaska Southeast Sport",44,"ALASKA S","US","pre-terminal"
"290","AK NW SP",44,"ALASKA S","645247","ADFG",2015,"1M1NW113 4103  MS","1970-01-01",1,40,3104,NA,710,1,4,1,181372,"V",5009,1,8,2,5.39,5.39,4,"181014",FALSE,NA,FALSE,FALSE,"N",1,"PHI",NA,"AK NW SP","ALASKA NW QUADRANT SPORT",124,"Alaska Southeast Sport",44,"ALASKA S","US","pre-terminal"
"291","AK SE WIN2 TR",1,"AK W/S T","645801","ADFG",2015,"1M1SE105 50","1970-01-01",1,10,1107,NA,660,1,4,1,181373,"V",5009,1,7,1,2.88,2.88,3,"177052",FALSE,NA,FALSE,FALSE,"N",1,"PHI",NA,"AK SE WIN2 TR","ALASKA SE QUADRANT LATE WINTER TROLL",7,"Alaska Late Winter South Inside Troll",1,"AK W/S T","US","pre-terminal"
"292","AK SE WIN2 TR",1,"AK W/S T","645803","ADFG",2015,"1M1SE105 50","1970-01-01",1,10,1107,NA,675,1,4,1,181373,"V",5009,1,7,1,2.88,2.88,3,"177052",FALSE,NA,FALSE,FALSE,"N",1,"PHI",NA,"AK SE WIN2 TR","ALASKA SE QUADRANT LATE WINTER TROLL",7,"Alaska Late Winter South Inside Troll",1,"AK W/S T","US","pre-terminal"
"293","AK NE WIN2 TR",1,"AK W/S T","645806","ADFG",2015,"1M1NE109 20","1970-01-01",1,10,1108,NA,725,1,4,1,181373,"V",5009,1,7,1,4.44,4.44,3,"177050",FALSE,NA,FALSE,FALSE,"N",1,"PHI",NA,"AK NE WIN2 TR","ALASKA NE QUADRANT LATE WINTER TROLL",8,"Alaska Late Winter North Inside Troll",1,"AK W/S T","US","pre-terminal"
"294","AK SE WIN2 TR",1,"AK W/S T","645824","ADFG",2015,"1M1SE","1970-01-01",1,10,1107,NA,690,1,4,1,181372,"V",5009,1,7,1,2.88,2.88,3,"177052",FALSE,NA,FALSE,FALSE,"N",1,"PHI",NA,"AK SE WIN2 TR","ALASKA SE QUADRANT LATE WINTER TROLL",7,"Alaska Late Winter South Inside Troll",1,"AK W/S T","US","pre-terminal"
"295","AK SE WIN2 TR",1,"AK W/S T","645826","ADFG",2015,"1M1SE","1970-01-01",1,10,1107,NA,645,1,5,1,181878,"V",5009,1,7,1,2.88,2.88,3,"177052",FALSE,NA,FALSE,FALSE,"N",1,"PHI",NA,"AK SE WIN2 TR","ALASKA SE QUADRANT LATE WINTER TROLL",7,"Alaska Late Winter South Inside Troll",1,"AK W/S T","US","pre-terminal"
"296","AK SE JULY TR",5,"AK JLI T","645877","ADFG",2015,"1M1SE","1970-01-01",1,10,1119,NA,745,1,4,1,181372,"V",5009,1,7,4,1.99,1.99,3,"177056",FALSE,NA,FALSE,FALSE,"N",1,"PHI",NA,"AK SE JULY TR","ALASKA SE QUADRANT JULY TROLL",19,"Alaska July South Inside Troll",5,"AK JLI T","US","pre-terminal"
"297","AK NW JUNE TR",2,"AK JNO T","646336","ADFG",2017,"1M1NW113 01","1970-01-01",1,11,1114,NA,690,1,4,1,182965,"V",5009,1,7,3,1.52,1.52,5,"171586",FALSE,NA,FALSE,FALSE,"N",1,"PHI",NA,"AK NW JUNE TR","ALASKA NW QUADRANT JUNE TROLL",14,"Alaska June North Outside Troll",2,"AK JNO T","US","pre-terminal"
"298","AK NW SPR TR",1,"AK W/S T","646456","ADFG",2017,"1M1NW113 41","1970-01-01",1,11,1110,NA,690,1,4,1,182787,"V",5009,1,7,2,1.17,1.17,5,"171568",FALSE,NA,FALSE,FALSE,"N",1,"PHI",NA,"AK NW SPR TR","ALASKA NW QUADRANT SPRING TROLL",10,"Alaska Spring North Outside Troll",1,"AK W/S T","US","pre-terminal"
"299","AK NE WIN2 TR",1,"AK W/S T","646598","ADFG",2015,"1M1NE109 61","1970-01-01",1,10,1108,NA,740,1,5,1,181878,"V",5009,1,7,1,4.44,4.44,3,"177050",FALSE,NA,FALSE,FALSE,"N",1,"PHI",NA,"AK NE WIN2 TR","ALASKA NE QUADRANT LATE WINTER TROLL",8,"Alaska Late Winter North Inside Troll",1,"AK W/S T","US","pre-terminal"
"300","AK SE SPR TR",1,"AK W/S T","646734","ADFG",2015,"1M1SE105 41","1970-01-01",1,11,1111,NA,770,1,4,1,181373,"V",5009,1,7,2,1.09,1.09,5,"180146",FALSE,NA,FALSE,FALSE,"N",1,"PHI",NA,"AK SE SPR TR","ALASKA SE QUADRANT SPRING TROLL",11,"Alaska Spring South Inside Troll",1,"AK W/S T","US","pre-terminal"
"301","AK SE SPR TR",1,"AK W/S T","646743","ADFG",2015,"1M1SE101 29","1970-01-01",1,11,1111,NA,855,1,5,1,181878,"V",5009,1,7,3,1.87,1.87,5,"180170",FALSE,NA,FALSE,FALSE,"N",1,"PHI",NA,"AK SE SPR TR","ALASKA SE QUADRANT SPRING TROLL",11,"Alaska Spring South Inside Troll",1,"AK W/S T","US","pre-terminal"
"302","AK SE JUNE TR",3,"AK JNI T","646761","ADFG",2015,"1M1SE102 10","1970-01-01",1,11,1115,NA,720,1,4,1,181373,"V",5009,1,7,3,2.04,2.04,5,"180173",FALSE,NA,FALSE,FALSE,"N",1,"PHI",NA,"AK SE JUNE TR","ALASKA SE QUADRANT JUNE TROLL",15,"Alaska June South Inside Troll",3,"AK JNI T","US","pre-terminal"
"303","AK SE WIN1 TR",1,"AK W/S T","646888","ADFG",2014,"1M1SE105","1970-01-01",1,10,1103,NA,640,1,5,1,181878,"V",5009,1,7,6,2.56,2.56,3,"181544",FALSE,NA,FALSE,FALSE,"N",1,"PHI",NA,"AK SE WIN1 TR","ALASKA SE QUADRANT EARLY WINTER TROLL",3,"Alaska Early Winter South Inside Troll",1,"AK W/S T","US","pre-terminal"
"304","AK SE JUNE TR",3,"AK JNI T","647242","ADFG",2015,"1M1SE102 09","1970-01-01",1,11,1115,NA,730,1,4,1,181372,"V",5009,1,7,3,1.18,1.18,5,"180172",FALSE,NA,FALSE,FALSE,"N",1,"PHI",NA,"AK SE JUNE TR","ALASKA SE QUADRANT JUNE TROLL",15,"Alaska June South Inside Troll",3,"AK JNI T","US","pre-terminal"
"305","AK SE JUNE TR",3,"AK JNI T","647329","ADFG",2015,"1M1SE101 21","1970-01-01",1,11,1115,NA,680,1,4,1,181372,"V",5009,1,7,3,1.93,1.93,5,"180169",FALSE,NA,FALSE,FALSE,"N",1,"PHI",NA,"AK SE JUNE TR","ALASKA SE QUADRANT JUNE TROLL",15,"Alaska June South Inside Troll",3,"AK JNI T","US","pre-terminal"
"306","AK SE JUNE TR",3,"AK JNI T","647343","ADFG",2015,"1M1SE102 50","1970-01-01",1,11,1115,NA,790,1,4,1,181373,"V",5009,1,7,3,1.41,1.41,5,"180174",FALSE,NA,FALSE,FALSE,"N",1,"PHI",NA,"AK SE JUNE TR","ALASKA SE QUADRANT JUNE TROLL",15,"Alaska June South Inside Troll",3,"AK JNI T","US","pre-terminal"
"307","AK SE JUNE TR",3,"AK JNI T","647419","ADFG",2015,"1M1SE105 41","1970-01-01",1,11,1115,NA,725,1,4,1,181373,"V",5009,1,7,3,1.64,1.64,5,"180176",FALSE,NA,FALSE,FALSE,"N",1,"PHI",NA,"AK SE JUNE TR","ALASKA SE QUADRANT JUNE TROLL",15,"Alaska June South Inside Troll",3,"AK JNI T","US","pre-terminal"
"308","AK SASI SN",17,"ALASKA N","647962","ADFG",2015,"1M1SESASI","1970-01-01",1,25,2124,NA,335,1,2,1,182787,"V",5009,1,7,3,NA,1.00677966101695,4,"177083",FALSE,NA,FALSE,FALSE,"N",1.00677966101695,"PHI",NA,"AK SASI SN","ALASKA SEINE AREA SOUTH INSIDE (DISTRICT 101 & 102)",64,"Alaska District 101 & 102 Seine",17,"ALASKA N","US","pre-terminal"
"309","AK NW WIN1 TR",1,"AK W/S T","648274","ADFG",2015,"1M1NW114 50","1970-01-01",1,10,1102,NA,805,1,5,1,181373,"V",5009,1,7,6,2.92,2.92,3,"177059",FALSE,NA,FALSE,FALSE,"N",1,"PHI",NA,"AK NW WIN1 TR","ALASKA NW QUADRANT EARLY WINTER TROLL",2,"Alaska Early Winter North Outside Troll",1,"AK W/S T","US","pre-terminal"
"310","AK NW WIN1 TR",1,"AK W/S T","648276","ADFG",2015,"1M1NW114 21","1970-01-01",1,10,1102,NA,630,1,4,1,182085,"V",5009,1,7,6,2.92,2.92,3,"177059",FALSE,NA,FALSE,FALSE,"N",1,"PHI",NA,"AK NW WIN1 TR","ALASKA NW QUADRANT EARLY WINTER TROLL",2,"Alaska Early Winter North Outside Troll",1,"AK W/S T","US","pre-terminal"
"311","AK SASO SN",17,"ALASKA N","648612","ADFG",2016,"1M1SWSASO","1970-01-01",1,25,2125,NA,800,1,4,1,182083,"V",5009,1,7,2,4.9,4.91818827989259,4,"993929",FALSE,NA,FALSE,FALSE,"N",1.00371189385563,"PHI",NA,"AK SASO SN","ALASKA SEINE AREA SOUTH OUTSIDE (DISTRICT 103 & 104)",65,"Alaska District 103 & 104 Seine",17,"ALASKA N","US","pre-terminal"
"312","AK SA12",17,"ALASKA N","648796","ADFG",2017,"1M1NESA12","1970-01-01",1,25,2129,NA,540,1,3,1,183379,"V",5009,1,7,3,0.8,1.01208459214502,4,"168497",FALSE,NA,FALSE,FALSE,"N",1.01208459214502,"PHI",NA,"AK SA12","AK SEINE AREA 12 (DISTRICT 112)",69,"Alaska District 112 Seine",17,"ALASKA N","US","pre-terminal"
"313","AK SE JUNE TR",3,"AK JNI T","648857","ADFG",2021,"1M1SE107 35","1970-01-01",1,16,1115,NA,840,1,5,1,184595,"V",5009,1,7,23,3.64,3.64,4,"334979",FALSE,NA,FALSE,FALSE,"N",1,"PHI",NA,"AK SE JUNE TR","ALASKA SE QUADRANT JUNE TROLL",15,"Alaska June South Inside Troll",3,"AK JNI T","US","pre-terminal"
"314","AK SE JUNE TR",3,"AK JNI T","648867","ADFG",2021,"1M1SE107 35","1970-01-01",1,16,1115,NA,655,1,4,1,183992,"V",5009,1,7,24,2.85,2.85,4,"334982",FALSE,NA,FALSE,FALSE,"N",1,"PHI",NA,"AK SE JUNE TR","ALASKA SE QUADRANT JUNE TROLL",15,"Alaska June South Inside Troll",3,"AK JNI T","US","pre-terminal"
"315","AK SE JUNE TR",3,"AK JNI T","648869","ADFG",2021,"1M1SE107 35","1970-01-01",1,16,1115,NA,755,1,4,1,183992,"V",5009,1,7,24,2.85,2.85,4,"334982",FALSE,NA,FALSE,FALSE,"N",1,"PHI",NA,"AK SE JUNE TR","ALASKA SE QUADRANT JUNE TROLL",15,"Alaska June South Inside Troll",3,"AK JNI T","US","pre-terminal"
"316","AK SE FALL TR",6,"AK FALL T","649265","ADFG",2021,"1M1SE106 10","1970-01-01",1,10,1123,NA,625,1,3,1,185195,"V",5009,1,7,5,1.54,1.54,3,"332787",FALSE,NA,FALSE,FALSE,"N",1,"PHI",NA,"AK SE FALL TR","ALASKA SE QUADRANT FALL TROLL",23,"Alaska Fall South Inside Troll",6,"AK FALL T","US","pre-terminal"
"317","AK SE WIN1 TR",1,"AK W/S T","649366","ADFG",2021,"1M1SE107 10","1970-01-01",1,10,1103,NA,650,1,4,1,184280,"V",5009,1,7,6,2.16,2.16,3,"332791",FALSE,NA,FALSE,FALSE,"N",1,"PHI",NA,"AK SE WIN1 TR","ALASKA SE QUADRANT EARLY WINTER TROLL",3,"Alaska Early Winter South Inside Troll",1,"AK W/S T","US","pre-terminal"
"318","AK SW SP",44,"ALASKA S","649739","ADFG",2015,"1M1SW103 7007  MS","1970-01-01",1,40,3102,NA,840,1,5,1,181878,"V",5009,1,8,2,2.78,2.78,4,"181018",FALSE,NA,FALSE,FALSE,"N",1,"PHI",NA,"AK SW SP","ALASKA SW QUADRANT SPORT",124,"Alaska Southeast Sport",44,"ALASKA S","US","pre-terminal"
"319","AK SW SP",44,"ALASKA S","649741","ADFG",2015,"1M1SW104 4007  MS","1970-01-01",1,40,3102,NA,690,1,4,1,181373,"V",5009,1,8,2,2.78,2.78,4,"181018",FALSE,NA,FALSE,FALSE,"N",1,"PHI",NA,"AK SW SP","ALASKA SW QUADRANT SPORT",124,"Alaska Southeast Sport",44,"ALASKA S","US","pre-terminal"
"320","AK NW JUNE TR",2,"AK JNO T","650110","ADFG",2015,"1M1NW113 41","1970-01-01",1,11,1114,NA,620,1,4,1,181372,"V",5009,1,7,3,2.94,2.94,5,"180192",FALSE,NA,FALSE,FALSE,"N",1,"PHI",NA,"AK NW JUNE TR","ALASKA NW QUADRANT JUNE TROLL",14,"Alaska June North Outside Troll",2,"AK JNO T","US","pre-terminal"
"321","AK NW JULY TR",4,"AK JLO T","650708","ADFG",2015,"1M1NW113 31","1970-01-01",1,10,1118,NA,670,1,4,1,181373,"V",5009,1,7,4,3.36,3.36,3,"177055",FALSE,NA,FALSE,FALSE,"N",1,"PHI",NA,"AK NW JULY TR","ALASKA NW QUADRANT JULY TROLL",18,"Alaska July North Outside Troll",4,"AK JLO T","US","pre-terminal"
"322","AK NW JULY TR",4,"AK JLO T","651748","ADFG",2015,"1M1NW113 41","1970-01-01",1,10,1118,NA,720,1,4,1,181373,"V",5009,1,7,4,3.36,3.36,3,"177055",FALSE,NA,FALSE,FALSE,"N",1,"PHI",NA,"AK NW JULY TR","ALASKA NW QUADRANT JULY TROLL",18,"Alaska July North Outside Troll",4,"AK JLO T","US","pre-terminal"
"323","AK NW JULY TR",4,"AK JLO T","652211","ADFG",2015,"1M1NW113 31","1970-01-01",1,10,1118,NA,680,1,5,1,181878,"V",5009,1,7,4,3.36,3.36,3,"177055",FALSE,NA,FALSE,FALSE,"N",1,"PHI",NA,"AK NW JULY TR","ALASKA NW QUADRANT JULY TROLL",18,"Alaska July North Outside Troll",4,"AK JLO T","US","pre-terminal"
"324","AK SE SP",44,"ALASKA S","660069","ADFG",2019,"1M1SE108 6005  MS","1970-01-01",1,40,3101,NA,680,1,4,1,184199,"V",5009,1,2,12,6.21,6.21,4,"344037",FALSE,NA,FALSE,FALSE,"N",1,"PHI",NA,"AK SE SP","ALASKA SE QUADRANT SPORT",124,"Alaska Southeast Sport",44,"ALASKA S","US","pre-terminal"
"325","AK NE JUNE TR",3,"AK JNI T","660118","ADFG",2015,"1M1NE110 31","1970-01-01",1,11,1116,NA,785,1,4,1,181372,"V",5009,1,7,3,1.69,1.69,5,"180185",FALSE,NA,FALSE,FALSE,"N",1,"PHI",NA,"AK NE JUNE TR","ALASKA NE QUADRANT JUNE TROLL",16,"Alaska June North Inside Troll",3,"AK JNI T","US","pre-terminal"
"326","AK NE JUNE TR",3,"AK JNI T","660121","ADFG",2015,"1M1NE110 31","1970-01-01",1,11,1116,NA,840,1,5,1,181878,"V",5009,1,7,3,1.69,1.69,5,"180185",FALSE,NA,FALSE,FALSE,"N",1,"PHI",NA,"AK NE JUNE TR","ALASKA NE QUADRANT JUNE TROLL",16,"Alaska June North Inside Troll",3,"AK JNI T","US","pre-terminal"
"327","AK NE JUNE TR",3,"AK JNI T","660167","ADFG",2015,"1M1NE110 31","1970-01-01",1,11,1116,NA,635,1,4,1,181373,"V",5009,1,7,3,1.69,1.69,5,"180185",FALSE,NA,FALSE,FALSE,"N",1,"PHI",NA,"AK NE JUNE TR","ALASKA NE QUADRANT JUNE TROLL",16,"Alaska June North Inside Troll",3,"AK JNI T","US","pre-terminal"
"328","AK SE JUNE TR",3,"AK JNI T","660182","ADFG",2015,"1M1SE106 43","1970-01-01",1,11,1115,NA,765,1,4,1,181372,"V",5009,1,7,3,2.37,2.37,5,"180179",FALSE,NA,FALSE,FALSE,"N",1,"PHI",NA,"AK SE JUNE TR","ALASKA SE QUADRANT JUNE TROLL",15,"Alaska June South Inside Troll",3,"AK JNI T","US","pre-terminal"
"329","AK NE SP",44,"ALASKA S","660232","ADFG",2016,"1M1NE110 1205  DE","1970-01-01",1,40,3103,NA,730,1,4,1,182083,"V",5009,1,8,1,1.19,1.19,4,"997956",FALSE,NA,FALSE,FALSE,"N",1,"PHI",NA,"AK NE SP","ALASKA NE QUADRANT SPORT",124,"Alaska Southeast Sport",44,"ALASKA S","US","pre-terminal"
"330","AK SW SP",44,"ALASKA S","660959","ADFG",2016,"1M1SW104 4007  MS","1970-01-01",1,40,3102,NA,830,1,4,1,182085,"V",5009,1,8,2,2.68,2.68,4,"997969",FALSE,NA,FALSE,FALSE,"N",1,"PHI",NA,"AK SW SP","ALASKA SW QUADRANT SPORT",124,"Alaska Southeast Sport",44,"ALASKA S","US","pre-terminal"
"331","AK SW SP",44,"ALASKA S","660973","ADFG",2016,"1M1SW104 4007  MS","1970-01-01",1,40,3102,NA,670,1,4,1,182876,"V",5009,1,8,2,2.68,2.68,4,"997969",FALSE,NA,FALSE,FALSE,"N",1,"PHI",NA,"AK SW SP","ALASKA SW QUADRANT SPORT",124,"Alaska Southeast Sport",44,"ALASKA S","US","pre-terminal"
"332","AK SW SP",44,"ALASKA S","660985","ADFG",2016,"1M1SW103 7007  MS","1970-01-01",1,40,3102,NA,780,1,4,1,182083,"V",5009,1,8,2,2.68,2.68,4,"997969",FALSE,NA,FALSE,FALSE,"N",1,"PHI",NA,"AK SW SP","ALASKA SW QUADRANT SPORT",124,"Alaska Southeast Sport",44,"ALASKA S","US","pre-terminal"
"333","AK SW SP",44,"ALASKA S","663009","ADFG",2016,"1M1SW104 4007  MS","1970-01-01",1,40,3102,NA,810,1,6,1,181878,"V",5009,1,8,1,3.35,3.35,4,"997961",FALSE,NA,FALSE,FALSE,"N",1,"PHI",NA,"AK SW SP","ALASKA SW QUADRANT SPORT",124,"Alaska Southeast Sport",44,"ALASKA S","US","pre-terminal"
"334","AK SW SP",44,"ALASKA S","663046","ADFG",2016,"1M1SW104 4007  MS","1970-01-01",1,40,3102,NA,720,1,4,1,182085,"V",5009,1,8,2,2.68,2.68,4,"997969",FALSE,NA,FALSE,FALSE,"N",1,"PHI",NA,"AK SW SP","ALASKA SW QUADRANT SPORT",124,"Alaska Southeast Sport",44,"ALASKA S","US","pre-terminal"
"335","AK SW SP",44,"ALASKA S","663067","ADFG",2016,"1M1SW104 4007  MS","1970-01-01",1,40,3102,NA,740,1,4,1,182083,"V",5009,1,8,2,2.68,2.68,4,"997969",FALSE,NA,FALSE,FALSE,"N",1,"PHI",NA,"AK SW SP","ALASKA SW QUADRANT SPORT",124,"Alaska Southeast Sport",44,"ALASKA S","US","pre-terminal"
"336","AK SW SP",44,"ALASKA S","663159","ADFG",2016,"1M1SW104 4007  MS","1970-01-01",1,40,3102,NA,670,1,4,1,182876,"V",5009,1,8,2,2.68,2.68,4,"997969",FALSE,NA,FALSE,FALSE,"N",1,"PHI",NA,"AK SW SP","ALASKA SW QUADRANT SPORT",124,"Alaska Southeast Sport",44,"ALASKA S","US","pre-terminal"
"337","AK NW WIN1 TR",1,"AK W/S T","664441","ADFG",2021,"1M1NW113 95","1970-01-01",1,10,1102,NA,730,1,5,1,184765,"V",5009,1,7,6,2.24,2.24,3,"332790",FALSE,NA,FALSE,FALSE,"N",1,"PHI",NA,"AK NW WIN1 TR","ALASKA NW QUADRANT EARLY WINTER TROLL",2,"Alaska Early Winter North Outside Troll",1,"AK W/S T","US","pre-terminal"
"338","AK NE WIN2 TR",1,"AK W/S T","664473","ADFG",2022,"1M1NE","1970-01-01",1,10,1108,NA,810,1,5,1,183992,"V",5009,1,7,1,1.74,1.74,3,"328923",FALSE,NA,FALSE,FALSE,"N",1,"PHI",NA,"AK NE WIN2 TR","ALASKA NE QUADRANT LATE WINTER TROLL",8,"Alaska Late Winter North Inside Troll",1,"AK W/S T","US","pre-terminal"
"339","AK NW SP",44,"ALASKA S","665109","ADFG",2015,"1M1NW113 6103  MS","1970-01-01",1,40,3104,NA,630,1,4,1,181372,"V",5009,1,8,2,5.39,5.39,4,"181014",FALSE,NA,FALSE,FALSE,"N",1,"PHI",NA,"AK NW SP","ALASKA NW QUADRANT SPORT",124,"Alaska Southeast Sport",44,"ALASKA S","US","pre-terminal"
"340","AK NW SP",44,"ALASKA S","665151","ADFG",2015,"1M1NW113 4103  MS","1970-01-01",1,40,3104,NA,750,1,4,1,181373,"V",5009,1,8,2,5.39,5.39,4,"181014",FALSE,NA,FALSE,FALSE,"N",1,"PHI",NA,"AK NW SP","ALASKA NW QUADRANT SPORT",124,"Alaska Southeast Sport",44,"ALASKA S","US","pre-terminal"
"341","AK NW SP",44,"ALASKA S","665550","ADFG",2016,"1M1NW113   03  DE","1970-01-01",1,40,3104,NA,750,1,4,1,182083,"V",5009,1,8,1,1.03,1.03,4,"997953",FALSE,NA,FALSE,FALSE,"N",1,"PHI",NA,"AK NW SP","ALASKA NW QUADRANT SPORT",124,"Alaska Southeast Sport",44,"ALASKA S","US","pre-terminal"
"342","AK SW JULY TR",4,"AK JLO T","666519","ADFG",2015,"1M1SW","1970-01-01",1,10,1117,NA,610,1,4,1,181373,"V",5009,1,7,4,1.97,1.97,3,"177057",FALSE,NA,FALSE,FALSE,"N",1,"PHI",NA,"AK SW JULY TR","ALASKA SW QUADRANT JULY TROLL",17,"Alaska July South Outside Troll",4,"AK JLO T","US","pre-terminal"
"343","AK SW SP",44,"ALASKA S","666694","ADFG",2016,"1M1SW104 4007  MS","1970-01-01",1,40,3102,NA,860,1,5,1,181373,"V",5009,1,8,2,2.68,2.68,4,"997969",FALSE,NA,FALSE,FALSE,"N",1,"PHI",NA,"AK SW SP","ALASKA SW QUADRANT SPORT",124,"Alaska Southeast Sport",44,"ALASKA S","US","pre-terminal"
"344","AK SW JULY TR",4,"AK JLO T","666748","ADFG",2015,"1M1SW103","1970-01-01",1,10,1117,NA,760,1,4,1,181373,"V",5009,1,7,4,1.97,1.97,3,"177057",FALSE,NA,FALSE,FALSE,"N",1,"PHI",NA,"AK SW JULY TR","ALASKA SW QUADRANT JULY TROLL",17,"Alaska July South Outside Troll",4,"AK JLO T","US","pre-terminal"
"345","AK SW JULY TR",4,"AK JLO T","671331","ADFG",2015,"1M1SW104 40","1970-01-01",1,10,1117,NA,860,1,4,1,181372,"V",5009,1,7,4,1.97,1.97,3,"177057",FALSE,NA,FALSE,FALSE,"N",1,"PHI",NA,"AK SW JULY TR","ALASKA SW QUADRANT JULY TROLL",17,"Alaska July South Outside Troll",4,"AK JLO T","US","pre-terminal"
"346","AK SW SP",44,"ALASKA S","673243","ADFG",2017,"1M1SW104 4007  MS","1970-01-01",1,40,3102,NA,880,1,5,1,182876,"V",5009,1,8,2,2.44,2.44,4,"172415",FALSE,NA,FALSE,FALSE,"N",1,"PHI",NA,"AK SW SP","ALASKA SW QUADRANT SPORT",124,"Alaska Southeast Sport",44,"ALASKA S","US","pre-terminal"
"347","AK SW SP",44,"ALASKA S","673255","ADFG",2017,"1M1SW104 4007  MS","1970-01-01",1,40,3102,NA,840,1,4,1,182786,"V",5009,1,8,2,2.44,2.44,4,"172415",FALSE,NA,FALSE,FALSE,"N",1,"PHI",NA,"AK SW SP","ALASKA SW QUADRANT SPORT",124,"Alaska Southeast Sport",44,"ALASKA S","US","pre-terminal"
"348","AK SW SP",44,"ALASKA S","673290","ADFG",2017,"1M1SW104 4007  MS","1970-01-01",1,40,3102,NA,890,1,4,1,182787,"V",5009,1,8,2,2.44,2.44,4,"172415",FALSE,NA,FALSE,FALSE,"N",1,"PHI",NA,"AK SW SP","ALASKA SW QUADRANT SPORT",124,"Alaska Southeast Sport",44,"ALASKA S","US","pre-terminal"
"349","AK SW SP",44,"ALASKA S","673442","ADFG",2016,"1M1SW103 7007  MS","1970-01-01",1,40,3102,NA,860,1,4,1,182085,"V",5009,1,8,3,2.64,2.64,4,"997979",FALSE,NA,FALSE,FALSE,"N",1,"PHI",NA,"AK SW SP","ALASKA SW QUADRANT SPORT",124,"Alaska Southeast Sport",44,"ALASKA S","US","pre-terminal"
"350","AK SW SP",44,"ALASKA S","673484","ADFG",2017,"1M1SW104 3007  MS","1970-01-01",1,40,3102,NA,770,1,4,1,182787,"V",5009,1,8,2,2.44,2.44,4,"172415",FALSE,NA,FALSE,FALSE,"N",1,"PHI",NA,"AK SW SP","ALASKA SW QUADRANT SPORT",124,"Alaska Southeast Sport",44,"ALASKA S","US","pre-terminal"
"351","AK NE SP",44,"ALASKA S","677216","ADFG",2020,"1M1NE111 4004  MS","1970-01-01",1,40,3103,NA,660,1,4,1,184595,"V",5009,1,2,12,8.48,8.48,4,"339880",FALSE,NA,FALSE,FALSE,"N",1,"PHI",NA,"AK NE SP","ALASKA NE QUADRANT SPORT",124,"Alaska Southeast Sport",44,"ALASKA S","US","pre-terminal"
"352","AK 101 GN",17,"ALASKA N","679784","ADFG",2018,"1M1SE101 28","1970-01-01",1,31,2101,NA,940,1,4,1,183468,"V",5009,1,7,27,1.24,1.24,4,"351493",FALSE,NA,FALSE,FALSE,"N",1,"PHI",NA,"AK 101 GN","AK DISTRICT 101 GILLNET",55,"Alaska District 101 And 102 Gillnet",17,"ALASKA N","US","pre-terminal"
"353","AK 101 GN",17,"ALASKA N","679919","ADFG",2018,"1M1SE101","1970-01-01",1,31,2101,NA,380,1,2,1,184595,"V",5009,1,7,31,0.62,1,4,"351497",FALSE,NA,FALSE,FALSE,"N",1,"PHI",NA,"AK 101 GN","AK DISTRICT 101 GILLNET",55,"Alaska District 101 And 102 Gillnet",17,"ALASKA N","US","pre-terminal"
"354","AK NW JUNE TR",2,"AK JNO T","698964","ADFG",2017,"1M1NW113 41","1970-01-01",1,11,1114,NA,740,1,4,1,182786,"V",5009,1,7,3,1.42,1.42,5,"171590",FALSE,NA,FALSE,FALSE,"N",1,"PHI",NA,"AK NW JUNE TR","ALASKA NW QUADRANT JUNE TROLL",14,"Alaska June North Outside Troll",2,"AK JNO T","US","pre-terminal"
"355","AK NW JUNE TR",2,"AK JNO T","698989","ADFG",2017,"1M1NW113 31","1970-01-01",1,11,1114,NA,665,1,5,1,182876,"V",5009,1,7,3,1.51,1.51,5,"171588",FALSE,NA,FALSE,FALSE,"N",1,"PHI",NA,"AK NW JUNE TR","ALASKA NW QUADRANT JUNE TROLL",14,"Alaska June North Outside Troll",2,"AK JNO T","US","pre-terminal"
"356","AK 113 GN",17,"ALASKA N","699121","ADFG",2017,"1M1NW113 38","1970-01-01",1,22,2113,NA,765,1,4,1,182786,"V",5009,1,7,25,1.18,1.18,4,"171033",FALSE,NA,FALSE,FALSE,"N",1,"PHI",NA,"AK 113 GN","AK DISTRICT 113 GILLNET",59,"Alaska Southeast Other Gillnet",17,"ALASKA N","US","pre-terminal"
"357","AK NW JULY TR",4,"AK JLO T","699990","ADFG",2017,"1M1NW113 71","1970-01-01",1,10,1118,NA,790,1,4,1,182786,"V",5009,1,7,4,2.63,2.63,3,"168475",FALSE,NA,FALSE,FALSE,"N",1,"PHI",NA,"AK NW JULY TR","ALASKA NW QUADRANT JULY TROLL",18,"Alaska July North Outside Troll",4,"AK JLO T","US","pre-terminal"
"358","AK SASO SN",17,"ALASKA N","705739","ADFG",2015,"1M1SWSASO","1970-01-01",1,25,2125,NA,825,1,5,1,181878,"V",5009,1,7,4,3.86,3.87075958188153,4,"176614",FALSE,NA,FALSE,FALSE,"N",1.00278745644599,"PHI",NA,"AK SASO SN","ALASKA SEINE AREA SOUTH OUTSIDE (DISTRICT 103 & 104)",65,"Alaska District 103 & 104 Seine",17,"ALASKA N","US","pre-terminal"
"359","AK SE WIN2 TR",1,"AK W/S T","706057","ADFG",2016,"1M1SE105","1970-01-01",1,10,1107,NA,665,1,4,1,182085,"V",5009,1,7,1,2.28,2.28004878007035,3,"994342",FALSE,NA,FALSE,FALSE,"N",1,"PHI",NA,"AK SE WIN2 TR","ALASKA SE QUADRANT LATE WINTER TROLL",7,"Alaska Late Winter South Inside Troll",1,"AK W/S T","US","pre-terminal"
"360","AK SE WIN2 TR",1,"AK W/S T","706059","ADFG",2016,"1M1SE101 45","1970-01-01",1,10,1107,NA,650,1,4,1,182876,"V",5009,1,7,1,2.28,2.28004878007035,3,"994342",FALSE,NA,FALSE,FALSE,"N",1,"PHI",NA,"AK SE WIN2 TR","ALASKA SE QUADRANT LATE WINTER TROLL",7,"Alaska Late Winter South Inside Troll",1,"AK W/S T","US","pre-terminal"
"361","AK SE WIN2 TR",1,"AK W/S T","706062","ADFG",2016,"1M1SE102 50","1970-01-01",1,10,1107,NA,675,1,4,1,182085,"V",5009,1,7,1,2.28,2.28004878007035,3,"994342",FALSE,NA,FALSE,FALSE,"N",1,"PHI",NA,"AK SE WIN2 TR","ALASKA SE QUADRANT LATE WINTER TROLL",7,"Alaska Late Winter South Inside Troll",1,"AK W/S T","US","pre-terminal"
"362","AK SE WIN2 TR",1,"AK W/S T","706071","ADFG",2016,"1M1SE101 29","1970-01-01",1,10,1107,NA,655,1,4,1,182083,"V",5009,1,7,1,2.28,2.28004878007035,3,"994342",FALSE,NA,FALSE,FALSE,"N",1,"PHI",NA,"AK SE WIN2 TR","ALASKA SE QUADRANT LATE WINTER TROLL",7,"Alaska Late Winter South Inside Troll",1,"AK W/S T","US","pre-terminal"
"363","AK SE WIN2 TR",1,"AK W/S T","706074","ADFG",2016,"1M1SE101 21","1970-01-01",1,10,1107,NA,645,1,4,1,182083,"V",5009,1,7,1,2.28,2.28004878007035,3,"994342",FALSE,NA,FALSE,FALSE,"N",1,"PHI",NA,"AK SE WIN2 TR","ALASKA SE QUADRANT LATE WINTER TROLL",7,"Alaska Late Winter South Inside Troll",1,"AK W/S T","US","pre-terminal"
"364","AK SE SPR TR",1,"AK W/S T","706092","ADFG",2016,"1M1SE102 50","1970-01-01",1,11,1111,NA,635,1,4,1,182876,"V",5009,1,7,2,1.22,1.22,5,"997025",FALSE,NA,FALSE,FALSE,"N",1,"PHI",NA,"AK SE SPR TR","ALASKA SE QUADRANT SPRING TROLL",11,"Alaska Spring South Inside Troll",1,"AK W/S T","US","pre-terminal"
"365","AK SE SPR TR",1,"AK W/S T","706093","ADFG",2016,"1M1SE102 50","1970-01-01",1,11,1111,NA,650,1,4,1,182085,"V",5009,1,7,2,1.22,1.22,5,"997025",FALSE,NA,FALSE,FALSE,"N",1,"PHI",NA,"AK SE SPR TR","ALASKA SE QUADRANT SPRING TROLL",11,"Alaska Spring South Inside Troll",1,"AK W/S T","US","pre-terminal"
"366","AK SE SPR TR",1,"AK W/S T","706098","ADFG",2016,"1M1SE102 50","1970-01-01",1,11,1111,NA,690,1,4,1,182083,"V",5009,1,7,2,1.22,1.22,5,"997025",FALSE,NA,FALSE,FALSE,"N",1,"PHI",NA,"AK SE SPR TR","ALASKA SE QUADRANT SPRING TROLL",11,"Alaska Spring South Inside Troll",1,"AK W/S T","US","pre-terminal"
"367","AK SE SPR TR",1,"AK W/S T","706100","ADFG",2016,"1M1SE102 50","1970-01-01",1,11,1111,NA,725,1,4,1,182084,"V",5009,1,7,2,1.22,1.22,5,"997025",FALSE,NA,FALSE,FALSE,"N",1,"PHI",NA,"AK SE SPR TR","ALASKA SE QUADRANT SPRING TROLL",11,"Alaska Spring South Inside Troll",1,"AK W/S T","US","pre-terminal"
"368","AK NW WIN2 TR",1,"AK W/S T","710309","ADFG",2016,"1M1NW113 55","1970-01-01",1,10,1106,NA,850,1,5,1,181372,"V",5009,1,7,1,2.39,2.39005113349479,3,"994341",FALSE,NA,FALSE,FALSE,"N",1,"PHI",NA,"AK NW WIN2 TR","ALASKA NW QUADRANT LATE WINTER TROLL",6,"Alaska Late Winter North Outside Troll",1,"AK W/S T","US","pre-terminal"
"369","AK NW WIN1 TR",1,"AK W/S T","710712","ADFG",2015,"1M1NW113 41","1970-01-01",1,10,1102,NA,620,1,4,1,182083,"V",5009,1,7,6,2.92,2.92,3,"177059",FALSE,NA,FALSE,FALSE,"N",1,"PHI",NA,"AK NW WIN1 TR","ALASKA NW QUADRANT EARLY WINTER TROLL",2,"Alaska Early Winter North Outside Troll",1,"AK W/S T","US","pre-terminal"
"370","AK NW WIN2 TR",1,"AK W/S T","710782","ADFG",2016,"1M1NW113 41","1970-01-01",1,10,1106,NA,620,1,4,1,182083,"V",5009,1,7,1,2.39,2.39005113349479,3,"994341",FALSE,NA,FALSE,FALSE,"N",1,"PHI",NA,"AK NW WIN2 TR","ALASKA NW QUADRANT LATE WINTER TROLL",6,"Alaska Late Winter North Outside Troll",1,"AK W/S T","US","pre-terminal"
"371","AK NW WIN1 TR",1,"AK W/S T","710887","ADFG",2015,"1M1NW113 41","1970-01-01",1,10,1102,NA,650,1,4,1,182084,"V",5009,1,7,6,2.92,2.92,3,"177059",FALSE,NA,FALSE,FALSE,"N",1,"PHI",NA,"AK NW WIN1 TR","ALASKA NW QUADRANT EARLY WINTER TROLL",2,"Alaska Early Winter North Outside Troll",1,"AK W/S T","US","pre-terminal"
"372","AK NW WIN1 TR",1,"AK W/S T","711036","ADFG",2015,"1M1NW113 31","1970-01-01",1,10,1102,NA,690,1,4,1,182083,"V",5009,1,7,6,2.92,2.92,3,"177059",FALSE,NA,FALSE,FALSE,"N",1,"PHI",NA,"AK NW WIN1 TR","ALASKA NW QUADRANT EARLY WINTER TROLL",2,"Alaska Early Winter North Outside Troll",1,"AK W/S T","US","pre-terminal"
"373","AK NW WIN2 TR",1,"AK W/S T","711952","ADFG",2016,"1M1NW113 41","1970-01-01",1,10,1106,NA,700,1,4,1,182085,"V",5009,1,7,1,2.39,2.39005113349479,3,"994341",FALSE,NA,FALSE,FALSE,"N",1,"PHI",NA,"AK NW WIN2 TR","ALASKA NW QUADRANT LATE WINTER TROLL",6,"Alaska Late Winter North Outside Troll",1,"AK W/S T","US","pre-terminal"
"374","AK SE SPR TR",1,"AK W/S T","712019","ADFG",2016,"1M1SE101 29","1970-01-01",1,11,1111,NA,710,1,4,1,182083,"V",5009,1,7,2,1.84,1.84,5,"997021",FALSE,NA,FALSE,FALSE,"N",1,"PHI",NA,"AK SE SPR TR","ALASKA SE QUADRANT SPRING TROLL",11,"Alaska Spring South Inside Troll",1,"AK W/S T","US","pre-terminal"
"375","AK SE SPR TR",1,"AK W/S T","712022","ADFG",2016,"1M1SE102 50","1970-01-01",1,11,1111,NA,610,1,4,1,182085,"V",5009,1,7,2,1.22,1.22,5,"997025",FALSE,NA,FALSE,FALSE,"N",1,"PHI",NA,"AK SE SPR TR","ALASKA SE QUADRANT SPRING TROLL",11,"Alaska Spring South Inside Troll",1,"AK W/S T","US","pre-terminal"
"376","AK SE SPR TR",1,"AK W/S T","712023","ADFG",2016,"1M1SE102 50","1970-01-01",1,11,1111,NA,680,1,4,1,182085,"V",5009,1,7,2,1.22,1.22,5,"997025",FALSE,NA,FALSE,FALSE,"N",1,"PHI",NA,"AK SE SPR TR","ALASKA SE QUADRANT SPRING TROLL",11,"Alaska Spring South Inside Troll",1,"AK W/S T","US","pre-terminal"
"377","AK SE SPR TR",1,"AK W/S T","712036","ADFG",2016,"1M1SE101 45","1970-01-01",1,11,1111,NA,695,1,4,1,182084,"V",5009,1,7,2,1.72,1.72,5,"997022",FALSE,NA,FALSE,FALSE,"N",1,"PHI",NA,"AK SE SPR TR","ALASKA SE QUADRANT SPRING TROLL",11,"Alaska Spring South Inside Troll",1,"AK W/S T","US","pre-terminal"
"378","AK SE SPR TR",1,"AK W/S T","712038","ADFG",2016,"1M1SE101 45","1970-01-01",1,11,1111,NA,680,1,4,1,182083,"V",5009,1,7,2,1.72,1.72,5,"997022",FALSE,NA,FALSE,FALSE,"N",1,"PHI",NA,"AK SE SPR TR","ALASKA SE QUADRANT SPRING TROLL",11,"Alaska Spring South Inside Troll",1,"AK W/S T","US","pre-terminal"
"379","AK SW WIN1 TR",1,"AK W/S T","713347","ADFG",2015,"1M1SW103 50","1970-01-01",1,10,1101,NA,675,1,4,1,182083,"V",5009,1,7,6,3.07,3.07,3,"177061",FALSE,NA,FALSE,FALSE,"N",1,"PHI",NA,"AK SW WIN1 TR","ALASKA SW QUADRANT EARLY WINTER TROLL",1,"Alaska Early Winter South Outside Troll",1,"AK W/S T","US","pre-terminal"
"380","AK NE WIN1 TR",1,"AK W/S T","713357","ADFG",2015,"1M1NE109 61","1970-01-01",1,10,1104,NA,745,1,5,1,181373,"V",5009,1,7,6,1.42,1.42,3,"177058",FALSE,NA,FALSE,FALSE,"N",1,"PHI",NA,"AK NE WIN1 TR","ALASKA NE QUADRANT EARLY WINTER TROLL",4,"Alaska Early Winter North Inside Troll",1,"AK W/S T","US","pre-terminal"
"381","AK SE WIN1 TR",1,"AK W/S T","713377","ADFG",2015,"1M1SE105 10","1970-01-01",1,10,1103,NA,805,1,5,1,181372,"V",5009,1,7,6,2.22,2.22,3,"177060",FALSE,NA,FALSE,FALSE,"N",1,"PHI",NA,"AK SE WIN1 TR","ALASKA SE QUADRANT EARLY WINTER TROLL",3,"Alaska Early Winter South Inside Troll",1,"AK W/S T","US","pre-terminal"
"382","AK NE WIN1 TR",1,"AK W/S T","713386","ADFG",2015,"1M1NE109 61","1970-01-01",1,10,1104,NA,620,1,4,1,182084,"V",5009,1,7,6,1.42,1.42,3,"177058",FALSE,NA,FALSE,FALSE,"N",1,"PHI",NA,"AK NE WIN1 TR","ALASKA NE QUADRANT EARLY WINTER TROLL",4,"Alaska Early Winter North Inside Troll",1,"AK W/S T","US","pre-terminal"
"383","AK NE WIN1 TR",1,"AK W/S T","713387","ADFG",2015,"1M1NE109 61","1970-01-01",1,10,1104,NA,660,1,4,1,182085,"V",5009,1,7,6,1.42,1.42,3,"177058",FALSE,NA,FALSE,FALSE,"N",1,"PHI",NA,"AK NE WIN1 TR","ALASKA NE QUADRANT EARLY WINTER TROLL",4,"Alaska Early Winter North Inside Troll",1,"AK W/S T","US","pre-terminal"
"384","AK NE SPR TR",1,"AK W/S T","713469","ADFG",2016,"1M1NE112 12","1970-01-01",1,11,1112,NA,640,1,4,1,182085,"V",5009,1,7,2,1.52,1.52,5,"997038",FALSE,NA,FALSE,FALSE,"N",1,"PHI",NA,"AK NE SPR TR","ALASKA NE QUADRANT SPRING TROLL",12,"Alaska Spring North Inside Troll",1,"AK W/S T","US","pre-terminal"
"385","AK NE SPR TR",1,"AK W/S T","713470","ADFG",2016,"1M1NE112 12","1970-01-01",1,11,1112,NA,650,1,4,1,182085,"V",5009,1,7,2,1.52,1.52,5,"997038",FALSE,NA,FALSE,FALSE,"N",1,"PHI",NA,"AK NE SPR TR","ALASKA NE QUADRANT SPRING TROLL",12,"Alaska Spring North Inside Troll",1,"AK W/S T","US","pre-terminal"
"386","AK SW SPR TR",1,"AK W/S T","713488","ADFG",2016,"1M1SW103 50","1970-01-01",1,11,1109,NA,860,1,5,1,181372,"V",5009,1,7,2,1.18,1.18,5,"997026",FALSE,NA,FALSE,FALSE,"N",1,"PHI",NA,"AK SW SPR TR","ALASKA SW QUADRANT SPRING TROLL",9,"Alaska Spring South Outside Troll",1,"AK W/S T","US","pre-terminal"
"387","AK SW SPR TR",1,"AK W/S T","713723","ADFG",2016,"1M1SW103 50","1970-01-01",1,11,1109,NA,760,1,4,1,182084,"V",5009,1,7,2,1.18,1.18,5,"997026",FALSE,NA,FALSE,FALSE,"N",1,"PHI",NA,"AK SW SPR TR","ALASKA SW QUADRANT SPRING TROLL",9,"Alaska Spring South Outside Troll",1,"AK W/S T","US","pre-terminal"
"388","AK SW SPR TR",1,"AK W/S T","713728","ADFG",2016,"1M1SW103 50","1970-01-01",1,11,1109,NA,760,1,4,1,182083,"V",5009,1,7,2,1.18,1.18,5,"997026",FALSE,NA,FALSE,FALSE,"N",1,"PHI",NA,"AK SW SPR TR","ALASKA SW QUADRANT SPRING TROLL",9,"Alaska Spring South Outside Troll",1,"AK W/S T","US","pre-terminal"
"389","AK SW SPR TR",1,"AK W/S T","713731","ADFG",2016,"1M1SW103 50","1970-01-01",1,11,1109,NA,620,1,4,1,182876,"V",5009,1,7,2,1.18,1.18,5,"997026",FALSE,NA,FALSE,FALSE,"N",1,"PHI",NA,"AK SW SPR TR","ALASKA SW QUADRANT SPRING TROLL",9,"Alaska Spring South Outside Troll",1,"AK W/S T","US","pre-terminal"
"390","AK SW SPR TR",1,"AK W/S T","713738","ADFG",2016,"1M1SW103 50","1970-01-01",1,11,1109,NA,660,1,4,1,182084,"V",5009,1,7,2,1.18,1.18,5,"997026",FALSE,NA,FALSE,FALSE,"N",1,"PHI",NA,"AK SW SPR TR","ALASKA SW QUADRANT SPRING TROLL",9,"Alaska Spring South Outside Troll",1,"AK W/S T","US","pre-terminal"
"391","AK SW SPR TR",1,"AK W/S T","713744","ADFG",2016,"1M1SW103 50","1970-01-01",1,11,1109,NA,670,1,4,1,182876,"V",5009,1,7,2,1.18,1.18,5,"997026",FALSE,NA,FALSE,FALSE,"N",1,"PHI",NA,"AK SW SPR TR","ALASKA SW QUADRANT SPRING TROLL",9,"Alaska Spring South Outside Troll",1,"AK W/S T","US","pre-terminal"
"392","AK SE JUNE TR",3,"AK JNI T","713782","ADFG",2016,"1M1SE102 09","1970-01-01",1,11,1115,NA,640,1,4,1,182876,"V",5009,1,7,3,1.84,1.84,5,"997056",FALSE,NA,FALSE,FALSE,"N",1,"PHI",NA,"AK SE JUNE TR","ALASKA SE QUADRANT JUNE TROLL",15,"Alaska June South Inside Troll",3,"AK JNI T","US","pre-terminal"
"393","AK NE WIN1 TR",1,"AK W/S T","714262","ADFG",2015,"1M1NE110 31","1970-01-01",1,10,1104,NA,655,1,4,1,182083,"V",5009,1,7,6,1.42,1.42,3,"177058",FALSE,NA,FALSE,FALSE,"N",1,"PHI",NA,"AK NE WIN1 TR","ALASKA NE QUADRANT EARLY WINTER TROLL",4,"Alaska Early Winter North Inside Troll",1,"AK W/S T","US","pre-terminal"
"394","AK NE WIN1 TR",1,"AK W/S T","714265","ADFG",2015,"1M1NE110 12","1970-01-01",1,10,1104,NA,755,1,5,1,181373,"V",5009,1,7,6,1.42,1.42,3,"177058",FALSE,NA,FALSE,FALSE,"N",1,"PHI",NA,"AK NE WIN1 TR","ALASKA NE QUADRANT EARLY WINTER TROLL",4,"Alaska Early Winter North Inside Troll",1,"AK W/S T","US","pre-terminal"
"395","AK NE WIN1 TR",1,"AK W/S T","714272","ADFG",2015,"1M1NE110 16","1970-01-01",1,10,1104,NA,725,1,5,1,181373,"V",5009,1,7,6,1.42,1.42,3,"177058",FALSE,NA,FALSE,FALSE,"N",1,"PHI",NA,"AK NE WIN1 TR","ALASKA NE QUADRANT EARLY WINTER TROLL",4,"Alaska Early Winter North Inside Troll",1,"AK W/S T","US","pre-terminal"
"396","AK SE WIN1 TR",1,"AK W/S T","714277","ADFG",2015,"1M1SE108 60","1970-01-01",1,10,1103,NA,655,1,5,1,181373,"V",5009,1,7,6,2.22,2.22,3,"177060",FALSE,NA,FALSE,FALSE,"N",1,"PHI",NA,"AK SE WIN1 TR","ALASKA SE QUADRANT EARLY WINTER TROLL",3,"Alaska Early Winter South Inside Troll",1,"AK W/S T","US","pre-terminal"
"397","AK SE WIN1 TR",1,"AK W/S T","714284","ADFG",2015,"1M1SE106 41","1970-01-01",1,10,1103,NA,615,1,4,1,182083,"V",5009,1,7,6,2.22,2.22,3,"177060",FALSE,NA,FALSE,FALSE,"N",1,"PHI",NA,"AK SE WIN1 TR","ALASKA SE QUADRANT EARLY WINTER TROLL",3,"Alaska Early Winter South Inside Troll",1,"AK W/S T","US","pre-terminal"
"398","AK SE WIN1 TR",1,"AK W/S T","714292","ADFG",2015,"1M1SE106 43","1970-01-01",1,10,1103,NA,780,1,5,1,181372,"V",5009,1,7,6,2.22,2.22,3,"177060",FALSE,NA,FALSE,FALSE,"N",1,"PHI",NA,"AK SE WIN1 TR","ALASKA SE QUADRANT EARLY WINTER TROLL",3,"Alaska Early Winter South Inside Troll",1,"AK W/S T","US","pre-terminal"
"399","AK SE WIN2 TR",1,"AK W/S T","714310","ADFG",2016,"1M1SE106 30","1970-01-01",1,10,1107,NA,670,1,4,1,182085,"V",5009,1,7,1,2.28,2.28004878007035,3,"994342",FALSE,NA,FALSE,FALSE,"N",1,"PHI",NA,"AK SE WIN2 TR","ALASKA SE QUADRANT LATE WINTER TROLL",7,"Alaska Late Winter South Inside Troll",1,"AK W/S T","US","pre-terminal"
"400","AK NE SPR TR",1,"AK W/S T","714321","ADFG",2016,"1M1NE110 31","1970-01-01",1,11,1112,NA,660,1,4,1,182085,"V",5009,1,7,2,1.46,1.46,5,"997037",FALSE,NA,FALSE,FALSE,"N",1,"PHI",NA,"AK NE SPR TR","ALASKA NE QUADRANT SPRING TROLL",12,"Alaska Spring North Inside Troll",1,"AK W/S T","US","pre-terminal"
"401","AK NE SPR TR",1,"AK W/S T","714344","ADFG",2016,"1M1NE112 12","1970-01-01",1,11,1112,NA,610,1,4,1,182876,"V",5009,1,7,2,1.52,1.52,5,"997038",FALSE,NA,FALSE,FALSE,"N",1,"PHI",NA,"AK NE SPR TR","ALASKA NE QUADRANT SPRING TROLL",12,"Alaska Spring North Inside Troll",1,"AK W/S T","US","pre-terminal"
"402","AK SE SPR TR",1,"AK W/S T","714356","ADFG",2016,"1M1SE108 41","1970-01-01",1,11,1111,NA,725,1,4,1,182084,"V",5009,1,7,2,1.55,1.55,5,"997034",FALSE,NA,FALSE,FALSE,"N",1,"PHI",NA,"AK SE SPR TR","ALASKA SE QUADRANT SPRING TROLL",11,"Alaska Spring South Inside Troll",1,"AK W/S T","US","pre-terminal"
"403","AK SE SPR TR",1,"AK W/S T","714357","ADFG",2016,"1M1SE108 41","1970-01-01",1,11,1111,NA,675,1,4,1,182083,"V",5009,1,7,2,1.55,1.55,5,"997034",FALSE,NA,FALSE,FALSE,"N",1,"PHI",NA,"AK SE SPR TR","ALASKA SE QUADRANT SPRING TROLL",11,"Alaska Spring South Inside Troll",1,"AK W/S T","US","pre-terminal"
"404","AK NE SPR TR",1,"AK W/S T","714391","ADFG",2016,"1M1NE109 62","1970-01-01",1,11,1112,NA,670,1,4,1,182876,"V",5009,1,7,2,1.18,1.18,5,"997036",FALSE,NA,FALSE,FALSE,"N",1,"PHI",NA,"AK NE SPR TR","ALASKA NE QUADRANT SPRING TROLL",12,"Alaska Spring North Inside Troll",1,"AK W/S T","US","pre-terminal"
"405","AK 108 GN",17,"ALASKA N","714621","ADFG",2015,"1M1SE108 30","1970-01-01",1,20,2108,NA,720,1,4,1,181373,"V",5009,1,7,40,1,1.0010271282702,4,"176904",FALSE,NA,FALSE,FALSE,"N",1.0010271282702,"PHI",NA,"AK 108 GN","AK DISTRICT 108 GILLNET",59,"Alaska Southeast Other Gillnet",17,"ALASKA N","US","pre-terminal"
"406","AK SE JUNE TR",3,"AK JNI T","714636","ADFG",2016,"1M1SE105 41","1970-01-01",1,11,1115,NA,880,1,5,1,181372,"V",5009,1,7,3,2.65,2.65,5,"997060",FALSE,NA,FALSE,FALSE,"N",1,"PHI",NA,"AK SE JUNE TR","ALASKA SE QUADRANT JUNE TROLL",15,"Alaska June South Inside Troll",3,"AK JNI T","US","pre-terminal"
"407","AK NE WIN1 TR",1,"AK W/S T","714651","ADFG",2016,"1M1NE110 12","1970-01-01",1,10,1104,NA,660,1,5,1,182876,"V",5009,1,7,6,1.24,1.24002652951194,3,"994352",FALSE,NA,FALSE,FALSE,"N",1,"PHI",NA,"AK NE WIN1 TR","ALASKA NE QUADRANT EARLY WINTER TROLL",4,"Alaska Early Winter North Inside Troll",1,"AK W/S T","US","pre-terminal"
"408","AK SE WIN1 TR",1,"AK W/S T","714661","ADFG",2016,"1M1SE106 43","1970-01-01",1,10,1103,NA,825,1,5,1,182084,"V",5009,1,7,6,2.24,2.24004792427964,3,"994354",FALSE,NA,FALSE,FALSE,"N",1,"PHI",NA,"AK SE WIN1 TR","ALASKA SE QUADRANT EARLY WINTER TROLL",3,"Alaska Early Winter South Inside Troll",1,"AK W/S T","US","pre-terminal"
"409","AK WN TTR",7,"TAK TERM T","714663","ADFG",2016,"1M1SE106 44","1970-01-01",1,10,1142,NA,750,1,4,1,182876,"V",5009,1,7,6,2.24,2.24004792427964,3,"994354",FALSE,NA,FALSE,FALSE,"N",1,"PHI",NA,"AK WN TTR","WRANGELL NARROWS TERM. TROLL",26,"Alaska Terminal Troll",7,"TAK TERM T","US","terminal"
"410","AK NE WIN2 TR",1,"AK W/S T","714670","ADFG",2017,"1M1NE110 16","1970-01-01",1,10,1108,NA,640,1,5,1,182876,"V",5009,1,7,1,1.95,1.95,3,"168470",FALSE,NA,FALSE,FALSE,"N",1,"PHI",NA,"AK NE WIN2 TR","ALASKA NE QUADRANT LATE WINTER TROLL",8,"Alaska Late Winter North Inside Troll",1,"AK W/S T","US","pre-terminal"
"411","AK WN TTR",7,"TAK TERM T","714676","ADFG",2017,"1M1SE106 44","1970-01-01",1,10,1142,NA,740,1,5,1,182876,"V",5009,1,7,1,2.94,2.94,3,"168472",FALSE,NA,FALSE,FALSE,"N",1,"PHI",NA,"AK WN TTR","WRANGELL NARROWS TERM. TROLL",26,"Alaska Terminal Troll",7,"TAK TERM T","US","terminal"
"412","AK WN TTR",7,"TAK TERM T","714677","ADFG",2017,"1M1SE106 44","1970-01-01",1,10,1142,NA,660,1,4,1,182965,"V",5009,1,7,1,2.94,2.94,3,"168472",FALSE,NA,FALSE,FALSE,"N",1,"PHI",NA,"AK WN TTR","WRANGELL NARROWS TERM. TROLL",26,"Alaska Terminal Troll",7,"TAK TERM T","US","terminal"
"413","AK NE WIN2 TR",1,"AK W/S T","714686","ADFG",2017,"1M1NE110 12","1970-01-01",1,10,1108,NA,740,1,5,1,182876,"V",5009,1,7,1,1.95,1.95,3,"168470",FALSE,NA,FALSE,FALSE,"N",1,"PHI",NA,"AK NE WIN2 TR","ALASKA NE QUADRANT LATE WINTER TROLL",8,"Alaska Late Winter North Inside Troll",1,"AK W/S T","US","pre-terminal"
"414","AK NE WIN2 TR",1,"AK W/S T","714691","ADFG",2017,"1M1NE110 12","1970-01-01",1,10,1108,NA,700,1,4,1,182787,"V",5009,1,7,1,1.95,1.95,3,"168470",FALSE,NA,FALSE,FALSE,"N",1,"PHI",NA,"AK NE WIN2 TR","ALASKA NE QUADRANT LATE WINTER TROLL",8,"Alaska Late Winter North Inside Troll",1,"AK W/S T","US","pre-terminal"
"415","AK NE WIN2 TR",1,"AK W/S T","714697","ADFG",2017,"1M1NE110 12","1970-01-01",1,10,1108,NA,685,1,5,1,182876,"V",5009,1,7,1,1.95,1.95,3,"168470",FALSE,NA,FALSE,FALSE,"N",1,"PHI",NA,"AK NE WIN2 TR","ALASKA NE QUADRANT LATE WINTER TROLL",8,"Alaska Late Winter North Inside Troll",1,"AK W/S T","US","pre-terminal"
"416","AK SE WIN2 TR",1,"AK W/S T","714701","ADFG",2016,"1M1SE106 41","1970-01-01",1,10,1107,NA,695,1,4,1,182084,"V",5009,1,7,1,2.28,2.28004878007035,3,"994342",FALSE,NA,FALSE,FALSE,"N",1,"PHI",NA,"AK SE WIN2 TR","ALASKA SE QUADRANT LATE WINTER TROLL",7,"Alaska Late Winter South Inside Troll",1,"AK W/S T","US","pre-terminal"
"417","AK SE WIN2 TR",1,"AK W/S T","714702","ADFG",2016,"1M1SE106 41","1970-01-01",1,10,1107,NA,755,1,5,1,181373,"V",5009,1,7,1,2.28,2.28004878007035,3,"994342",FALSE,NA,FALSE,FALSE,"N",1,"PHI",NA,"AK SE WIN2 TR","ALASKA SE QUADRANT LATE WINTER TROLL",7,"Alaska Late Winter South Inside Troll",1,"AK W/S T","US","pre-terminal"
"418","AK 108 GN",17,"ALASKA N","714719","ADFG",2016,"1M1SE108 60","1970-01-01",1,20,2108,NA,660,1,4,1,180770,"V",5009,1,7,26,14.1,14.1549001739707,4,"994084",FALSE,NA,FALSE,FALSE,"N",1.00389362935962,"PHI",NA,"AK 108 GN","AK DISTRICT 108 GILLNET",59,"Alaska Southeast Other Gillnet",17,"ALASKA N","US","pre-terminal"
"419","AK NE WIN2 TR",1,"AK W/S T","714779","ADFG",2017,"1M1NE110 12","1970-01-01",1,10,1108,NA,835,1,5,1,182084,"V",5009,1,7,1,1.95,1.95,3,"168470",FALSE,NA,FALSE,FALSE,"N",1,"PHI",NA,"AK NE WIN2 TR","ALASKA NE QUADRANT LATE WINTER TROLL",8,"Alaska Late Winter North Inside Troll",1,"AK W/S T","US","pre-terminal"
"420","AK NW WIN1 TR",1,"AK W/S T","715284","ADFG",2015,"1M1NW113 62","1970-01-01",1,10,1102,NA,670,1,4,1,182083,"V",5009,1,7,6,2.92,2.92,3,"177059",FALSE,NA,FALSE,FALSE,"N",1,"PHI",NA,"AK NW WIN1 TR","ALASKA NW QUADRANT EARLY WINTER TROLL",2,"Alaska Early Winter North Outside Troll",1,"AK W/S T","US","pre-terminal"
"421","AK NW WIN1 TR",1,"AK W/S T","715496","ADFG",2015,"1M1NW113 41","1970-01-01",1,10,1102,NA,715,1,5,1,181373,"V",5009,1,7,6,2.92,2.92,3,"177059",FALSE,NA,FALSE,FALSE,"N",1,"PHI",NA,"AK NW WIN1 TR","ALASKA NW QUADRANT EARLY WINTER TROLL",2,"Alaska Early Winter North Outside Troll",1,"AK W/S T","US","pre-terminal"
"422","AK NW WIN1 TR",1,"AK W/S T","715515","ADFG",2015,"1M1NW113 41","1970-01-01",1,10,1102,NA,630,1,4,1,182083,"V",5009,1,7,6,2.92,2.92,3,"177059",FALSE,NA,FALSE,FALSE,"N",1,"PHI",NA,"AK NW WIN1 TR","ALASKA NW QUADRANT EARLY WINTER TROLL",2,"Alaska Early Winter North Outside Troll",1,"AK W/S T","US","pre-terminal"
"423","AK NW WIN1 TR",1,"AK W/S T","715565","ADFG",2015,"1M1NW113 41","1970-01-01",1,10,1102,NA,790,1,5,1,181372,"V",5009,1,7,6,2.92,2.92,3,"177059",FALSE,NA,FALSE,FALSE,"N",1,"PHI",NA,"AK NW WIN1 TR","ALASKA NW QUADRANT EARLY WINTER TROLL",2,"Alaska Early Winter North Outside Troll",1,"AK W/S T","US","pre-terminal"
"424","AK NW WIN1 TR",1,"AK W/S T","715723","ADFG",2015,"1M1NW113 41","1970-01-01",1,10,1102,NA,700,1,5,1,181372,"V",5009,1,7,6,2.92,2.92,3,"177059",FALSE,NA,FALSE,FALSE,"N",1,"PHI",NA,"AK NW WIN1 TR","ALASKA NW QUADRANT EARLY WINTER TROLL",2,"Alaska Early Winter North Outside Troll",1,"AK W/S T","US","pre-terminal"
"425","AK SE SPR TR",1,"AK W/S T","716027","ADFG",2016,"1M1SE101 45","1970-01-01",1,11,1111,NA,770,1,4,1,182083,"V",5009,1,7,2,1.72,1.72,5,"997022",FALSE,NA,FALSE,FALSE,"N",1,"PHI",NA,"AK SE SPR TR","ALASKA SE QUADRANT SPRING TROLL",11,"Alaska Spring South Inside Troll",1,"AK W/S T","US","pre-terminal"
"426","AK SE SPR TR",1,"AK W/S T","716029","ADFG",2016,"1M1SE102 50","1970-01-01",1,11,1111,NA,650,1,4,1,182876,"V",5009,1,7,2,1.22,1.22,5,"997025",FALSE,NA,FALSE,FALSE,"N",1,"PHI",NA,"AK SE SPR TR","ALASKA SE QUADRANT SPRING TROLL",11,"Alaska Spring South Inside Troll",1,"AK W/S T","US","pre-terminal"
"427","AK SE SPR TR",1,"AK W/S T","716032","ADFG",2016,"1M1SE101 21","1970-01-01",1,11,1111,NA,620,1,4,1,182876,"V",5009,1,7,2,1.32,1.32,5,"997020",FALSE,NA,FALSE,FALSE,"N",1,"PHI",NA,"AK SE SPR TR","ALASKA SE QUADRANT SPRING TROLL",11,"Alaska Spring South Inside Troll",1,"AK W/S T","US","pre-terminal"
"428","AK SE SPR TR",1,"AK W/S T","716035","ADFG",2016,"1M1SE101 29","1970-01-01",1,11,1111,NA,700,1,4,1,182876,"V",5009,1,7,2,1.84,1.84,5,"997021",FALSE,NA,FALSE,FALSE,"N",1,"PHI",NA,"AK SE SPR TR","ALASKA SE QUADRANT SPRING TROLL",11,"Alaska Spring South Inside Troll",1,"AK W/S T","US","pre-terminal"
"429","AK SE SPR TR",1,"AK W/S T","716066","ADFG",2016,"1M1SE101 21","1970-01-01",1,11,1111,NA,730,1,4,1,182083,"V",5009,1,7,2,1.32,1.32,5,"997020",FALSE,NA,FALSE,FALSE,"N",1,"PHI",NA,"AK SE SPR TR","ALASKA SE QUADRANT SPRING TROLL",11,"Alaska Spring South Inside Troll",1,"AK W/S T","US","pre-terminal"
"430","AK SE JUNE TR",3,"AK JNI T","716096","ADFG",2016,"1M1SE102 10","1970-01-01",1,11,1115,NA,680,1,4,1,182876,"V",5009,1,7,3,1.7,1.7,5,"997057",FALSE,NA,FALSE,FALSE,"N",1,"PHI",NA,"AK SE JUNE TR","ALASKA SE QUADRANT JUNE TROLL",15,"Alaska June South Inside Troll",3,"AK JNI T","US","pre-terminal"
"431","AK SE WIN1 TR",1,"AK W/S T","716200","ADFG",2015,"1M1SE","1970-01-01",1,10,1103,NA,605,1,4,1,182084,"V",5009,1,7,6,2.22,2.22,3,"177060",FALSE,NA,FALSE,FALSE,"N",1,"PHI",NA,"AK SE WIN1 TR","ALASKA SE QUADRANT EARLY WINTER TROLL",3,"Alaska Early Winter South Inside Troll",1,"AK W/S T","US","pre-terminal"
"432","AK SE JUNE TR",3,"AK JNI T","716229","ADFG",2016,"1M1SE101 29","1970-01-01",1,11,1115,NA,950,1,5,1,181373,"V",5009,1,7,3,1.61,1.61,5,"997054",FALSE,NA,FALSE,FALSE,"N",1,"PHI",NA,"AK SE JUNE TR","ALASKA SE QUADRANT JUNE TROLL",15,"Alaska June South Inside Troll",3,"AK JNI T","US","pre-terminal"
"433","AK SE JUNE TR",3,"AK JNI T","716268","ADFG",2016,"1M1SE102 50","1970-01-01",1,11,1115,NA,630,1,4,1,182083,"V",5009,1,7,3,1.31,1.31,5,"997058",FALSE,NA,FALSE,FALSE,"N",1,"PHI",NA,"AK SE JUNE TR","ALASKA SE QUADRANT JUNE TROLL",15,"Alaska June South Inside Troll",3,"AK JNI T","US","pre-terminal"
"434","AK SASI SN",17,"ALASKA N","716347","ADFG",2016,"1M1SESASI","1970-01-01",1,25,2124,NA,660,1,4,1,182876,"V",5009,1,7,1,2.57,2.57,4,"993925",FALSE,NA,FALSE,FALSE,"N",1,"PHI",NA,"AK SASI SN","ALASKA SEINE AREA SOUTH INSIDE (DISTRICT 101 & 102)",64,"Alaska District 101 & 102 Seine",17,"ALASKA N","US","pre-terminal"
"435","AK SASI SN",17,"ALASKA N","716389","ADFG",2016,"1M1SESASI","1970-01-01",1,25,2124,NA,690,1,4,1,182876,"V",5009,1,7,1,2.57,2.57,4,"993925",FALSE,NA,FALSE,FALSE,"N",1,"PHI",NA,"AK SASI SN","ALASKA SEINE AREA SOUTH INSIDE (DISTRICT 101 & 102)",64,"Alaska District 101 & 102 Seine",17,"ALASKA N","US","pre-terminal"
"436","AK SE JUNE TR",3,"AK JNI T","716405","ADFG",2016,"1M1SE101 21","1970-01-01",1,11,1115,NA,680,1,4,1,182876,"V",5009,1,7,3,2.06,2.06,5,"997053",FALSE,NA,FALSE,FALSE,"N",1,"PHI",NA,"AK SE JUNE TR","ALASKA SE QUADRANT JUNE TROLL",15,"Alaska June South Inside Troll",3,"AK JNI T","US","pre-terminal"
"437","AK SE JUNE TR",3,"AK JNI T","716451","ADFG",2016,"1M1SE101 29","1970-01-01",1,11,1115,NA,640,1,4,1,182876,"V",5009,1,7,3,1.61,1.61,5,"997054",FALSE,NA,FALSE,FALSE,"N",1,"PHI",NA,"AK SE JUNE TR","ALASKA SE QUADRANT JUNE TROLL",15,"Alaska June South Inside Troll",3,"AK JNI T","US","pre-terminal"
"438","AK SASI SN",17,"ALASKA N","716459","ADFG",2016,"1M1SESASI","1970-01-01",1,25,2124,NA,680,1,4,1,182084,"V",5009,1,7,1,2.57,2.57,4,"993925",FALSE,NA,FALSE,FALSE,"N",1,"PHI",NA,"AK SASI SN","ALASKA SEINE AREA SOUTH INSIDE (DISTRICT 101 & 102)",64,"Alaska District 101 & 102 Seine",17,"ALASKA N","US","pre-terminal"
"439","AK 106 GN",17,"ALASKA N","716818","ADFG",2016,"1M1SE106 30","1970-01-01",1,20,2106,NA,645,1,4,1,182876,"V",5009,1,7,38,6,6.02336177615773,4,"994181",FALSE,NA,FALSE,FALSE,"N",1.00389362935962,"PHI",NA,"AK 106 GN","AK DISTRICT 106 GILLNET",58,"Alaska District 115 Gillnet",17,"ALASKA N","US","pre-terminal"
"440","AK SE WIN2 TR",1,"AK W/S T","716896","ADFG",2017,"1M1SE101 90","1970-01-01",1,10,1107,NA,685,1,4,1,182786,"V",5009,1,7,1,2.94,2.94,3,"168472",FALSE,NA,FALSE,FALSE,"N",1,"PHI",NA,"AK SE WIN2 TR","ALASKA SE QUADRANT LATE WINTER TROLL",7,"Alaska Late Winter South Inside Troll",1,"AK W/S T","US","pre-terminal"
"441","AK 106 GN",17,"ALASKA N","716977","ADFG",2016,"1M1SE106 30","1970-01-01",1,20,2106,NA,645,1,4,1,182876,"V",5009,1,7,40,2.25,2.25876066605915,4,"994189",FALSE,NA,FALSE,FALSE,"N",1.00389362935962,"PHI",NA,"AK 106 GN","AK DISTRICT 106 GILLNET",58,"Alaska District 115 Gillnet",17,"ALASKA N","US","pre-terminal"
"442","AK SE WIN1 TR",1,"AK W/S T","716996","ADFG",2016,"1M1SE101 41","1970-01-01",1,10,1103,NA,660,1,4,1,182787,"V",5009,1,7,6,2.24,2.24004792427964,3,"994354",FALSE,NA,FALSE,FALSE,"N",1,"PHI",NA,"AK SE WIN1 TR","ALASKA SE QUADRANT EARLY WINTER TROLL",3,"Alaska Early Winter South Inside Troll",1,"AK W/S T","US","pre-terminal"
"443","AK SE WIN1 TR",1,"AK W/S T","716998","ADFG",2016,"1M1SE101 41","1970-01-01",1,10,1103,NA,710,1,5,1,182876,"V",5009,1,7,6,2.24,2.24004792427964,3,"994354",FALSE,NA,FALSE,FALSE,"N",1,"PHI",NA,"AK SE WIN1 TR","ALASKA SE QUADRANT EARLY WINTER TROLL",3,"Alaska Early Winter South Inside Troll",1,"AK W/S T","US","pre-terminal"
"444","AK SE WIN1 TR",1,"AK W/S T","716999","ADFG",2016,"1M1SE101 41","1970-01-01",1,10,1103,NA,725,1,5,1,180770,"V",5009,1,7,6,2.24,2.24004792427964,3,"994354",FALSE,NA,FALSE,FALSE,"N",1,"PHI",NA,"AK SE WIN1 TR","ALASKA SE QUADRANT EARLY WINTER TROLL",3,"Alaska Early Winter South Inside Troll",1,"AK W/S T","US","pre-terminal"
"445","AK SW MSF T",6,"AK FALL T","717808","ADFG",2017,"1M1SW103 70","1970-01-01",1,10,1146,NA,810,1,5,1,182876,"V",5009,1,7,4,1.38,1.38,3,"168019",FALSE,NA,FALSE,FALSE,"S",1,"PHI",NA,"AK SW MSF T","ALASKA SW QUADRANT SUMMER MSF TROLL",189,"Alaska Summer CNR MSF North Inside Troll",6,"AK FALL T","US","pre-terminal"
"446","AK NW WIN2 TR",1,"AK W/S T","718051","ADFG",2016,"1M1NW113 41","1970-01-01",1,10,1106,NA,670,1,5,1,181373,"V",5009,1,7,1,2.39,2.39005113349479,3,"994341",FALSE,NA,FALSE,FALSE,"N",1,"PHI",NA,"AK NW WIN2 TR","ALASKA NW QUADRANT LATE WINTER TROLL",6,"Alaska Late Winter North Outside Troll",1,"AK W/S T","US","pre-terminal"
"447","AK NW WIN2 TR",1,"AK W/S T","718335","ADFG",2016,"1M1NW113 41","1970-01-01",1,10,1106,NA,610,1,4,1,182084,"V",5009,1,7,1,2.39,2.39005113349479,3,"994341",FALSE,NA,FALSE,FALSE,"N",1,"PHI",NA,"AK NW WIN2 TR","ALASKA NW QUADRANT LATE WINTER TROLL",6,"Alaska Late Winter North Outside Troll",1,"AK W/S T","US","pre-terminal"
"448","AK NW WIN1 TR",1,"AK W/S T","718703","ADFG",2015,"1M1NW113 41","1970-01-01",1,10,1102,NA,620,1,4,1,182085,"V",5009,1,7,6,2.92,2.92,3,"177059",FALSE,NA,FALSE,FALSE,"N",1,"PHI",NA,"AK NW WIN1 TR","ALASKA NW QUADRANT EARLY WINTER TROLL",2,"Alaska Early Winter North Outside Troll",1,"AK W/S T","US","pre-terminal"
"449","AK NW WIN1 TR",1,"AK W/S T","718765","ADFG",2015,"1M1NW113 41","1970-01-01",1,10,1102,NA,765,1,5,1,181373,"V",5009,1,7,6,2.92,2.92,3,"177059",FALSE,NA,FALSE,FALSE,"N",1,"PHI",NA,"AK NW WIN1 TR","ALASKA NW QUADRANT EARLY WINTER TROLL",2,"Alaska Early Winter North Outside Troll",1,"AK W/S T","US","pre-terminal"
"450","AK NW WIN1 TR",1,"AK W/S T","718862","ADFG",2015,"1M1NW113 41","1970-01-01",1,10,1102,NA,780,1,5,1,181372,"V",5009,1,7,6,2.92,2.92,3,"177059",FALSE,NA,FALSE,FALSE,"N",1,"PHI",NA,"AK NW WIN1 TR","ALASKA NW QUADRANT EARLY WINTER TROLL",2,"Alaska Early Winter North Outside Troll",1,"AK W/S T","US","pre-terminal"
"451","AK NW WIN2 TR",1,"AK W/S T","719237","ADFG",2016,"1M1NW113 45","1970-01-01",1,10,1106,NA,675,1,4,1,182084,"V",5009,1,7,1,2.39,2.39005113349479,3,"994341",FALSE,NA,FALSE,FALSE,"N",1,"PHI",NA,"AK NW WIN2 TR","ALASKA NW QUADRANT LATE WINTER TROLL",6,"Alaska Late Winter North Outside Troll",1,"AK W/S T","US","pre-terminal"
"452","AK NW SPR TR",1,"AK W/S T","719297","ADFG",2016,"1M1NW113 62","1970-01-01",1,11,1110,NA,700,1,4,1,182083,"V",5009,1,7,2,1.44,1.44,5,"997044",FALSE,NA,FALSE,FALSE,"N",1,"PHI",NA,"AK NW SPR TR","ALASKA NW QUADRANT SPRING TROLL",10,"Alaska Spring North Outside Troll",1,"AK W/S T","US","pre-terminal"
"453","AK NE SPR TR",1,"AK W/S T","719319","ADFG",2016,"1M1NE109 62","1970-01-01",1,11,1112,NA,820,1,5,1,181372,"V",5009,1,7,2,1.18,1.18,5,"997036",FALSE,NA,FALSE,FALSE,"N",1,"PHI",NA,"AK NE SPR TR","ALASKA NE QUADRANT SPRING TROLL",12,"Alaska Spring North Inside Troll",1,"AK W/S T","US","pre-terminal"
"454","AK NE SPR TR",1,"AK W/S T","719349","ADFG",2016,"1M1NE109 10","1970-01-01",1,11,1112,NA,770,1,4,1,182085,"V",5009,1,7,2,0.98,1,5,"997035",FALSE,NA,FALSE,FALSE,"N",1,"PHI",NA,"AK NE SPR TR","ALASKA NE QUADRANT SPRING TROLL",12,"Alaska Spring North Inside Troll",1,"AK W/S T","US","pre-terminal"
"455","AK NW SPR TR",1,"AK W/S T","719432","ADFG",2016,"1M1NW113 30","1970-01-01",1,11,1110,NA,665,1,4,1,182085,"V",5009,1,7,2,2.42,2.42,5,"997041",FALSE,NA,FALSE,FALSE,"N",1,"PHI",NA,"AK NW SPR TR","ALASKA NW QUADRANT SPRING TROLL",10,"Alaska Spring North Outside Troll",1,"AK W/S T","US","pre-terminal"
"456","AK NW JUNE TR",2,"AK JNO T","719484","ADFG",2016,"1M1NW113 41","1970-01-01",1,11,1114,NA,880,1,5,1,181372,"V",5009,1,7,3,1.77,1.77,5,"997076",FALSE,NA,FALSE,FALSE,"N",1,"PHI",NA,"AK NW JUNE TR","ALASKA NW QUADRANT JUNE TROLL",14,"Alaska June North Outside Troll",2,"AK JNO T","US","pre-terminal"
"457","AK NW JUNE TR",2,"AK JNO T","719498","ADFG",2016,"1M1NW113 01","1970-01-01",1,11,1114,NA,645,1,4,1,182084,"V",5009,1,7,3,1.41,1.41,5,"997072",FALSE,NA,FALSE,FALSE,"N",1,"PHI",NA,"AK NW JUNE TR","ALASKA NW QUADRANT JUNE TROLL",14,"Alaska June North Outside Troll",2,"AK JNO T","US","pre-terminal"
"458","AK NW SPR TR",1,"AK W/S T","719638","ADFG",2016,"1M1NW113 30","1970-01-01",1,11,1110,NA,745,1,4,1,182085,"V",5009,1,7,3,1.69,1.69,5,"997073",FALSE,NA,FALSE,FALSE,"N",1,"PHI",NA,"AK NW SPR TR","ALASKA NW QUADRANT SPRING TROLL",10,"Alaska Spring North Outside Troll",1,"AK W/S T","US","pre-terminal"
"459","AK NW JUNE TR",2,"AK JNO T","719688","ADFG",2016,"1M1NW113 41","1970-01-01",1,11,1114,NA,645,1,4,1,182085,"V",5009,1,7,3,1.77,1.77,5,"997076",FALSE,NA,FALSE,FALSE,"N",1,"PHI",NA,"AK NW JUNE TR","ALASKA NW QUADRANT JUNE TROLL",14,"Alaska June North Outside Troll",2,"AK JNO T","US","pre-terminal"
"460","AK NW JUNE TR",2,"AK JNO T","719723","ADFG",2016,"1M1NW113 41","1970-01-01",1,11,1114,NA,840,1,6,1,181878,"V",5009,1,7,3,1.77,1.77,5,"997076",FALSE,NA,FALSE,FALSE,"N",1,"PHI",NA,"AK NW JUNE TR","ALASKA NW QUADRANT JUNE TROLL",14,"Alaska June North Outside Troll",2,"AK JNO T","US","pre-terminal"
"461","AK NE JUNE TR",3,"AK JNI T","719885","ADFG",2016,"1M1NE109 62","1970-01-01",1,11,1116,NA,640,1,4,1,182876,"V",5009,1,7,3,1.12,1.12,5,"997068",FALSE,NA,FALSE,FALSE,"N",1,"PHI",NA,"AK NE JUNE TR","ALASKA NE QUADRANT JUNE TROLL",16,"Alaska June North Inside Troll",3,"AK JNI T","US","pre-terminal"
"462","AK NW JULY TR",4,"AK JLO T","719961","ADFG",2016,"1M1NW113 41","1970-01-01",1,10,1118,NA,640,1,4,1,182083,"V",5009,1,7,4,3.28,3.28007017483804,3,"994345",FALSE,NA,FALSE,FALSE,"N",1,"PHI",NA,"AK NW JULY TR","ALASKA NW QUADRANT JULY TROLL",18,"Alaska July North Outside Troll",4,"AK JLO T","US","pre-terminal"
"463","AK NW WIN1 TR",1,"AK W/S T","720019","ADFG",2015,"1M1NW113 41","1970-01-01",1,10,1102,NA,620,1,4,1,182083,"V",5009,1,7,6,2.92,2.92,3,"177059",FALSE,NA,FALSE,FALSE,"N",1,"PHI",NA,"AK NW WIN1 TR","ALASKA NW QUADRANT EARLY WINTER TROLL",2,"Alaska Early Winter North Outside Troll",1,"AK W/S T","US","pre-terminal"
"464","AK NW JUNE TR",2,"AK JNO T","720127","ADFG",2016,"1M1NW113 31","1970-01-01",1,11,1114,NA,725,1,4,1,182084,"V",5009,1,7,3,1.66,1.66,5,"997074",FALSE,NA,FALSE,FALSE,"N",1,"PHI",NA,"AK NW JUNE TR","ALASKA NW QUADRANT JUNE TROLL",14,"Alaska June North Outside Troll",2,"AK JNO T","US","pre-terminal"
"465","AK NW SPR TR",1,"AK W/S T","720337","ADFG",2016,"1M1NW113 41","1970-01-01",1,11,1110,NA,800,1,4,1,182084,"V",5009,1,7,2,1.94,1.94,5,"997043",FALSE,NA,FALSE,FALSE,"N",1,"PHI",NA,"AK NW SPR TR","ALASKA NW QUADRANT SPRING TROLL",10,"Alaska Spring North Outside Troll",1,"AK W/S T","US","pre-terminal"
"466","AK NW SPR TR",1,"AK W/S T","720343","ADFG",2016,"1M1NW113 41","1970-01-01",1,11,1110,NA,690,1,4,1,182085,"V",5009,1,7,2,1.94,1.94,5,"997043",FALSE,NA,FALSE,FALSE,"N",1,"PHI",NA,"AK NW SPR TR","ALASKA NW QUADRANT SPRING TROLL",10,"Alaska Spring North Outside Troll",1,"AK W/S T","US","pre-terminal"
"467","AK NE JUNE TR",3,"AK JNI T","720497","ADFG",2016,"1M1NE109 62","1970-01-01",1,11,1116,NA,760,1,4,1,182085,"V",5009,1,7,3,1.12,1.12,5,"997068",FALSE,NA,FALSE,FALSE,"N",1,"PHI",NA,"AK NE JUNE TR","ALASKA NE QUADRANT JUNE TROLL",16,"Alaska June North Inside Troll",3,"AK JNI T","US","pre-terminal"
"468","AK SASI SN",17,"ALASKA N","722110","ADFG",2016,"1M1SESASI","1970-01-01",1,25,2124,NA,690,1,4,1,182083,"V",5009,1,7,2,3.1,3.1,4,"993928",FALSE,NA,FALSE,FALSE,"N",1,"PHI",NA,"AK SASI SN","ALASKA SEINE AREA SOUTH INSIDE (DISTRICT 101 & 102)",64,"Alaska District 101 & 102 Seine",17,"ALASKA N","US","pre-terminal"
"469","AK NE MSF T",6,"AK FALL T","722292","ADFG",2016,"1M1NE109 62","1970-01-01",1,10,1149,NA,735,1,4,1,180771,"V",5009,1,7,5,6.25,6.2501337172981,3,"993921",FALSE,NA,FALSE,FALSE,"S",1,"PHI",NA,"AK NE MSF T","ALASKA NE QUADRANT SUMMER MSF TROLL",192,"Alaska Summer CNR MSF North Outside Troll",6,"AK FALL T","US","pre-terminal"
"470","AK NE WIN1 TR",1,"AK W/S T","722358","ADFG",2017,"1M1NE110 12","1970-01-01",1,10,1104,NA,790,1,5,1,182965,"V",5009,1,7,6,1.22,1.22,3,"168478",FALSE,NA,FALSE,FALSE,"N",1,"PHI",NA,"AK NE WIN1 TR","ALASKA NE QUADRANT EARLY WINTER TROLL",4,"Alaska Early Winter North Inside Troll",1,"AK W/S T","US","pre-terminal"
"471","AK NE JUNE TR",3,"AK JNI T","722453","ADFG",2016,"1M1NE109 62","1970-01-01",1,11,1116,NA,670,1,4,1,182083,"V",5009,1,7,3,1.12,1.12,5,"997068",FALSE,NA,FALSE,FALSE,"N",1,"PHI",NA,"AK NE JUNE TR","ALASKA NE QUADRANT JUNE TROLL",16,"Alaska June North Inside Troll",3,"AK JNI T","US","pre-terminal"
"472","AK NE JUNE TR",3,"AK JNI T","722454","ADFG",2016,"1M1NE109 62","1970-01-01",1,11,1116,NA,730,1,4,1,182876,"V",5009,1,7,3,1.12,1.12,5,"997068",FALSE,NA,FALSE,FALSE,"N",1,"PHI",NA,"AK NE JUNE TR","ALASKA NE QUADRANT JUNE TROLL",16,"Alaska June North Inside Troll",3,"AK JNI T","US","pre-terminal"
"473","AK SACI SN",17,"ALASKA N","722507","ADFG",2016,"1M1SESACI","1970-01-01",1,25,2126,NA,370,1,2,1,183468,"V",5009,1,7,5,NA,1,4,"994378",FALSE,NA,FALSE,FALSE,"N",1,"PHI",NA,"AK SACI SN","ALASKA SEINE AREA CENTRAL INSIDE (DISTRICT 105, 106 & 107)",66,"Alaska District 105 106 & 107 Seine",17,"ALASKA N","US","pre-terminal"
"474","AK WN TTR",7,"TAK TERM T","722706","ADFG",2021,"1M1SE106 44","1970-01-01",1,10,1142,NA,880,1,5,1,184595,"V",5009,1,7,1,1.58,1.58,3,"332779",FALSE,NA,FALSE,FALSE,"N",1,"PHI",NA,"AK WN TTR","WRANGELL NARROWS TERM. TROLL",26,"Alaska Terminal Troll",7,"TAK TERM T","US","terminal"
"475","AK SE WIN2 TR",1,"AK W/S T","722779","ADFG",2022,"1M1SE106 41","1970-01-01",1,10,1107,NA,650,1,4,1,185195,"V",5009,1,7,1,1.43,1.43,3,"328925",FALSE,NA,FALSE,FALSE,"N",1,"PHI",NA,"AK SE WIN2 TR","ALASKA SE QUADRANT LATE WINTER TROLL",7,"Alaska Late Winter South Inside Troll",1,"AK W/S T","US","pre-terminal"
"476","AK NE WIN2 TR",1,"AK W/S T","722780","ADFG",2022,"1M1NE109 61","1970-01-01",1,10,1108,NA,625,1,4,1,185195,"V",5009,1,7,1,1.74,1.74,3,"328923",FALSE,NA,FALSE,FALSE,"N",1,"PHI",NA,"AK NE WIN2 TR","ALASKA NE QUADRANT LATE WINTER TROLL",8,"Alaska Late Winter North Inside Troll",1,"AK W/S T","US","pre-terminal"
"477","AK NE SPR TR",1,"AK W/S T","722844","ADFG",2017,"1M1NE110 12","1970-01-01",1,10,1112,NA,860,1,5,1,182085,"V",5009,1,7,1,1.95,1.95,3,"168470",FALSE,NA,FALSE,FALSE,"N",1,"PHI",NA,"AK NE SPR TR","ALASKA NE QUADRANT SPRING TROLL",12,"Alaska Spring North Inside Troll",1,"AK W/S T","US","pre-terminal"
"478","AK NE SPR TR",1,"AK W/S T","722872","ADFG",2017,"1M1NE112 12","1970-01-01",1,11,1112,NA,720,1,5,1,182876,"V",5009,1,7,2,1.38,1.38,5,"171563",FALSE,NA,FALSE,FALSE,"N",1,"PHI",NA,"AK NE SPR TR","ALASKA NE QUADRANT SPRING TROLL",12,"Alaska Spring North Inside Troll",1,"AK W/S T","US","pre-terminal"
"479","AK SACO SN",17,"ALASKA N","723126","ADFG",2017,"1M1NESACO","1970-01-01",1,25,2127,NA,370,1,2,1,184198,"V",5009,1,7,2,0.52,1.0077519379845,4,"168494",FALSE,NA,FALSE,FALSE,"N",1.0077519379845,"PHI",NA,"AK SACO SN","ALASKA SEINE AREA CENTRAL OUTSIDE (DISTRICT 109 & 110)",67,"Alaska District 109 & 110 Seine",17,"ALASKA N","US","pre-terminal"
"480","AK WN TTR",7,"TAK TERM T","723667","ADFG",2017,"1M1SE106 44","1970-01-01",1,10,1142,NA,680,1,3,1,183468,"V",5009,1,7,6,1.88,1.88,3,"168480",FALSE,NA,FALSE,FALSE,"N",1,"PHI",NA,"AK WN TTR","WRANGELL NARROWS TERM. TROLL",26,"Alaska Terminal Troll",7,"TAK TERM T","US","terminal"
"481","AK NE MSF T",6,"AK FALL T","723797","ADFG",2017,"1M1NE109 51","1970-01-01",1,10,1149,NA,705,1,4,1,182787,"V",5009,1,7,4,4.21,4.21,3,"168016",FALSE,NA,FALSE,FALSE,"S",1,"PHI",NA,"AK NE MSF T","ALASKA NE QUADRANT SUMMER MSF TROLL",192,"Alaska Summer CNR MSF North Outside Troll",6,"AK FALL T","US","pre-terminal"
"482","AK SE SPR TR",1,"AK W/S T","724001","ADFG",2017,"1M1SE101 45","1970-01-01",1,11,1111,NA,670,1,4,1,182965,"V",5009,1,7,2,1.7,1.7,5,"171550",FALSE,NA,FALSE,FALSE,"N",1,"PHI",NA,"AK SE SPR TR","ALASKA SE QUADRANT SPRING TROLL",11,"Alaska Spring South Inside Troll",1,"AK W/S T","US","pre-terminal"
"483","AK SE SPR TR",1,"AK W/S T","724012","ADFG",2017,"1M1SE101 21","1970-01-01",1,11,1111,NA,770,1,4,1,182787,"V",5009,1,7,2,1,1,5,"171548",FALSE,NA,FALSE,FALSE,"N",1,"PHI",NA,"AK SE SPR TR","ALASKA SE QUADRANT SPRING TROLL",11,"Alaska Spring South Inside Troll",1,"AK W/S T","US","pre-terminal"
"484","AK SE SPR TR",1,"AK W/S T","724030","ADFG",2017,"1M1SE102 10","1970-01-01",1,11,1111,NA,680,1,4,1,182965,"V",5009,1,7,2,1.08,1.08,5,"171552",FALSE,NA,FALSE,FALSE,"N",1,"PHI",NA,"AK SE SPR TR","ALASKA SE QUADRANT SPRING TROLL",11,"Alaska Spring South Inside Troll",1,"AK W/S T","US","pre-terminal"
"485","AK SE JUNE TR",3,"AK JNI T","724105","ADFG",2017,"1M1SE107 10","1970-01-01",1,11,1115,NA,820,1,4,1,182787,"V",5009,1,7,3,1.27,1.27,5,"171581",FALSE,NA,FALSE,FALSE,"N",1,"PHI",NA,"AK SE JUNE TR","ALASKA SE QUADRANT JUNE TROLL",15,"Alaska June South Inside Troll",3,"AK JNI T","US","pre-terminal"
"486","AK SE FALL TR",6,"AK FALL T","724585","ADFG",2016,"1M1SE","1970-01-01",1,10,1123,NA,725,1,4,1,182876,"V",5009,1,7,5,2.56,2.5600547706053,3,"994350",FALSE,NA,FALSE,FALSE,"N",1,"PHI",NA,"AK SE FALL TR","ALASKA SE QUADRANT FALL TROLL",23,"Alaska Fall South Inside Troll",6,"AK FALL T","US","pre-terminal"
"487","AK SE FALL TR",6,"AK FALL T","724586","ADFG",2016,"1M1SE","1970-01-01",1,10,1123,NA,660,1,4,1,182876,"V",5009,1,7,5,2.56,2.5600547706053,3,"994350",FALSE,NA,FALSE,FALSE,"N",1,"PHI",NA,"AK SE FALL TR","ALASKA SE QUADRANT FALL TROLL",23,"Alaska Fall South Inside Troll",6,"AK FALL T","US","pre-terminal"
"488","AK SASO SN",17,"ALASKA N","724625","ADFG",2016,"1M1SWSASO","1970-01-01",1,25,2125,NA,400,1,2,1,183467,"V",5009,1,7,4,0.07,1.00371189385563,4,"994376",FALSE,NA,FALSE,FALSE,"N",1.00371189385563,"PHI",NA,"AK SASO SN","ALASKA SEINE AREA SOUTH OUTSIDE (DISTRICT 103 & 104)",65,"Alaska District 103 & 104 Seine",17,"ALASKA N","US","pre-terminal"
"489","AK 101 GN",17,"ALASKA N","724743","ADFG",2016,"1M1SE101 11","1970-01-01",1,20,2101,NA,610,1,3,1,182786,"V",5009,1,7,36,1.32,1.32110924369748,4,"994171",FALSE,NA,FALSE,FALSE,"N",1.00084033613445,"PHI",NA,"AK 101 GN","AK DISTRICT 101 GILLNET",55,"Alaska District 101 And 102 Gillnet",17,"ALASKA N","US","pre-terminal"
"490","AK SE FALL TR",6,"AK FALL T","724817","ADFG",2016,"1M1SE101 25","1970-01-01",1,10,1123,NA,640,1,4,1,182876,"V",5009,1,7,5,2.56,2.5600547706053,3,"994350",FALSE,NA,FALSE,FALSE,"N",1,"PHI",NA,"AK SE FALL TR","ALASKA SE QUADRANT FALL TROLL",23,"Alaska Fall South Inside Troll",6,"AK FALL T","US","pre-terminal"
"491","AK SE FALL TR",6,"AK FALL T","724826","ADFG",2016,"1M1SE101 21","1970-01-01",1,10,1123,NA,690,1,4,1,182876,"V",5009,1,7,5,2.56,2.5600547706053,3,"994350",FALSE,NA,FALSE,FALSE,"N",1,"PHI",NA,"AK SE FALL TR","ALASKA SE QUADRANT FALL TROLL",23,"Alaska Fall South Inside Troll",6,"AK FALL T","US","pre-terminal"
"492","AK SE FALL TR",6,"AK FALL T","724829","ADFG",2016,"1M1SE101 21","1970-01-01",1,10,1123,NA,710,1,4,1,182876,"V",5009,1,7,5,2.56,2.5600547706053,3,"994350",FALSE,NA,FALSE,FALSE,"N",1,"PHI",NA,"AK SE FALL TR","ALASKA SE QUADRANT FALL TROLL",23,"Alaska Fall South Inside Troll",6,"AK FALL T","US","pre-terminal"
"493","AK SE FALL TR",6,"AK FALL T","724833","ADFG",2016,"1M1SE102 10","1970-01-01",1,10,1123,NA,630,1,4,1,182876,"V",5009,1,7,5,2.56,2.5600547706053,3,"994350",FALSE,NA,FALSE,FALSE,"N",1,"PHI",NA,"AK SE FALL TR","ALASKA SE QUADRANT FALL TROLL",23,"Alaska Fall South Inside Troll",6,"AK FALL T","US","pre-terminal"
"494","AK SE FALL TR",6,"AK FALL T","724857","ADFG",2016,"1M1SE101 29","1970-01-01",1,10,1123,NA,610,1,4,1,180771,"V",5009,1,7,5,2.56,2.5600547706053,3,"994350",FALSE,NA,FALSE,FALSE,"N",1,"PHI",NA,"AK SE FALL TR","ALASKA SE QUADRANT FALL TROLL",23,"Alaska Fall South Inside Troll",6,"AK FALL T","US","pre-terminal"
"495","AK SASO SN",17,"ALASKA N","725071","ADFG",2016,"1M1SWSASO","1970-01-01",1,25,2125,NA,785,1,5,1,181373,"V",5009,1,7,4,3.67,3.68362265045017,4,"993939",FALSE,NA,FALSE,FALSE,"N",1.00371189385563,"PHI",NA,"AK SASO SN","ALASKA SEINE AREA SOUTH OUTSIDE (DISTRICT 103 & 104)",65,"Alaska District 103 & 104 Seine",17,"ALASKA N","US","pre-terminal"
"496","AK SASI SN",17,"ALASKA N","725367","ADFG",2016,"1M1SESASI","1970-01-01",1,25,2124,NA,600,1,3,1,182787,"V",5009,1,7,4,3.76,3.76,4,"993938",FALSE,NA,FALSE,FALSE,"N",1,"PHI",NA,"AK SASI SN","ALASKA SEINE AREA SOUTH INSIDE (DISTRICT 101 & 102)",64,"Alaska District 101 & 102 Seine",17,"ALASKA N","US","pre-terminal"
"497","AK SASI SN",17,"ALASKA N","725369","ADFG",2016,"1M1SESASI","1970-01-01",1,25,2124,NA,340,1,2,1,183467,"V",5009,1,7,4,0.03,1,4,"994375",FALSE,NA,FALSE,FALSE,"N",1,"PHI",NA,"AK SASI SN","ALASKA SEINE AREA SOUTH INSIDE (DISTRICT 101 & 102)",64,"Alaska District 101 & 102 Seine",17,"ALASKA N","US","pre-terminal"
"498","AK SE FALL TR",6,"AK FALL T","725434","ADFG",2016,"1M1SE","1970-01-01",1,10,1123,NA,710,1,4,1,182876,"V",5009,1,7,5,2.56,2.5600547706053,3,"994350",FALSE,NA,FALSE,FALSE,"N",1,"PHI",NA,"AK SE FALL TR","ALASKA SE QUADRANT FALL TROLL",23,"Alaska Fall South Inside Troll",6,"AK FALL T","US","pre-terminal"
"499","AK SE JULY TR",5,"AK JLI T","725640","ADFG",2016,"1M1SE102 10","1970-01-01",1,10,1119,NA,675,1,4,1,182876,"V",5009,1,7,4,2.89,2.89006183087864,3,"994346",FALSE,NA,FALSE,FALSE,"N",1,"PHI",NA,"AK SE JULY TR","ALASKA SE QUADRANT JULY TROLL",19,"Alaska July South Inside Troll",5,"AK JLI T","US","pre-terminal"
"500","AK SACI SN",17,"ALASKA N","725712","ADFG",2016,"1M1SE101 95","1970-01-01",1,26,2126,NA,530,1,3,1,182787,"V",5009,1,7,28,7.25,7.25,4,"996500",FALSE,NA,FALSE,FALSE,"N",1,"PHI",NA,"AK SACI SN","ALASKA SEINE AREA CENTRAL INSIDE (DISTRICT 105, 106 & 107)",66,"Alaska District 105 106 & 107 Seine",17,"ALASKA N","US","pre-terminal"
"501","AK SASI SN",17,"ALASKA N","725734","ADFG",2016,"1M1SESASI","1970-01-01",1,25,2124,NA,800,1,4,1,182085,"V",5009,1,7,2,3.1,3.1,4,"993928",FALSE,NA,FALSE,FALSE,"N",1,"PHI",NA,"AK SASI SN","ALASKA SEINE AREA SOUTH INSIDE (DISTRICT 101 & 102)",64,"Alaska District 101 & 102 Seine",17,"ALASKA N","US","pre-terminal"
"502","AK SW JULY TR",4,"AK JLO T","725770","ADFG",2016,"1M1SW","1970-01-01",1,10,1117,NA,675,1,4,1,182876,"V",5009,1,7,4,2.34,2.34005006375641,3,"994347",FALSE,NA,FALSE,FALSE,"N",1,"PHI",NA,"AK SW JULY TR","ALASKA SW QUADRANT JULY TROLL",17,"Alaska July South Outside Troll",4,"AK JLO T","US","pre-terminal"
"503","AK SASI SN",17,"ALASKA N","725916","ADFG",2016,"1M1SESASI","1970-01-01",1,25,2124,NA,610,1,4,1,182876,"V",5009,1,7,2,3.1,3.1,4,"993928",FALSE,NA,FALSE,FALSE,"N",1,"PHI",NA,"AK SASI SN","ALASKA SEINE AREA SOUTH INSIDE (DISTRICT 101 & 102)",64,"Alaska District 101 & 102 Seine",17,"ALASKA N","US","pre-terminal"
"504","AK SE JUNE TR",3,"AK JNI T","726037","ADFG",2016,"1M1SE102 09","1970-01-01",1,11,1115,NA,705,1,4,1,182085,"V",5009,1,7,3,1.84,1.84,5,"997056",FALSE,NA,FALSE,FALSE,"N",1,"PHI",NA,"AK SE JUNE TR","ALASKA SE QUADRANT JUNE TROLL",15,"Alaska June South Inside Troll",3,"AK JNI T","US","pre-terminal"
"505","AK SASI SN",17,"ALASKA N","726071","ADFG",2016,"1M1SESASI","1970-01-01",1,25,2124,NA,710,1,4,1,182876,"V",5009,1,7,1,2.57,2.57,4,"993925",FALSE,NA,FALSE,FALSE,"N",1,"PHI",NA,"AK SASI SN","ALASKA SEINE AREA SOUTH INSIDE (DISTRICT 101 & 102)",64,"Alaska District 101 & 102 Seine",17,"ALASKA N","US","pre-terminal"
"506","AK SE JUNE TR",3,"AK JNI T","726114","ADFG",2016,"1M1SE102 09","1970-01-01",1,11,1115,NA,670,1,4,1,182083,"V",5009,1,7,3,1.84,1.84,5,"997056",FALSE,NA,FALSE,FALSE,"N",1,"PHI",NA,"AK SE JUNE TR","ALASKA SE QUADRANT JUNE TROLL",15,"Alaska June South Inside Troll",3,"AK JNI T","US","pre-terminal"
"507","AK SASI SN",17,"ALASKA N","726301","ADFG",2016,"1M1SESASI","1970-01-01",1,25,2124,NA,630,1,4,1,182876,"V",5009,1,7,1,2.57,2.57,4,"993925",FALSE,NA,FALSE,FALSE,"N",1,"PHI",NA,"AK SASI SN","ALASKA SEINE AREA SOUTH INSIDE (DISTRICT 101 & 102)",64,"Alaska District 101 & 102 Seine",17,"ALASKA N","US","pre-terminal"
"508","AK SE JUNE TR",3,"AK JNI T","726399","ADFG",2016,"1M1SE101 29","1970-01-01",1,11,1115,NA,800,1,4,1,182876,"V",5009,1,7,3,1.61,1.61,5,"997054",FALSE,NA,FALSE,FALSE,"N",1,"PHI",NA,"AK SE JUNE TR","ALASKA SE QUADRANT JUNE TROLL",15,"Alaska June South Inside Troll",3,"AK JNI T","US","pre-terminal"
"509","AK SE JUNE TR",3,"AK JNI T","726437","ADFG",2016,"1M1SE102 50","1970-01-01",1,11,1115,NA,660,1,4,1,182876,"V",5009,1,7,3,1.31,1.31,5,"997058",FALSE,NA,FALSE,FALSE,"N",1,"PHI",NA,"AK SE JUNE TR","ALASKA SE QUADRANT JUNE TROLL",15,"Alaska June South Inside Troll",3,"AK JNI T","US","pre-terminal"
"510","AK SE SPR TR",1,"AK W/S T","726665","ADFG",2017,"1M1SE105","1970-01-01",1,10,1111,NA,745,1,5,1,182876,"V",5009,1,7,1,2.94,2.94,3,"168472",FALSE,NA,FALSE,FALSE,"N",1,"PHI",NA,"AK SE SPR TR","ALASKA SE QUADRANT SPRING TROLL",11,"Alaska Spring South Inside Troll",1,"AK W/S T","US","pre-terminal"
"511","AK SE JULY TR",5,"AK JLI T","726731","ADFG",2017,"1M1SE101","1970-01-01",1,10,1119,NA,800,1,4,1,182787,"V",5009,1,7,4,3.02,3.02,3,"168476",FALSE,NA,FALSE,FALSE,"N",1,"PHI",NA,"AK SE JULY TR","ALASKA SE QUADRANT JULY TROLL",19,"Alaska July South Inside Troll",5,"AK JLI T","US","pre-terminal"
"512","AK SW WIN1 TR",1,"AK W/S T","727342","ADFG",2016,"1M1SW103","1970-01-01",1,10,1101,NA,690,1,4,1,182786,"V",5009,1,7,6,3.2,3.20006846325663,3,"994355",FALSE,NA,FALSE,FALSE,"N",1,"PHI",NA,"AK SW WIN1 TR","ALASKA SW QUADRANT EARLY WINTER TROLL",1,"Alaska Early Winter South Outside Troll",1,"AK W/S T","US","pre-terminal"
"513","AK SW WIN1 TR",1,"AK W/S T","727345","ADFG",2016,"1M1SW103 50","1970-01-01",1,10,1101,NA,780,1,5,1,182085,"V",5009,1,7,6,3.2,3.20006846325663,3,"994355",FALSE,NA,FALSE,FALSE,"N",1,"PHI",NA,"AK SW WIN1 TR","ALASKA SW QUADRANT EARLY WINTER TROLL",1,"Alaska Early Winter South Outside Troll",1,"AK W/S T","US","pre-terminal"
"514","AK SE WIN1 TR",1,"AK W/S T","727347","ADFG",2016,"1M1SE105 10","1970-01-01",1,10,1103,NA,650,1,4,1,182786,"V",5009,1,7,6,2.24,2.24004792427964,3,"994354",FALSE,NA,FALSE,FALSE,"N",1,"PHI",NA,"AK SE WIN1 TR","ALASKA SE QUADRANT EARLY WINTER TROLL",3,"Alaska Early Winter South Inside Troll",1,"AK W/S T","US","pre-terminal"
"515","AK SW WIN2 TR",1,"AK W/S T","727376","ADFG",2017,"1M1SW103 60","1970-01-01",1,10,1105,NA,735,1,4,1,182787,"V",5009,1,7,1,2.44,2.44,3,"168473",FALSE,NA,FALSE,FALSE,"N",1,"PHI",NA,"AK SW WIN2 TR","ALASKA SW QUADRANT LATE WINTER TROLL",5,"Alaska Late Winter South Outside Troll",1,"AK W/S T","US","pre-terminal"
"516","AK SW WIN2 TR",1,"AK W/S T","727392","ADFG",2017,"1M1SW103 50","1970-01-01",1,10,1105,NA,690,1,4,1,182786,"V",5009,1,7,1,2.44,2.44,3,"168473",FALSE,NA,FALSE,FALSE,"N",1,"PHI",NA,"AK SW WIN2 TR","ALASKA SW QUADRANT LATE WINTER TROLL",5,"Alaska Late Winter South Outside Troll",1,"AK W/S T","US","pre-terminal"
"517","AK SE WIN2 TR",1,"AK W/S T","727396","ADFG",2017,"1M1SE105 50","1970-01-01",1,10,1107,NA,640,1,4,1,182786,"V",5009,1,7,1,2.94,2.94,3,"168472",FALSE,NA,FALSE,FALSE,"N",1,"PHI",NA,"AK SE WIN2 TR","ALASKA SE QUADRANT LATE WINTER TROLL",7,"Alaska Late Winter South Inside Troll",1,"AK W/S T","US","pre-terminal"
"518","AK SE SPR TR",1,"AK W/S T","727488","ADFG",2017,"1M1SE105 10","1970-01-01",1,10,1111,NA,680,1,4,1,182786,"V",5009,1,7,1,2.94,2.94,3,"168472",FALSE,NA,FALSE,FALSE,"N",1,"PHI",NA,"AK SE SPR TR","ALASKA SE QUADRANT SPRING TROLL",11,"Alaska Spring South Inside Troll",1,"AK W/S T","US","pre-terminal"
"519","AK SW SPR TR",1,"AK W/S T","727496","ADFG",2017,"1M1SW103 50","1970-01-01",1,11,1109,NA,720,1,5,1,182876,"V",5009,1,7,2,1.58,1.58,5,"171554",FALSE,NA,FALSE,FALSE,"N",1,"PHI",NA,"AK SW SPR TR","ALASKA SW QUADRANT SPRING TROLL",9,"Alaska Spring South Outside Troll",1,"AK W/S T","US","pre-terminal"
"520","AK SW JUNE TR",2,"AK JNO T","727525","ADFG",2017,"1M1SW103 50","1970-01-01",1,11,1113,NA,640,1,4,1,182786,"V",5009,1,7,3,1.45,1.45,5,"171576",FALSE,NA,FALSE,FALSE,"N",1,"PHI",NA,"AK SW JUNE TR","ALASKA SW QUADRANT JUNE TROLL",13,"Alaska June South Outside Troll",2,"AK JNO T","US","pre-terminal"
"521","AK SW JUNE TR",2,"AK JNO T","727564","ADFG",2017,"1M1SW103 50","1970-01-01",1,11,1113,NA,705,1,3,1,183468,"V",5009,1,7,3,1.45,1.45,5,"171576",FALSE,NA,FALSE,FALSE,"N",1,"PHI",NA,"AK SW JUNE TR","ALASKA SW QUADRANT JUNE TROLL",13,"Alaska June South Outside Troll",2,"AK JNO T","US","pre-terminal"
"522","AK SW FALL TR",6,"AK FALL T","728169","ADFG",2016,"1M1SW104 35","1970-01-01",1,10,1121,NA,675,1,4,1,182084,"V",5009,1,7,5,2.37,2.37005070559944,3,"994351",FALSE,NA,FALSE,FALSE,"N",1,"PHI",NA,"AK SW FALL TR","ALASKA SW QUADRANT FALL TROLL",21,"Alaska Fall South Outside Troll",6,"AK FALL T","US","pre-terminal"
"523","AK 106 GN",17,"ALASKA N","730523","ADFG",2018,"1M1SE106 30","1970-01-01",1,20,2106,NA,540,1,3,1,184199,"V",5009,1,7,33,1.67,1.67454421768707,4,"348435",FALSE,NA,FALSE,FALSE,"N",1.00272108843537,"PHI",NA,"AK 106 GN","AK DISTRICT 106 GILLNET",58,"Alaska District 115 Gillnet",17,"ALASKA N","US","pre-terminal"
"524","AK 106 GN",17,"ALASKA N","730786","ADFG",2019,"1M1SE106 30","1970-01-01",1,20,2106,NA,605,1,3,1,184594,"V",5009,1,7,36,1.47,1.47665409279517,4,"340237",FALSE,NA,FALSE,FALSE,"N",1.00452659373821,"PHI",NA,"AK 106 GN","AK DISTRICT 106 GILLNET",58,"Alaska District 115 Gillnet",17,"ALASKA N","US","pre-terminal"
"525","AK SE WIN1 TR",1,"AK W/S T","731144","ADFG",2017,"1M1SE108 40","1970-01-01",1,10,1103,NA,740,1,5,1,182786,"V",5009,1,7,6,1.88,1.88,3,"168480",FALSE,NA,FALSE,FALSE,"N",1,"PHI",NA,"AK SE WIN1 TR","ALASKA SE QUADRANT EARLY WINTER TROLL",3,"Alaska Early Winter South Inside Troll",1,"AK W/S T","US","pre-terminal"
"526","AK 107 GN",17,"ALASKA N","731146","ADFG",2018,"1M1SE107 35","1970-01-01",1,22,2107,NA,770,1,4,1,183468,"V",5009,1,7,20,1.15,1.15,4,"350853",FALSE,NA,FALSE,FALSE,"N",1,"PHI",NA,"AK 107 GN","AK DISTRICT 107 GILLNET",59,"Alaska Southeast Other Gillnet",17,"ALASKA N","US","pre-terminal"
"527","AK 107 GN",17,"ALASKA N","731149","ADFG",2018,"1M1SE107 35","1970-01-01",1,22,2107,NA,900,1,5,1,182786,"V",5009,1,7,20,1.15,1.15,4,"350853",FALSE,NA,FALSE,FALSE,"N",1,"PHI",NA,"AK 107 GN","AK DISTRICT 107 GILLNET",59,"Alaska Southeast Other Gillnet",17,"ALASKA N","US","pre-terminal"
"528","AK 107 GN",17,"ALASKA N","731167","ADFG",2018,"1M1SE107 35","1970-01-01",1,22,2107,NA,625,1,3,1,184198,"V",5009,1,7,21,1.52,1.52,4,"350854",FALSE,NA,FALSE,FALSE,"N",1,"PHI",NA,"AK 107 GN","AK DISTRICT 107 GILLNET",59,"Alaska Southeast Other Gillnet",17,"ALASKA N","US","pre-terminal"
"529","AK 107 GN",17,"ALASKA N","731172","ADFG",2018,"1M1SE107 35","1970-01-01",1,22,2107,NA,680,1,4,1,183379,"V",5009,1,7,22,2.69,2.69,4,"350856",FALSE,NA,FALSE,FALSE,"N",1,"PHI",NA,"AK 107 GN","AK DISTRICT 107 GILLNET",59,"Alaska Southeast Other Gillnet",17,"ALASKA N","US","pre-terminal"
"530","AK NW JUNE TR",2,"AK JNO T","731518","ADFG",2016,"1M1NW113 95","1970-01-01",1,11,1114,NA,790,1,5,1,181373,"V",5009,1,7,3,2.08,2.08,5,"997078",FALSE,NA,FALSE,FALSE,"N",1,"PHI",NA,"AK NW JUNE TR","ALASKA NW QUADRANT JUNE TROLL",14,"Alaska June North Outside Troll",2,"AK JNO T","US","pre-terminal"
"531","AK NW WIN1 TR",1,"AK W/S T","731607","ADFG",2016,"1M1NW113 95","1970-01-01",1,10,1102,NA,625,1,4,1,182965,"V",5009,1,7,6,2.19,2.19004685454125,3,"994353",FALSE,NA,FALSE,FALSE,"N",1,"PHI",NA,"AK NW WIN1 TR","ALASKA NW QUADRANT EARLY WINTER TROLL",2,"Alaska Early Winter North Outside Troll",1,"AK W/S T","US","pre-terminal"
"532","AK NW WIN1 TR",1,"AK W/S T","731612","ADFG",2016,"1M1NW114 21","1970-01-01",1,10,1102,NA,615,1,4,1,182786,"V",5009,1,7,6,2.19,2.19004685454125,3,"994353",FALSE,NA,FALSE,FALSE,"N",1,"PHI",NA,"AK NW WIN1 TR","ALASKA NW QUADRANT EARLY WINTER TROLL",2,"Alaska Early Winter North Outside Troll",1,"AK W/S T","US","pre-terminal"
"533","AK NE WIN1 TR",1,"AK W/S T","731617","ADFG",2016,"1M1NE109 42","1970-01-01",1,10,1104,NA,695,1,4,1,182965,"V",5009,1,7,6,1.24,1.24002652951194,3,"994352",FALSE,NA,FALSE,FALSE,"N",1,"PHI",NA,"AK NE WIN1 TR","ALASKA NE QUADRANT EARLY WINTER TROLL",4,"Alaska Early Winter North Inside Troll",1,"AK W/S T","US","pre-terminal"
"534","AK NW WIN2 TR",1,"AK W/S T","731626","ADFG",2017,"1M1NW114 21","1970-01-01",1,10,1106,NA,745,1,4,1,182787,"V",5009,1,7,1,1.68,1.68,3,"168471",FALSE,NA,FALSE,FALSE,"N",1,"PHI",NA,"AK NW WIN2 TR","ALASKA NW QUADRANT LATE WINTER TROLL",6,"Alaska Late Winter North Outside Troll",1,"AK W/S T","US","pre-terminal"
"535","AK NW SPR TR",1,"AK W/S T","731666","ADFG",2017,"1M1NW113 97","1970-01-01",1,11,1110,NA,815,1,4,1,182786,"V",5009,1,7,2,4.87,4.87,5,"171571",FALSE,NA,FALSE,FALSE,"N",1,"PHI",NA,"AK NW SPR TR","ALASKA NW QUADRANT SPRING TROLL",10,"Alaska Spring North Outside Troll",1,"AK W/S T","US","pre-terminal"
"536","AK NW JUNE TR",2,"AK JNO T","731687","ADFG",2017,"1M1NW114 50","1970-01-01",1,11,1114,NA,820,1,5,1,182876,"V",5009,1,7,3,2.59,2.59,5,"171598",FALSE,NA,FALSE,FALSE,"N",1,"PHI",NA,"AK NW JUNE TR","ALASKA NW QUADRANT JUNE TROLL",14,"Alaska June North Outside Troll",2,"AK JNO T","US","pre-terminal"
"537","AK NW JULY TR",4,"AK JLO T","731789","ADFG",2016,"1M1NW154","1970-01-01",1,10,1118,NA,700,1,4,1,182084,"V",5009,1,7,4,3.28,3.28007017483804,3,"994345",FALSE,NA,FALSE,FALSE,"N",1,"PHI",NA,"AK NW JULY TR","ALASKA NW QUADRANT JULY TROLL",18,"Alaska July North Outside Troll",4,"AK JLO T","US","pre-terminal"
"538","AK NE SPR TR",1,"AK W/S T","731906","ADFG",2017,"1M1NE112 12","1970-01-01",1,11,1112,NA,835,1,5,1,182083,"V",5009,1,7,2,1.38,1.38,5,"171563",FALSE,NA,FALSE,FALSE,"N",1,"PHI",NA,"AK NE SPR TR","ALASKA NE QUADRANT SPRING TROLL",12,"Alaska Spring North Inside Troll",1,"AK W/S T","US","pre-terminal"
"539","AK NE SPR TR",1,"AK W/S T","731907","ADFG",2017,"1M1NE112 12","1970-01-01",1,11,1112,NA,765,1,4,1,182786,"V",5009,1,7,2,1.38,1.38,5,"171563",FALSE,NA,FALSE,FALSE,"N",1,"PHI",NA,"AK NE SPR TR","ALASKA NE QUADRANT SPRING TROLL",12,"Alaska Spring North Inside Troll",1,"AK W/S T","US","pre-terminal"
"540","AK NW WIN1 TR",1,"AK W/S T","731913","ADFG",2017,"1M1NW114 50","1970-01-01",1,10,1102,NA,770,1,5,1,182786,"V",5009,1,7,6,2.16,2.16,3,"168479",FALSE,NA,FALSE,FALSE,"N",1,"PHI",NA,"AK NW WIN1 TR","ALASKA NW QUADRANT EARLY WINTER TROLL",2,"Alaska Early Winter North Outside Troll",1,"AK W/S T","US","pre-terminal"
"541","AK NW WIN2 TR",1,"AK W/S T","732356","ADFG",2017,"1M1NW113 41","1970-01-01",1,10,1106,NA,740,1,5,1,182085,"V",5009,1,7,1,1.68,1.68,3,"168471",FALSE,NA,FALSE,FALSE,"N",1,"PHI",NA,"AK NW WIN2 TR","ALASKA NW QUADRANT LATE WINTER TROLL",6,"Alaska Late Winter North Outside Troll",1,"AK W/S T","US","pre-terminal"
"542","AK NW WIN2 TR",1,"AK W/S T","732367","ADFG",2017,"1M1NW113 21","1970-01-01",1,10,1106,NA,700,1,4,1,182786,"V",5009,1,7,1,1.68,1.68,3,"168471",FALSE,NA,FALSE,FALSE,"N",1,"PHI",NA,"AK NW WIN2 TR","ALASKA NW QUADRANT LATE WINTER TROLL",6,"Alaska Late Winter North Outside Troll",1,"AK W/S T","US","pre-terminal"
"543","AK NW WIN2 TR",1,"AK W/S T","732369","ADFG",2017,"1M1NW113 45","1970-01-01",1,10,1106,NA,655,1,4,1,182787,"V",5009,1,7,1,1.68,1.68,3,"168471",FALSE,NA,FALSE,FALSE,"N",1,"PHI",NA,"AK NW WIN2 TR","ALASKA NW QUADRANT LATE WINTER TROLL",6,"Alaska Late Winter North Outside Troll",1,"AK W/S T","US","pre-terminal"
"544","AK NW WIN2 TR",1,"AK W/S T","732578","ADFG",2017,"1M1NW113 22","1970-01-01",1,10,1106,NA,770,1,5,1,180770,"V",5009,1,7,1,1.68,1.68,3,"168471",FALSE,NA,FALSE,FALSE,"N",1,"PHI",NA,"AK NW WIN2 TR","ALASKA NW QUADRANT LATE WINTER TROLL",6,"Alaska Late Winter North Outside Troll",1,"AK W/S T","US","pre-terminal"
"545","AK NW SPR TR",1,"AK W/S T","732793","ADFG",2017,"1M1NW113 41","1970-01-01",1,10,1110,NA,735,1,4,1,182786,"V",5009,1,7,1,1.68,1.68,3,"168471",FALSE,NA,FALSE,FALSE,"N",1,"PHI",NA,"AK NW SPR TR","ALASKA NW QUADRANT SPRING TROLL",10,"Alaska Spring North Outside Troll",1,"AK W/S T","US","pre-terminal"
"546","AK NW SPR TR",1,"AK W/S T","732829","ADFG",2017,"1M1NW113 41","1970-01-01",1,10,1110,NA,755,1,5,1,180771,"V",5009,1,7,1,1.68,1.68,3,"168471",FALSE,NA,FALSE,FALSE,"N",1,"PHI",NA,"AK NW SPR TR","ALASKA NW QUADRANT SPRING TROLL",10,"Alaska Spring North Outside Troll",1,"AK W/S T","US","pre-terminal"
"547","AK NW SPR TR",1,"AK W/S T","732856","ADFG",2017,"1M1NW113","1970-01-01",1,10,1110,NA,785,1,5,1,182083,"V",5009,1,7,1,1.68,1.68,3,"168471",FALSE,NA,FALSE,FALSE,"N",1,"PHI",NA,"AK NW SPR TR","ALASKA NW QUADRANT SPRING TROLL",10,"Alaska Spring North Outside Troll",1,"AK W/S T","US","pre-terminal"
"548","AK NW SP",44,"ALASKA S","734048","ADFG",2018,"1M1NW113   03  DE","1970-01-01",1,40,3104,NA,795,1,4,1,183468,"V",5009,1,8,1,1,1,4,"352214",FALSE,NA,FALSE,FALSE,"N",1,"PHI",NA,"AK NW SP","ALASKA NW QUADRANT SPORT",124,"Alaska Southeast Sport",44,"ALASKA S","US","pre-terminal"
"549","AK NW JUNE TR",2,"AK JNO T","736044","ADFG",2016,"1M1NW113 62","1970-01-01",1,11,1114,NA,650,1,4,1,182083,"V",5009,1,7,3,2.18,2.18,5,"997077",FALSE,NA,FALSE,FALSE,"N",1,"PHI",NA,"AK NW JUNE TR","ALASKA NW QUADRANT JUNE TROLL",14,"Alaska June North Outside Troll",2,"AK JNO T","US","pre-terminal"
"550","AK NW JUNE TR",2,"AK JNO T","736061","ADFG",2016,"1M1NW113 41","1970-01-01",1,11,1114,NA,630,1,4,1,182876,"V",5009,1,7,3,1.77,1.77,5,"997076",FALSE,NA,FALSE,FALSE,"N",1,"PHI",NA,"AK NW JUNE TR","ALASKA NW QUADRANT JUNE TROLL",14,"Alaska June North Outside Troll",2,"AK JNO T","US","pre-terminal"
"551","AK NE JUNE TR",3,"AK JNI T","736218","ADFG",2016,"1M1NE112 12","1970-01-01",1,11,1116,NA,640,1,4,1,182876,"V",5009,1,7,3,1.63,1.63,5,"997070",FALSE,NA,FALSE,FALSE,"N",1,"PHI",NA,"AK NE JUNE TR","ALASKA NE QUADRANT JUNE TROLL",16,"Alaska June North Inside Troll",3,"AK JNI T","US","pre-terminal"
"552","AK NE JUNE TR",3,"AK JNI T","736410","ADFG",2016,"1M1NE109 62","1970-01-01",1,11,1116,NA,630,1,4,1,182876,"V",5009,1,7,3,1.12,1.12,5,"997068",FALSE,NA,FALSE,FALSE,"N",1,"PHI",NA,"AK NE JUNE TR","ALASKA NE QUADRANT JUNE TROLL",16,"Alaska June North Inside Troll",3,"AK JNI T","US","pre-terminal"
"553","AK NE JUNE TR",3,"AK JNI T","736471","ADFG",2016,"1M1NE109 62","1970-01-01",1,11,1116,NA,670,1,4,1,182085,"V",5009,1,7,3,1.12,1.12,5,"997068",FALSE,NA,FALSE,FALSE,"N",1,"PHI",NA,"AK NE JUNE TR","ALASKA NE QUADRANT JUNE TROLL",16,"Alaska June North Inside Troll",3,"AK JNI T","US","pre-terminal"
"554","AK NE JUNE TR",3,"AK JNI T","736486","ADFG",2016,"1M1NE109 62","1970-01-01",1,11,1116,NA,900,1,5,1,181373,"V",5009,1,7,3,1.12,1.12,5,"997068",FALSE,NA,FALSE,FALSE,"N",1,"PHI",NA,"AK NE JUNE TR","ALASKA NE QUADRANT JUNE TROLL",16,"Alaska June North Inside Troll",3,"AK JNI T","US","pre-terminal"
"555","AK NE JUNE TR",3,"AK JNI T","736505","ADFG",2016,"1M1NE109 62","1970-01-01",1,11,1116,NA,670,1,4,1,182083,"V",5009,1,7,3,1.12,1.12,5,"997068",FALSE,NA,FALSE,FALSE,"N",1,"PHI",NA,"AK NE JUNE TR","ALASKA NE QUADRANT JUNE TROLL",16,"Alaska June North Inside Troll",3,"AK JNI T","US","pre-terminal"
"556","AK NW JULY TR",4,"AK JLO T","737912","ADFG",2016,"1M1NW113 91","1970-01-01",1,10,1118,NA,650,1,4,1,182083,"V",5009,1,7,4,3.28,3.28007017483804,3,"994345",FALSE,NA,FALSE,FALSE,"N",1,"PHI",NA,"AK NW JULY TR","ALASKA NW QUADRANT JULY TROLL",18,"Alaska July North Outside Troll",4,"AK JLO T","US","pre-terminal"
"557","AK NW FALL TR",6,"AK FALL T","740890","ADFG",2016,"1M1NW113 45","1970-01-01",1,10,1122,NA,640,1,3,1,182787,"V",5009,1,7,5,3.41,3.41007295615784,3,"994349",FALSE,NA,FALSE,FALSE,"N",1,"PHI",NA,"AK NW FALL TR","ALASKA NW QUADRANT FALL TROLL",22,"Alaska Fall North Outside Troll",6,"AK FALL T","US","pre-terminal"
"558","AK NW FALL TR",6,"AK FALL T","740993","ADFG",2016,"1M1NW154","1970-01-01",1,10,1122,NA,630,1,3,1,182786,"V",5009,1,7,5,3.41,3.41007295615784,3,"994349",FALSE,NA,FALSE,FALSE,"N",1,"PHI",NA,"AK NW FALL TR","ALASKA NW QUADRANT FALL TROLL",22,"Alaska Fall North Outside Troll",6,"AK FALL T","US","pre-terminal"
"559","AK NW WIN2 TR",1,"AK W/S T","741023","ADFG",2017,"1M1NW113 41","1970-01-01",1,10,1106,NA,720,1,5,1,182876,"V",5009,1,7,1,1.68,1.68,3,"168471",FALSE,NA,FALSE,FALSE,"N",1,"PHI",NA,"AK NW WIN2 TR","ALASKA NW QUADRANT LATE WINTER TROLL",6,"Alaska Late Winter North Outside Troll",1,"AK W/S T","US","pre-terminal"
"560","AK NW WIN2 TR",1,"AK W/S T","741026","ADFG",2017,"1M1NW113 41","1970-01-01",1,10,1106,NA,685,1,5,1,182876,"V",5009,1,7,1,1.68,1.68,3,"168471",FALSE,NA,FALSE,FALSE,"N",1,"PHI",NA,"AK NW WIN2 TR","ALASKA NW QUADRANT LATE WINTER TROLL",6,"Alaska Late Winter North Outside Troll",1,"AK W/S T","US","pre-terminal"
"561","AK NW WIN2 TR",1,"AK W/S T","741073","ADFG",2017,"1M1NW113 22","1970-01-01",1,10,1106,NA,700,1,4,1,182786,"V",5009,1,7,1,1.68,1.68,3,"168471",FALSE,NA,FALSE,FALSE,"N",1,"PHI",NA,"AK NW WIN2 TR","ALASKA NW QUADRANT LATE WINTER TROLL",6,"Alaska Late Winter North Outside Troll",1,"AK W/S T","US","pre-terminal"
"562","AK NW WIN2 TR",1,"AK W/S T","741075","ADFG",2017,"1M1NW113 41","1970-01-01",1,10,1106,NA,710,1,4,1,182965,"V",5009,1,7,1,1.68,1.68,3,"168471",FALSE,NA,FALSE,FALSE,"N",1,"PHI",NA,"AK NW WIN2 TR","ALASKA NW QUADRANT LATE WINTER TROLL",6,"Alaska Late Winter North Outside Troll",1,"AK W/S T","US","pre-terminal"
"563","AK NW WIN2 TR",1,"AK W/S T","741079","ADFG",2017,"1M1NW113 41","1970-01-01",1,10,1106,NA,685,1,4,1,182787,"V",5009,1,7,1,1.68,1.68,3,"168471",FALSE,NA,FALSE,FALSE,"N",1,"PHI",NA,"AK NW WIN2 TR","ALASKA NW QUADRANT LATE WINTER TROLL",6,"Alaska Late Winter North Outside Troll",1,"AK W/S T","US","pre-terminal"
"564","AK NW WIN2 TR",1,"AK W/S T","741096","ADFG",2017,"1M1NW113 41","1970-01-01",1,10,1106,NA,770,1,5,1,182876,"V",5009,1,7,1,1.68,1.68,3,"168471",FALSE,NA,FALSE,FALSE,"N",1,"PHI",NA,"AK NW WIN2 TR","ALASKA NW QUADRANT LATE WINTER TROLL",6,"Alaska Late Winter North Outside Troll",1,"AK W/S T","US","pre-terminal"
"565","AK NW FALL TR",6,"AK FALL T","742050","ADFG",2016,"1M1NW113 31","1970-01-01",1,10,1122,NA,690,1,4,1,182876,"V",5009,1,7,5,3.41,3.41007295615784,3,"994349",FALSE,NA,FALSE,FALSE,"N",1,"PHI",NA,"AK NW FALL TR","ALASKA NW QUADRANT FALL TROLL",22,"Alaska Fall North Outside Troll",6,"AK FALL T","US","pre-terminal"
"566","AK NW FALL TR",6,"AK FALL T","742708","ADFG",2016,"1M1NW113 51","1970-01-01",1,10,1122,NA,730,1,4,1,182876,"V",5009,1,7,5,3.41,3.41007295615784,3,"994349",FALSE,NA,FALSE,FALSE,"N",1,"PHI",NA,"AK NW FALL TR","ALASKA NW QUADRANT FALL TROLL",22,"Alaska Fall North Outside Troll",6,"AK FALL T","US","pre-terminal"
"567","AK NW FALL TR",6,"AK FALL T","742837","ADFG",2016,"1M1NW113 21","1970-01-01",1,10,1122,NA,670,1,4,1,182084,"V",5009,1,7,5,3.41,3.41007295615784,3,"994349",FALSE,NA,FALSE,FALSE,"N",1,"PHI",NA,"AK NW FALL TR","ALASKA NW QUADRANT FALL TROLL",22,"Alaska Fall North Outside Troll",6,"AK FALL T","US","pre-terminal"
"568","AK NW FALL TR",6,"AK FALL T","742957","ADFG",2016,"1M1NW113 45","1970-01-01",1,10,1122,NA,675,1,4,1,182085,"V",5009,1,7,5,3.41,3.41007295615784,3,"994349",FALSE,NA,FALSE,FALSE,"N",1,"PHI",NA,"AK NW FALL TR","ALASKA NW QUADRANT FALL TROLL",22,"Alaska Fall North Outside Troll",6,"AK FALL T","US","pre-terminal"
"569","AK NW WIN2 TR",1,"AK W/S T","743249","ADFG",2017,"1M1NW113 41","1970-01-01",1,10,1106,NA,705,1,4,1,182786,"V",5009,1,7,1,1.68,1.68,3,"168471",FALSE,NA,FALSE,FALSE,"N",1,"PHI",NA,"AK NW WIN2 TR","ALASKA NW QUADRANT LATE WINTER TROLL",6,"Alaska Late Winter North Outside Troll",1,"AK W/S T","US","pre-terminal"
"570","AK NW FALL TR",6,"AK FALL T","744325","ADFG",2016,"1M1NW154","1970-01-01",1,10,1122,NA,680,1,4,1,182084,"V",5009,1,7,5,3.41,3.41007295615784,3,"994349",FALSE,NA,FALSE,FALSE,"N",1,"PHI",NA,"AK NW FALL TR","ALASKA NW QUADRANT FALL TROLL",22,"Alaska Fall North Outside Troll",6,"AK FALL T","US","pre-terminal"
"571","AK NE SPR TR",1,"AK W/S T","745046","ADFG",2017,"1M1NE109","1970-01-01",1,10,1112,NA,660,1,4,1,182786,"V",5009,1,7,1,1.95,1.95,3,"168470",FALSE,NA,FALSE,FALSE,"N",1,"PHI",NA,"AK NE SPR TR","ALASKA NE QUADRANT SPRING TROLL",12,"Alaska Spring North Inside Troll",1,"AK W/S T","US","pre-terminal"
"572","AK NW MSF T",6,"AK FALL T","745174","ADFG",2016,"1M1NW113 45","1970-01-01",1,10,1147,NA,640,1,3,1,182786,"V",5009,1,7,5,3.13,3.13006696562289,3,"993922",FALSE,NA,FALSE,FALSE,"S",1,"PHI",NA,"AK NW MSF T","ALASKA NW QUADRANT SUMMER MSF TROLL",190,"Alaska Summer CNR MSF North Outside Troll",6,"AK FALL T","US","pre-terminal"
"573","AK NW WIN1 TR",1,"AK W/S T","745187","ADFG",2016,"1M1NW113 41","1970-01-01",1,10,1102,NA,690,1,5,1,182876,"V",5009,1,7,6,2.19,2.19004685454125,3,"994353",FALSE,NA,FALSE,FALSE,"N",1,"PHI",NA,"AK NW WIN1 TR","ALASKA NW QUADRANT EARLY WINTER TROLL",2,"Alaska Early Winter North Outside Troll",1,"AK W/S T","US","pre-terminal"
"574","AK NW WIN1 TR",1,"AK W/S T","745198","ADFG",2016,"1M1NW113 62","1970-01-01",1,10,1102,NA,630,1,4,1,182786,"V",5009,1,7,6,2.19,2.19004685454125,3,"994353",FALSE,NA,FALSE,FALSE,"N",1,"PHI",NA,"AK NW WIN1 TR","ALASKA NW QUADRANT EARLY WINTER TROLL",2,"Alaska Early Winter North Outside Troll",1,"AK W/S T","US","pre-terminal"
"575","AK NW WIN1 TR",1,"AK W/S T","745213","ADFG",2016,"1M1NW113 62","1970-01-01",1,10,1102,NA,720,1,5,1,182083,"V",5009,1,7,6,2.19,2.19004685454125,3,"994353",FALSE,NA,FALSE,FALSE,"N",1,"PHI",NA,"AK NW WIN1 TR","ALASKA NW QUADRANT EARLY WINTER TROLL",2,"Alaska Early Winter North Outside Troll",1,"AK W/S T","US","pre-terminal"
"576","AK NW WIN1 TR",1,"AK W/S T","745274","ADFG",2016,"1M1NW113 41","1970-01-01",1,10,1102,NA,700,1,5,1,182876,"V",5009,1,7,6,2.19,2.19004685454125,3,"994353",FALSE,NA,FALSE,FALSE,"N",1,"PHI",NA,"AK NW WIN1 TR","ALASKA NW QUADRANT EARLY WINTER TROLL",2,"Alaska Early Winter North Outside Troll",1,"AK W/S T","US","pre-terminal"
"577","AK NW MSF T",6,"AK FALL T","745328","ADFG",2016,"1M1NW113 45","1970-01-01",1,10,1147,NA,710,1,4,1,182876,"V",5009,1,7,5,3.13,3.13006696562289,3,"993922",FALSE,NA,FALSE,FALSE,"S",1,"PHI",NA,"AK NW MSF T","ALASKA NW QUADRANT SUMMER MSF TROLL",190,"Alaska Summer CNR MSF North Outside Troll",6,"AK FALL T","US","pre-terminal"
"578","AK NW WIN1 TR",1,"AK W/S T","745470","ADFG",2016,"1M1NW113 21","1970-01-01",1,10,1102,NA,665,1,4,1,182787,"V",5009,1,7,6,2.19,2.19004685454125,3,"994353",FALSE,NA,FALSE,FALSE,"N",1,"PHI",NA,"AK NW WIN1 TR","ALASKA NW QUADRANT EARLY WINTER TROLL",2,"Alaska Early Winter North Outside Troll",1,"AK W/S T","US","pre-terminal"
"579","AK NW WIN1 TR",1,"AK W/S T","745472","ADFG",2016,"1M1NW113 41","1970-01-01",1,10,1102,NA,700,1,5,1,182876,"V",5009,1,7,6,2.19,2.19004685454125,3,"994353",FALSE,NA,FALSE,FALSE,"N",1,"PHI",NA,"AK NW WIN1 TR","ALASKA NW QUADRANT EARLY WINTER TROLL",2,"Alaska Early Winter North Outside Troll",1,"AK W/S T","US","pre-terminal"
"580","AK NW SPR TR",1,"AK W/S T","745621","ADFG",2017,"1M1NW113 41","1970-01-01",1,10,1110,NA,750,1,5,1,182876,"V",5009,1,7,1,1.68,1.68,3,"168471",FALSE,NA,FALSE,FALSE,"N",1,"PHI",NA,"AK NW SPR TR","ALASKA NW QUADRANT SPRING TROLL",10,"Alaska Spring North Outside Troll",1,"AK W/S T","US","pre-terminal"
"581","AK NW SPR TR",1,"AK W/S T","745691","ADFG",2017,"1M1NW113 41","1970-01-01",1,10,1110,NA,720,1,5,1,182876,"V",5009,1,7,1,1.68,1.68,3,"168471",FALSE,NA,FALSE,FALSE,"N",1,"PHI",NA,"AK NW SPR TR","ALASKA NW QUADRANT SPRING TROLL",10,"Alaska Spring North Outside Troll",1,"AK W/S T","US","pre-terminal"
"582","AK NW SPR TR",1,"AK W/S T","745767","ADFG",2017,"1M1NW113 30","1970-01-01",1,11,1110,NA,880,1,5,1,182876,"V",5009,1,7,2,1.66,1.66,5,"171566",FALSE,NA,FALSE,FALSE,"N",1,"PHI",NA,"AK NW SPR TR","ALASKA NW QUADRANT SPRING TROLL",10,"Alaska Spring North Outside Troll",1,"AK W/S T","US","pre-terminal"
"583","AK SW SPR TR",1,"AK W/S T","746230","ADFG",2018,"1M1SW103 50","1970-01-01",1,11,1109,NA,665,1,4,1,183467,"V",5009,1,7,2,1.05,1.05,5,"351449",FALSE,NA,FALSE,FALSE,"N",1,"PHI",NA,"AK SW SPR TR","ALASKA SW QUADRANT SPRING TROLL",9,"Alaska Spring South Outside Troll",1,"AK W/S T","US","pre-terminal"
"584","AK SW MSF T",6,"AK FALL T","746440","ADFG",2017,"1M1SW103 50","1970-01-01",1,10,1146,NA,660,1,3,1,183468,"V",5009,1,7,4,1.38,1.38,3,"168019",FALSE,NA,FALSE,FALSE,"S",1,"PHI",NA,"AK SW MSF T","ALASKA SW QUADRANT SUMMER MSF TROLL",189,"Alaska Summer CNR MSF North Inside Troll",6,"AK FALL T","US","pre-terminal"
"585","AK NE WIN1 TR",1,"AK W/S T","746917","ADFG",2017,"1M1NE109 51","1970-01-01",1,10,1104,NA,810,1,5,1,182786,"V",5009,1,7,6,1.22,1.22,3,"168478",FALSE,NA,FALSE,FALSE,"N",1,"PHI",NA,"AK NE WIN1 TR","ALASKA NE QUADRANT EARLY WINTER TROLL",4,"Alaska Early Winter North Inside Troll",1,"AK W/S T","US","pre-terminal"
"586","AK SE WIN2 TR",1,"AK W/S T","746964","ADFG",2018,"1M1SE106 42","1970-01-01",1,10,1107,NA,690,1,5,1,182787,"V",5009,1,7,1,1.64,1.64,3,"348605",FALSE,NA,FALSE,FALSE,"N",1,"PHI",NA,"AK SE WIN2 TR","ALASKA SE QUADRANT LATE WINTER TROLL",7,"Alaska Late Winter South Inside Troll",1,"AK W/S T","US","pre-terminal"
"587","AK SW WIN2 TR",1,"AK W/S T","746993","ADFG",2018,"1M1SW103 50","1970-01-01",1,10,1105,NA,750,1,4,1,183467,"V",5009,1,7,1,1.43,1.43,3,"348606",FALSE,NA,FALSE,FALSE,"N",1,"PHI",NA,"AK SW WIN2 TR","ALASKA SW QUADRANT LATE WINTER TROLL",5,"Alaska Late Winter South Outside Troll",1,"AK W/S T","US","pre-terminal"
"588","AK SW WIN2 TR",1,"AK W/S T","746997","ADFG",2018,"1M1SW104 35","1970-01-01",1,10,1105,NA,680,1,4,1,183380,"V",5009,1,7,1,1.43,1.43,3,"348606",FALSE,NA,FALSE,FALSE,"N",1,"PHI",NA,"AK SW WIN2 TR","ALASKA SW QUADRANT LATE WINTER TROLL",5,"Alaska Late Winter South Outside Troll",1,"AK W/S T","US","pre-terminal"
"589","AK NE WIN2 TR",1,"AK W/S T","747003","ADFG",2018,"1M1NE109 42","1970-01-01",1,10,1108,NA,870,1,5,1,182787,"V",5009,1,7,1,1.28,1.28,3,"348603",FALSE,NA,FALSE,FALSE,"N",1,"PHI",NA,"AK NE WIN2 TR","ALASKA NE QUADRANT LATE WINTER TROLL",8,"Alaska Late Winter North Inside Troll",1,"AK W/S T","US","pre-terminal"
"590","AK SE WIN2 TR",1,"AK W/S T","747006","ADFG",2018,"1M1SE105 32","1970-01-01",1,10,1107,NA,710,1,4,1,183380,"V",5009,1,7,1,1.64,1.64,3,"348605",FALSE,NA,FALSE,FALSE,"N",1,"PHI",NA,"AK SE WIN2 TR","ALASKA SE QUADRANT LATE WINTER TROLL",7,"Alaska Late Winter South Inside Troll",1,"AK W/S T","US","pre-terminal"
"591","AK SE WIN1 TR",1,"AK W/S T","748168","ADFG",2017,"1M1SE101 29","1970-01-01",1,10,1103,NA,600,1,4,1,183467,"V",5009,1,7,6,1.88,1.88,3,"168480",FALSE,NA,FALSE,FALSE,"N",1,"PHI",NA,"AK SE WIN1 TR","ALASKA SE QUADRANT EARLY WINTER TROLL",3,"Alaska Early Winter South Inside Troll",1,"AK W/S T","US","pre-terminal"
"592","AK SE WIN1 TR",1,"AK W/S T","748194","ADFG",2018,"1M1SE101 85","1970-01-01",1,10,1103,NA,665,1,4,1,184198,"V",5009,1,7,6,2.31,2.31,3,"348617",FALSE,NA,FALSE,FALSE,"N",1,"PHI",NA,"AK SE WIN1 TR","ALASKA SE QUADRANT EARLY WINTER TROLL",3,"Alaska Early Winter South Inside Troll",1,"AK W/S T","US","pre-terminal"
"593","AK SE MSF T",6,"AK FALL T","748563","ADFG",2017,"1M1SE101 21","1970-01-01",1,10,1148,NA,750,1,4,1,182965,"V",5009,1,7,4,1.67,1.67,3,"168018",FALSE,NA,FALSE,FALSE,"S",1,"PHI",NA,"AK SE MSF T","ALASKA SE QUADRANT SUMMER MSF TROLL",191,"Alaska Summer CNR MSF South Inside Troll",6,"AK FALL T","US","pre-terminal"
"594","AK SE WIN1 TR",1,"AK W/S T","749651","ADFG",2019,"1M1SE101 41","1970-01-01",1,10,1103,NA,610,1,4,1,184594,"V",5009,1,7,6,2.24,2.24,3,"340397",FALSE,NA,FALSE,FALSE,"N",1,"PHI",NA,"AK SE WIN1 TR","ALASKA SE QUADRANT EARLY WINTER TROLL",3,"Alaska Early Winter South Inside Troll",1,"AK W/S T","US","pre-terminal"
"595","AK SE WIN1 TR",1,"AK W/S T","749657","ADFG",2019,"1M1SE102 50","1970-01-01",1,10,1103,NA,645,1,4,1,184595,"V",5009,1,7,6,2.24,2.24,3,"340397",FALSE,NA,FALSE,FALSE,"N",1,"PHI",NA,"AK SE WIN1 TR","ALASKA SE QUADRANT EARLY WINTER TROLL",3,"Alaska Early Winter South Inside Troll",1,"AK W/S T","US","pre-terminal"
"596","AK SE WIN2 TR",1,"AK W/S T","749664","ADFG",2020,"1M1SE101 21","1970-01-01",1,10,1107,NA,695,1,4,1,184594,"V",5009,1,7,1,1.56,1.56,3,"336637",FALSE,NA,FALSE,FALSE,"N",1,"PHI",NA,"AK SE WIN2 TR","ALASKA SE QUADRANT LATE WINTER TROLL",7,"Alaska Late Winter South Inside Troll",1,"AK W/S T","US","pre-terminal"
"597","AK SASI SN",17,"ALASKA N","749971","ADFG",2019,"1M1SESASI","1970-01-01",1,25,2124,NA,335,1,2,1,183992,"V",5009,1,7,4,0.47,1,4,"340419",FALSE,NA,FALSE,FALSE,"N",1,"PHI",NA,"AK SASI SN","ALASKA SEINE AREA SOUTH INSIDE (DISTRICT 101 & 102)",64,"Alaska District 101 & 102 Seine",17,"ALASKA N","US","pre-terminal"
"598","AK SASI SN",17,"ALASKA N","749981","ADFG",2019,"1M1SESASI","1970-01-01",1,25,2124,NA,590,1,3,1,184595,"V",5009,1,7,4,0.47,1,4,"340419",FALSE,NA,FALSE,FALSE,"N",1,"PHI",NA,"AK SASI SN","ALASKA SEINE AREA SOUTH INSIDE (DISTRICT 101 & 102)",64,"Alaska District 101 & 102 Seine",17,"ALASKA N","US","pre-terminal"
"599","AK SE WIN2 TR",1,"AK W/S T","749986","ADFG",2020,"1M1SE102 50","1970-01-01",1,10,1107,NA,725,1,4,1,184594,"V",5009,1,7,1,1.56,1.56,3,"336637",FALSE,NA,FALSE,FALSE,"N",1,"PHI",NA,"AK SE WIN2 TR","ALASKA SE QUADRANT LATE WINTER TROLL",7,"Alaska Late Winter South Inside Troll",1,"AK W/S T","US","pre-terminal"
"600","AK CI TTR",7,"TAK TERM T","750341","ADFG",2020,"1M1SE101 46","1970-01-01",1,11,1140,NA,640,1,4,1,184595,"V",5009,1,7,3,1.21,1.21,5,"339209",FALSE,NA,FALSE,FALSE,"N",1,"PHI",NA,"AK CI TTR","CARROLL INLET TERMINAL TROLL",26,"Alaska Terminal Troll",7,"TAK TERM T","US","terminal"
"601","AK NE JULY TR",5,"AK JLI T","751512","ADFG",2017,"1M1NE109 62","1970-01-01",1,10,1120,NA,820,1,4,1,182786,"V",5009,1,7,4,2.91,2.91,3,"168474",FALSE,NA,FALSE,FALSE,"N",1,"PHI",NA,"AK NE JULY TR","ALASKA NE QUADRANT JULY TROLL",20,"Alaska July North Inside Troll",5,"AK JLI T","US","pre-terminal"
"602","AK NW JULY TR",4,"AK JLO T","751911","ADFG",2017,"1M1NW157","1970-01-01",1,10,1118,NA,680,1,5,1,180770,"V",5009,1,7,4,2.63,2.63,3,"168475",FALSE,NA,FALSE,FALSE,"N",1,"PHI",NA,"AK NW JULY TR","ALASKA NW QUADRANT JULY TROLL",18,"Alaska July North Outside Troll",4,"AK JLO T","US","pre-terminal"
"603","AK NW MSF T",6,"AK FALL T","752307","ADFG",2017,"1M1NW113 45","1970-01-01",1,10,1147,NA,740,1,5,1,182876,"V",5009,1,7,4,3.47,3.47,3,"168017",FALSE,NA,FALSE,FALSE,"S",1,"PHI",NA,"AK NW MSF T","ALASKA NW QUADRANT SUMMER MSF TROLL",190,"Alaska Summer CNR MSF North Outside Troll",6,"AK FALL T","US","pre-terminal"
"604","AK NW MSF T",6,"AK FALL T","752589","ADFG",2017,"1M1NW113 45","1970-01-01",1,10,1147,NA,670,1,4,1,182786,"V",5009,1,7,4,3.47,3.47,3,"168017",FALSE,NA,FALSE,FALSE,"S",1,"PHI",NA,"AK NW MSF T","ALASKA NW QUADRANT SUMMER MSF TROLL",190,"Alaska Summer CNR MSF North Outside Troll",6,"AK FALL T","US","pre-terminal"
"605","AK NW WIN1 TR",1,"AK W/S T","754874","ADFG",2017,"1M1NW113 41","1970-01-01",1,10,1102,NA,640,1,4,1,183468,"V",5009,1,7,6,2.16,2.16,3,"168479",FALSE,NA,FALSE,FALSE,"N",1,"PHI",NA,"AK NW WIN1 TR","ALASKA NW QUADRANT EARLY WINTER TROLL",2,"Alaska Early Winter North Outside Troll",1,"AK W/S T","US","pre-terminal"
"606","AK NW WIN1 TR",1,"AK W/S T","754907","ADFG",2017,"1M1NW113 41","1970-01-01",1,10,1102,NA,720,1,4,1,183468,"V",5009,1,7,6,2.16,2.16,3,"168479",FALSE,NA,FALSE,FALSE,"N",1,"PHI",NA,"AK NW WIN1 TR","ALASKA NW QUADRANT EARLY WINTER TROLL",2,"Alaska Early Winter North Outside Troll",1,"AK W/S T","US","pre-terminal"
"607","AK NW WIN1 TR",1,"AK W/S T","754909","ADFG",2017,"1M1NW113 41","1970-01-01",1,10,1102,NA,850,1,5,1,182786,"V",5009,1,7,6,2.16,2.16,3,"168479",FALSE,NA,FALSE,FALSE,"N",1,"PHI",NA,"AK NW WIN1 TR","ALASKA NW QUADRANT EARLY WINTER TROLL",2,"Alaska Early Winter North Outside Troll",1,"AK W/S T","US","pre-terminal"
"608","AK NW WIN1 TR",1,"AK W/S T","754934","ADFG",2017,"1M1NW113 41","1970-01-01",1,10,1102,NA,655,1,4,1,183467,"V",5009,1,7,6,2.16,2.16,3,"168479",FALSE,NA,FALSE,FALSE,"N",1,"PHI",NA,"AK NW WIN1 TR","ALASKA NW QUADRANT EARLY WINTER TROLL",2,"Alaska Early Winter North Outside Troll",1,"AK W/S T","US","pre-terminal"
"609","AK NW WIN1 TR",1,"AK W/S T","754947","ADFG",2017,"1M1NW113 41","1970-01-01",1,10,1102,NA,665,1,4,1,183468,"V",5009,1,7,6,2.16,2.16,3,"168479",FALSE,NA,FALSE,FALSE,"N",1,"PHI",NA,"AK NW WIN1 TR","ALASKA NW QUADRANT EARLY WINTER TROLL",2,"Alaska Early Winter North Outside Troll",1,"AK W/S T","US","pre-terminal"
"610","AK NW WIN1 TR",1,"AK W/S T","755582","ADFG",2017,"1M1NW113 41","1970-01-01",1,10,1102,NA,665,1,4,1,183468,"V",5009,1,7,6,2.16,2.16,3,"168479",FALSE,NA,FALSE,FALSE,"N",1,"PHI",NA,"AK NW WIN1 TR","ALASKA NW QUADRANT EARLY WINTER TROLL",2,"Alaska Early Winter North Outside Troll",1,"AK W/S T","US","pre-terminal"
"611","AK NW WIN1 TR",1,"AK W/S T","755586","ADFG",2017,"1M1NW113 41","1970-01-01",1,10,1102,NA,640,1,4,1,183379,"V",5009,1,7,6,2.16,2.16,3,"168479",FALSE,NA,FALSE,FALSE,"N",1,"PHI",NA,"AK NW WIN1 TR","ALASKA NW QUADRANT EARLY WINTER TROLL",2,"Alaska Early Winter North Outside Troll",1,"AK W/S T","US","pre-terminal"
"612","AK NW WIN1 TR",1,"AK W/S T","755704","ADFG",2017,"1M1NW113 41","1970-01-01",1,10,1102,NA,700,1,4,1,183468,"V",5009,1,7,6,2.16,2.16,3,"168479",FALSE,NA,FALSE,FALSE,"N",1,"PHI",NA,"AK NW WIN1 TR","ALASKA NW QUADRANT EARLY WINTER TROLL",2,"Alaska Early Winter North Outside Troll",1,"AK W/S T","US","pre-terminal"
"613","AK NW WIN1 TR",1,"AK W/S T","755705","ADFG",2017,"1M1NW113 41","1970-01-01",1,10,1102,NA,700,1,5,1,182787,"V",5009,1,7,6,2.16,2.16,3,"168479",FALSE,NA,FALSE,FALSE,"N",1,"PHI",NA,"AK NW WIN1 TR","ALASKA NW QUADRANT EARLY WINTER TROLL",2,"Alaska Early Winter North Outside Troll",1,"AK W/S T","US","pre-terminal"
"614","AK NW WIN1 TR",1,"AK W/S T","755775","ADFG",2017,"1M1NW113 41","1970-01-01",1,10,1102,NA,645,1,4,1,183468,"V",5009,1,7,6,2.16,2.16,3,"168479",FALSE,NA,FALSE,FALSE,"N",1,"PHI",NA,"AK NW WIN1 TR","ALASKA NW QUADRANT EARLY WINTER TROLL",2,"Alaska Early Winter North Outside Troll",1,"AK W/S T","US","pre-terminal"
"615","AK NW SPR TR",1,"AK W/S T","755894","ADFG",2018,"1M1NW113 41","1970-01-01",1,11,1110,NA,850,1,5,1,182787,"V",5009,1,7,2,1.3,1.3,5,"351451",FALSE,NA,FALSE,FALSE,"N",1,"PHI",NA,"AK NW SPR TR","ALASKA NW QUADRANT SPRING TROLL",10,"Alaska Spring North Outside Troll",1,"AK W/S T","US","pre-terminal"
"616","AK NW SPR TR",1,"AK W/S T","756518","ADFG",2023,"1M1NW183 10","1970-01-01",1,11,1110,NA,690,1,4,1,186480,"V",5009,1,7,2,1.07,1.07,5,"1043947",FALSE,NA,FALSE,FALSE,"N",1,"PHI",NA,"AK NW SPR TR","ALASKA NW QUADRANT SPRING TROLL",10,"Alaska Spring North Outside Troll",1,"AK W/S T","US","pre-terminal"
"617","AK NE WIN1 TR",1,"AK W/S T","756816","ADFG",2018,"1M1NE110 16","1970-01-01",1,10,1104,NA,665,1,4,1,184199,"V",5009,1,7,6,1.64,1.64,3,"348615",FALSE,NA,FALSE,FALSE,"N",1,"PHI",NA,"AK NE WIN1 TR","ALASKA NE QUADRANT EARLY WINTER TROLL",4,"Alaska Early Winter North Inside Troll",1,"AK W/S T","US","pre-terminal"
"618","AK SE WIN1 TR",1,"AK W/S T","756831","ADFG",2018,"1M1SE108 60","1970-01-01",1,10,1103,NA,675,1,4,1,184199,"V",5009,1,7,6,2.31,2.31,3,"348617",FALSE,NA,FALSE,FALSE,"N",1,"PHI",NA,"AK SE WIN1 TR","ALASKA SE QUADRANT EARLY WINTER TROLL",3,"Alaska Early Winter South Inside Troll",1,"AK W/S T","US","pre-terminal"
"619","AK NE WIN1 TR",1,"AK W/S T","756861","ADFG",2018,"1M1NE110 12","1970-01-01",1,10,1104,NA,655,1,4,1,184199,"V",5009,1,7,6,1.64,1.64,3,"348615",FALSE,NA,FALSE,FALSE,"N",1,"PHI",NA,"AK NE WIN1 TR","ALASKA NE QUADRANT EARLY WINTER TROLL",4,"Alaska Early Winter North Inside Troll",1,"AK W/S T","US","pre-terminal"
"620","AK NE WIN2 TR",1,"AK W/S T","756892","ADFG",2019,"1M1NE110 12","1970-01-01",1,10,1108,NA,615,1,4,1,184198,"V",5009,1,7,1,1.52,1.52,3,"340383",FALSE,NA,FALSE,FALSE,"N",1,"PHI",NA,"AK NE WIN2 TR","ALASKA NE QUADRANT LATE WINTER TROLL",8,"Alaska Late Winter North Inside Troll",1,"AK W/S T","US","pre-terminal"
"621","AK NE WIN1 TR",1,"AK W/S T","757034","ADFG",2018,"1M1NE110 16","1970-01-01",1,10,1104,NA,765,1,5,1,183380,"V",5009,1,7,6,1.64,1.64,3,"348615",FALSE,NA,FALSE,FALSE,"N",1,"PHI",NA,"AK NE WIN1 TR","ALASKA NE QUADRANT EARLY WINTER TROLL",4,"Alaska Early Winter North Inside Troll",1,"AK W/S T","US","pre-terminal"
"622","AK SE WIN1 TR",1,"AK W/S T","757060","ADFG",2018,"1M1SE108 60","1970-01-01",1,10,1103,NA,680,1,5,1,183379,"V",5009,1,7,6,2.31,2.31,3,"348617",FALSE,NA,FALSE,FALSE,"N",1,"PHI",NA,"AK SE WIN1 TR","ALASKA SE QUADRANT EARLY WINTER TROLL",3,"Alaska Early Winter South Inside Troll",1,"AK W/S T","US","pre-terminal"
"623","AK SE WIN1 TR",1,"AK W/S T","757084","ADFG",2018,"1M1SE106 43","1970-01-01",1,10,1103,NA,645,1,4,1,184199,"V",5009,1,7,6,2.31,2.31,3,"348617",FALSE,NA,FALSE,FALSE,"N",1,"PHI",NA,"AK SE WIN1 TR","ALASKA SE QUADRANT EARLY WINTER TROLL",3,"Alaska Early Winter South Inside Troll",1,"AK W/S T","US","pre-terminal"
"624","AK SE WIN1 TR",1,"AK W/S T","757085","ADFG",2018,"1M1SE108 60","1970-01-01",1,10,1103,NA,650,1,4,1,184198,"V",5009,1,7,6,2.31,2.31,3,"348617",FALSE,NA,FALSE,FALSE,"N",1,"PHI",NA,"AK SE WIN1 TR","ALASKA SE QUADRANT EARLY WINTER TROLL",3,"Alaska Early Winter South Inside Troll",1,"AK W/S T","US","pre-terminal"
"625","AK SE WIN1 TR",1,"AK W/S T","757086","ADFG",2018,"1M1SE106 43","1970-01-01",1,10,1103,NA,725,1,4,1,184198,"V",5009,1,7,6,2.31,2.31,3,"348617",FALSE,NA,FALSE,FALSE,"N",1,"PHI",NA,"AK SE WIN1 TR","ALASKA SE QUADRANT EARLY WINTER TROLL",3,"Alaska Early Winter South Inside Troll",1,"AK W/S T","US","pre-terminal"
"626","AK NE WIN1 TR",1,"AK W/S T","757186","ADFG",2019,"1M1NE110 16","1970-01-01",1,10,1104,NA,780,1,5,1,184198,"V",5009,1,7,6,1.49,1.49,3,"340395",FALSE,NA,FALSE,FALSE,"N",1,"PHI",NA,"AK NE WIN1 TR","ALASKA NE QUADRANT EARLY WINTER TROLL",4,"Alaska Early Winter North Inside Troll",1,"AK W/S T","US","pre-terminal"
"627","AK NW SP",44,"ALASKA S","757776","ADFG",2021,"1M1NW113 4503  MS","1970-01-01",1,40,3104,NA,850,1,4,1,184765,"V",5009,1,2,15,6.36,6.36,4,"336227",FALSE,NA,FALSE,FALSE,"N",1,"PHI",NA,"AK NW SP","ALASKA NW QUADRANT SPORT",124,"Alaska Southeast Sport",44,"ALASKA S","US","pre-terminal"
"628","AK NW JULY TR",4,"AK JLO T","762047","ADFG",2018,"1M1NW113 21","1970-01-01",1,10,1118,NA,690,1,4,1,183467,"V",5009,1,7,4,3.29,3.29,3,"348608",FALSE,NA,FALSE,FALSE,"N",1,"PHI",NA,"AK NW JULY TR","ALASKA NW QUADRANT JULY TROLL",18,"Alaska July North Outside Troll",4,"AK JLO T","US","pre-terminal"
"629","AK NW FALL TR",6,"AK FALL T","762229","ADFG",2020,"1M1NW113 41","1970-01-01",1,10,1122,NA,650,1,4,1,184594,"V",5009,1,7,5,4.5,4.5,3,"336644",FALSE,NA,FALSE,FALSE,"N",1,"PHI",NA,"AK NW FALL TR","ALASKA NW QUADRANT FALL TROLL",22,"Alaska Fall North Outside Troll",6,"AK FALL T","US","pre-terminal"
"630","AK NW FALL TR",6,"AK FALL T","763110","ADFG",2018,"1M1NW113 31","1970-01-01",1,10,1122,NA,650,1,3,1,184198,"V",5009,1,7,5,3.33,3.33,3,"348612",FALSE,NA,FALSE,FALSE,"N",1,"PHI",NA,"AK NW FALL TR","ALASKA NW QUADRANT FALL TROLL",22,"Alaska Fall North Outside Troll",6,"AK FALL T","US","pre-terminal"
"631","AK NW JUNE TR",2,"AK JNO T","763294","ADFG",2019,"1M1NW113 01","1970-01-01",1,11,1114,NA,670,1,3,1,184595,"V",5009,1,7,3,1.31,1.31,5,"343346",FALSE,NA,FALSE,FALSE,"N",1,"PHI",NA,"AK NW JUNE TR","ALASKA NW QUADRANT JUNE TROLL",14,"Alaska June North Outside Troll",2,"AK JNO T","US","pre-terminal"
"632","AK NW SP",44,"ALASKA S","763971","ADFG",2020,"1M1NW181 6014  MS","1970-01-01",1,40,3104,NA,705,1,4,1,184594,"V",5009,1,2,17,7.14,7.14,4,"339922",FALSE,NA,FALSE,FALSE,"N",1,"PHI",NA,"AK NW SP","ALASKA NW QUADRANT SPORT",124,"Alaska Southeast Sport",44,"ALASKA S","US","pre-terminal"
"633","AK SW SP",44,"ALASKA S","764270","ADFG",2019,"1M1SW104 4007  MS","1970-01-01",1,40,3102,NA,1000,1,6,1,182786,"V",5009,1,2,15,2.93,2.93,4,"344065",FALSE,NA,FALSE,FALSE,"N",1,"PHI",NA,"AK SW SP","ALASKA SW QUADRANT SPORT",124,"Alaska Southeast Sport",44,"ALASKA S","US","pre-terminal"
"634","AK NE WIN2 TR",1,"AK W/S T","765918","ADFG",2020,"1M1NE109 61","1970-01-01",1,10,1108,NA,690,1,4,1,184594,"V",5009,1,7,1,1.25,1.25,3,"336635",FALSE,NA,FALSE,FALSE,"N",1,"PHI",NA,"AK NE WIN2 TR","ALASKA NE QUADRANT LATE WINTER TROLL",8,"Alaska Late Winter North Inside Troll",1,"AK W/S T","US","pre-terminal"
"635","AK SE WIN2 TR",1,"AK W/S T","765926","ADFG",2020,"1M1SE105 42","1970-01-01",1,10,1107,NA,660,1,4,1,184595,"V",5009,1,7,1,1.56,1.56,3,"336637",FALSE,NA,FALSE,FALSE,"N",1,"PHI",NA,"AK SE WIN2 TR","ALASKA SE QUADRANT LATE WINTER TROLL",7,"Alaska Late Winter South Inside Troll",1,"AK W/S T","US","pre-terminal"
"636","AK SW WIN1 TR",1,"AK W/S T","766760","ADFG",2019,"1M1SW103 50","1970-01-01",1,10,1101,NA,710,1,4,1,184594,"V",5009,1,7,6,1.21,1.21,3,"340398",FALSE,NA,FALSE,FALSE,"N",1,"PHI",NA,"AK SW WIN1 TR","ALASKA SW QUADRANT EARLY WINTER TROLL",1,"Alaska Early Winter South Outside Troll",1,"AK W/S T","US","pre-terminal"
"637","AK SW WIN1 TR",1,"AK W/S T","766762","ADFG",2019,"1M1SW103 50","1970-01-01",1,10,1101,NA,635,1,4,1,184595,"V",5009,1,7,6,1.21,1.21,3,"340398",FALSE,NA,FALSE,FALSE,"N",1,"PHI",NA,"AK SW WIN1 TR","ALASKA SW QUADRANT EARLY WINTER TROLL",1,"Alaska Early Winter South Outside Troll",1,"AK W/S T","US","pre-terminal"
"638","AK SW WIN2 TR",1,"AK W/S T","766767","ADFG",2020,"1M1SW103 80","1970-01-01",1,10,1105,NA,705,1,4,1,184595,"V",5009,1,7,1,1.46,1.46,3,"336638",FALSE,NA,FALSE,FALSE,"N",1,"PHI",NA,"AK SW WIN2 TR","ALASKA SW QUADRANT LATE WINTER TROLL",5,"Alaska Late Winter South Outside Troll",1,"AK W/S T","US","pre-terminal"
"639","AK SW WIN2 TR",1,"AK W/S T","766768","ADFG",2020,"1M1SW103 60","1970-01-01",1,10,1105,NA,755,1,5,1,184199,"V",5009,1,7,1,1.46,1.46,3,"336638",FALSE,NA,FALSE,FALSE,"N",1,"PHI",NA,"AK SW WIN2 TR","ALASKA SW QUADRANT LATE WINTER TROLL",5,"Alaska Late Winter South Outside Troll",1,"AK W/S T","US","pre-terminal"
"640","AK NE WIN2 TR",1,"AK W/S T","766786","ADFG",2020,"1M1NE109 63","1970-01-01",1,10,1108,NA,655,1,4,1,184595,"V",5009,1,7,1,1.25,1.25,3,"336635",FALSE,NA,FALSE,FALSE,"N",1,"PHI",NA,"AK NE WIN2 TR","ALASKA NE QUADRANT LATE WINTER TROLL",8,"Alaska Late Winter North Inside Troll",1,"AK W/S T","US","pre-terminal"
"641","AK SW WIN1 TR",1,"AK W/S T","766806","ADFG",2018,"1M1SW103 50","1970-01-01",1,10,1101,NA,750,1,4,1,184198,"V",5009,1,7,6,1.55,1.55,3,"348618",FALSE,NA,FALSE,FALSE,"N",1,"PHI",NA,"AK SW WIN1 TR","ALASKA SW QUADRANT EARLY WINTER TROLL",1,"Alaska Early Winter South Outside Troll",1,"AK W/S T","US","pre-terminal"
"642","AK SW WIN2 TR",1,"AK W/S T","766867","ADFG",2019,"1M1SW104 40","1970-01-01",1,10,1105,NA,670,1,4,1,184198,"V",5009,1,7,1,1.3,1.3,3,"340386",FALSE,NA,FALSE,FALSE,"N",1,"PHI",NA,"AK SW WIN2 TR","ALASKA SW QUADRANT LATE WINTER TROLL",5,"Alaska Late Winter South Outside Troll",1,"AK W/S T","US","pre-terminal"
"643","AK NW WIN2 TR",1,"AK W/S T","767095","ADFG",2021,"1M1NW114 27","1970-01-01",1,10,1106,NA,705,1,4,1,184765,"V",5009,1,7,1,2.76,2.76,3,"332778",FALSE,NA,FALSE,FALSE,"N",1,"PHI",NA,"AK NW WIN2 TR","ALASKA NW QUADRANT LATE WINTER TROLL",6,"Alaska Late Winter North Outside Troll",1,"AK W/S T","US","pre-terminal"
"644","AK NE WIN1 TR",1,"AK W/S T","767960","ADFG",2019,"1M1NE109 42","1970-01-01",1,10,1104,NA,655,1,4,1,184594,"V",5009,1,7,6,1.49,1.49,3,"340395",FALSE,NA,FALSE,FALSE,"N",1,"PHI",NA,"AK NE WIN1 TR","ALASKA NE QUADRANT EARLY WINTER TROLL",4,"Alaska Early Winter North Inside Troll",1,"AK W/S T","US","pre-terminal"
"645","AK NW WIN1 TR",1,"AK W/S T","767969","ADFG",2019,"1M1NW113 95","1970-01-01",1,10,1102,NA,775,1,5,1,184199,"V",5009,1,7,6,1.99,1.99,3,"340396",FALSE,NA,FALSE,FALSE,"N",1,"PHI",NA,"AK NW WIN1 TR","ALASKA NW QUADRANT EARLY WINTER TROLL",2,"Alaska Early Winter North Outside Troll",1,"AK W/S T","US","pre-terminal"
"646","AK NW WIN2 TR",1,"AK W/S T","767979","ADFG",2020,"1M1NW114 27","1970-01-01",1,10,1106,NA,715,1,4,1,184594,"V",5009,1,7,1,2.8,2.8,3,"336636",FALSE,NA,FALSE,FALSE,"N",1,"PHI",NA,"AK NW WIN2 TR","ALASKA NW QUADRANT LATE WINTER TROLL",6,"Alaska Late Winter North Outside Troll",1,"AK W/S T","US","pre-terminal"
"647","AK SASI SN",17,"ALASKA N","768621","ADFG",2018,"1M1SESASI","1970-01-01",1,25,2124,NA,530,1,3,1,184199,"V",5009,1,7,2,NA,1,4,"348630",FALSE,NA,FALSE,FALSE,"N",1,"PHI",NA,"AK SASI SN","ALASKA SEINE AREA SOUTH INSIDE (DISTRICT 101 & 102)",64,"Alaska District 101 & 102 Seine",17,"ALASKA N","US","pre-terminal"
"648","AK SASI SN",17,"ALASKA N","768688","ADFG",2018,"1M1SESASI","1970-01-01",1,25,2124,NA,350,1,2,1,184594,"V",5009,1,7,3,0.2,1,4,"348634",FALSE,NA,FALSE,FALSE,"N",1,"PHI",NA,"AK SASI SN","ALASKA SEINE AREA SOUTH INSIDE (DISTRICT 101 & 102)",64,"Alaska District 101 & 102 Seine",17,"ALASKA N","US","pre-terminal"
"649","AK SE FALL TR",6,"AK FALL T","768936","ADFG",2018,"1M1SE102 80","1970-01-01",1,10,1123,NA,650,1,3,1,184199,"V",5009,1,7,5,2.14,2.14,3,"348613",FALSE,NA,FALSE,FALSE,"N",1,"PHI",NA,"AK SE FALL TR","ALASKA SE QUADRANT FALL TROLL",23,"Alaska Fall South Inside Troll",6,"AK FALL T","US","pre-terminal"
"650","AK SE WIN2 TR",1,"AK W/S T","769361","ADFG",2019,"1M1SE101 29","1970-01-01",1,10,1107,NA,650,1,4,1,184198,"V",9,1,7,1,1.69,1.69,3,"340385",FALSE,NA,FALSE,FALSE,"N",1,"PHI",NA,"AK SE WIN2 TR","ALASKA SE QUADRANT LATE WINTER TROLL",7,"Alaska Late Winter South Inside Troll",1,"AK W/S T","US","pre-terminal"
"651","AK SE WIN1 TR",1,"AK W/S T","769370","ADFG",2019,"1M1SE101 41","1970-01-01",1,10,1103,NA,620,1,4,1,184595,"V",5009,1,7,6,2.24,2.24,3,"340397",FALSE,NA,FALSE,FALSE,"N",1,"PHI",NA,"AK SE WIN1 TR","ALASKA SE QUADRANT EARLY WINTER TROLL",3,"Alaska Early Winter South Inside Troll",1,"AK W/S T","US","pre-terminal"
"652","AK SE WIN1 TR",1,"AK W/S T","769391","ADFG",2019,"1M1SE102 50","1970-01-01",1,10,1103,NA,625,1,4,1,184594,"V",5009,1,7,6,2.24,2.24,3,"340397",FALSE,NA,FALSE,FALSE,"N",1,"PHI",NA,"AK SE WIN1 TR","ALASKA SE QUADRANT EARLY WINTER TROLL",3,"Alaska Early Winter South Inside Troll",1,"AK W/S T","US","pre-terminal"
"653","AK SE WIN1 TR",1,"AK W/S T","769396","ADFG",2019,"1M1SE101 85","1970-01-01",1,10,1103,NA,630,1,4,1,184594,"V",5009,1,7,6,2.24,2.24,3,"340397",FALSE,NA,FALSE,FALSE,"N",1,"PHI",NA,"AK SE WIN1 TR","ALASKA SE QUADRANT EARLY WINTER TROLL",3,"Alaska Early Winter South Inside Troll",1,"AK W/S T","US","pre-terminal"
"654","AK SE WIN1 TR",1,"AK W/S T","769399","ADFG",2019,"1M1SE101 41","1970-01-01",1,10,1103,NA,680,1,4,1,184594,"V",5009,1,7,6,2.24,2.24,3,"340397",FALSE,NA,FALSE,FALSE,"N",1,"PHI",NA,"AK SE WIN1 TR","ALASKA SE QUADRANT EARLY WINTER TROLL",3,"Alaska Early Winter South Inside Troll",1,"AK W/S T","US","pre-terminal"
"655","AK SE WIN1 TR",1,"AK W/S T","769590","ADFG",2018,"1M1SE101 41","1970-01-01",1,10,1103,NA,640,1,4,1,184198,"V",5009,1,7,6,2.31,2.31,3,"348617",FALSE,NA,FALSE,FALSE,"N",1,"PHI",NA,"AK SE WIN1 TR","ALASKA SE QUADRANT EARLY WINTER TROLL",3,"Alaska Early Winter South Inside Troll",1,"AK W/S T","US","pre-terminal"
"656","AK SE JULY TR",5,"AK JLI T","770091","ADFG",2019,"1M1SE101","1970-01-01",1,10,1119,NA,730,1,4,1,184198,"V",5009,1,7,4,1.64,1.64,3,"340389",FALSE,NA,FALSE,FALSE,"N",1,"PHI",NA,"AK SE JULY TR","ALASKA SE QUADRANT JULY TROLL",19,"Alaska July South Inside Troll",5,"AK JLI T","US","pre-terminal"
"657","AK SASI SN",17,"ALASKA N","770285","ADFG",2019,"1M1SESASI","1970-01-01",1,25,2124,NA,580,1,3,1,184594,"V",5009,1,7,4,0.47,1,4,"340419",FALSE,NA,FALSE,FALSE,"N",1,"PHI",NA,"AK SASI SN","ALASKA SEINE AREA SOUTH INSIDE (DISTRICT 101 & 102)",64,"Alaska District 101 & 102 Seine",17,"ALASKA N","US","pre-terminal"
"658","AK 101 GN",17,"ALASKA N","770298","ADFG",2019,"1M1SE101 11","1970-01-01",1,20,2101,NA,525,1,3,1,184595,"V",5009,1,7,32,0.96,1,4,"340204",FALSE,NA,FALSE,FALSE,"N",1,"PHI",NA,"AK 101 GN","AK DISTRICT 101 GILLNET",55,"Alaska District 101 And 102 Gillnet",17,"ALASKA N","US","pre-terminal"
"659","AK SASI SN",17,"ALASKA N","770613","ADFG",2019,"1M1SESASI","1970-01-01",1,25,2124,NA,530,1,3,1,184595,"V",5009,1,7,2,0.16,1,4,"340408",FALSE,NA,FALSE,FALSE,"N",1,"PHI",NA,"AK SASI SN","ALASKA SEINE AREA SOUTH INSIDE (DISTRICT 101 & 102)",64,"Alaska District 101 & 102 Seine",17,"ALASKA N","US","pre-terminal"
"660","AK SASI SN",17,"ALASKA N","770731","ADFG",2019,"1M1SESASI","1970-01-01",1,25,2124,NA,330,1,2,1,184765,"V",5009,1,7,3,0.31,1,4,"340414",FALSE,NA,FALSE,FALSE,"N",1,"PHI",NA,"AK SASI SN","ALASKA SEINE AREA SOUTH INSIDE (DISTRICT 101 & 102)",64,"Alaska District 101 & 102 Seine",17,"ALASKA N","US","pre-terminal"
"661","AK 106 GN",17,"ALASKA N","770858","ADFG",2019,"1M1SE106 30","1970-01-01",1,20,2106,NA,560,1,3,1,184594,"V",5009,1,7,36,1.47,1.47665409279517,4,"340237",FALSE,NA,FALSE,FALSE,"N",1.00452659373821,"PHI",NA,"AK 106 GN","AK DISTRICT 106 GILLNET",58,"Alaska District 115 Gillnet",17,"ALASKA N","US","pre-terminal"
"662","AK SASI SN",17,"ALASKA N","771068","ADFG",2020,"1M1SESASI","1970-01-01",1,25,2124,NA,345,1,2,1,185195,"V",5009,1,7,4,0.57,1,4,"336661",FALSE,NA,FALSE,FALSE,"N",1,"PHI",NA,"AK SASI SN","ALASKA SEINE AREA SOUTH INSIDE (DISTRICT 101 & 102)",64,"Alaska District 101 & 102 Seine",17,"ALASKA N","US","pre-terminal"
"663","AK SASI SN",17,"ALASKA N","771359","ADFG",2020,"1M1SESASI","1970-01-01",1,25,2124,NA,370,1,2,1,184280,"V",5009,1,7,5,1.72,1.72,4,"336664",FALSE,NA,FALSE,FALSE,"N",1,"PHI",NA,"AK SASI SN","ALASKA SEINE AREA SOUTH INSIDE (DISTRICT 101 & 102)",64,"Alaska District 101 & 102 Seine",17,"ALASKA N","US","pre-terminal"
"664","AK NW WIN1 TR",1,"AK W/S T","774701","ADFG",2018,"1M1NW113 41","1970-01-01",1,10,1102,NA,670,1,4,1,184199,"V",5009,1,7,6,2.04,2.04,3,"348616",FALSE,NA,FALSE,FALSE,"N",1,"PHI",NA,"AK NW WIN1 TR","ALASKA NW QUADRANT EARLY WINTER TROLL",2,"Alaska Early Winter North Outside Troll",1,"AK W/S T","US","pre-terminal"
"665","AK NW WIN2 TR",1,"AK W/S T","774751","ADFG",2019,"1M1NW113 41","1970-01-01",1,10,1106,NA,680,1,4,1,184198,"V",5009,1,7,1,3.22,3.22,3,"340384",FALSE,NA,FALSE,FALSE,"N",1,"PHI",NA,"AK NW WIN2 TR","ALASKA NW QUADRANT LATE WINTER TROLL",6,"Alaska Late Winter North Outside Troll",1,"AK W/S T","US","pre-terminal"
"666","AK NW WIN2 TR",1,"AK W/S T","774913","ADFG",2020,"1M1NW113 62","1970-01-01",1,10,1106,NA,780,1,4,1,184595,"V",5009,1,7,1,2.8,2.8,3,"336636",FALSE,NA,FALSE,FALSE,"N",1,"PHI",NA,"AK NW WIN2 TR","ALASKA NW QUADRANT LATE WINTER TROLL",6,"Alaska Late Winter North Outside Troll",1,"AK W/S T","US","pre-terminal"
"667","AK NW JUNE TR",2,"AK JNO T","775362","ADFG",2020,"1M1NW113 62","1970-01-01",1,11,1114,NA,700,1,4,1,184595,"V",5009,1,7,3,1.58,1.58,5,"339217",FALSE,NA,FALSE,FALSE,"N",1,"PHI",NA,"AK NW JUNE TR","ALASKA NW QUADRANT JUNE TROLL",14,"Alaska June North Outside Troll",2,"AK JNO T","US","pre-terminal"
"668","AK NW JULY TR",4,"AK JLO T","775922","ADFG",2019,"1M1NW154","1970-01-01",1,10,1118,NA,NA,NA,4,1,184199,"V",5009,1,7,4,3.07,3.07,3,"340388",FALSE,NA,FALSE,FALSE,"N",1,"PHI",NA,"AK NW JULY TR","ALASKA NW QUADRANT JULY TROLL",18,"Alaska July North Outside Troll",4,"AK JLO T","US","pre-terminal"
"669","AK NW JULY TR",4,"AK JLO T","776036","ADFG",2020,"1M1NW154","1970-01-01",1,10,1118,NA,675,1,4,1,184594,"V",5009,1,7,4,3.95,3.95,3,"336640",FALSE,NA,FALSE,FALSE,"N",1,"PHI",NA,"AK NW JULY TR","ALASKA NW QUADRANT JULY TROLL",18,"Alaska July North Outside Troll",4,"AK JLO T","US","pre-terminal"
"670","AK NW JUNE TR",2,"AK JNO T","776535","ADFG",2020,"1M1NW113 62","1970-01-01",1,11,1114,NA,630,1,4,1,184594,"V",5009,1,7,3,1.58,1.58,5,"339217",FALSE,NA,FALSE,FALSE,"N",1,"PHI",NA,"AK NW JUNE TR","ALASKA NW QUADRANT JUNE TROLL",14,"Alaska June North Outside Troll",2,"AK JNO T","US","pre-terminal"
"671","AK NE WIN2 TR",1,"AK W/S T","777793","ADFG",2020,"1M1NE112 21","1970-01-01",1,10,1108,NA,635,1,4,1,184594,"V",5009,1,7,1,1.25,1.25,3,"336635",FALSE,NA,FALSE,FALSE,"N",1,"PHI",NA,"AK NE WIN2 TR","ALASKA NE QUADRANT LATE WINTER TROLL",8,"Alaska Late Winter North Inside Troll",1,"AK W/S T","US","pre-terminal"
"672","AK NW WIN1 TR",1,"AK W/S T","778197","ADFG",2019,"1M1NW113 41","1970-01-01",1,10,1102,NA,680,1,4,1,184594,"V",5009,1,7,6,1.99,1.99,3,"340396",FALSE,NA,FALSE,FALSE,"N",1,"PHI",NA,"AK NW WIN1 TR","ALASKA NW QUADRANT EARLY WINTER TROLL",2,"Alaska Early Winter North Outside Troll",1,"AK W/S T","US","pre-terminal"
"673","AK NW WIN1 TR",1,"AK W/S T","778206","ADFG",2019,"1M1NW113 41","1970-01-01",1,10,1102,NA,615,1,4,1,184595,"V",5009,1,7,6,1.99,1.99,3,"340396",FALSE,NA,FALSE,FALSE,"N",1,"PHI",NA,"AK NW WIN1 TR","ALASKA NW QUADRANT EARLY WINTER TROLL",2,"Alaska Early Winter North Outside Troll",1,"AK W/S T","US","pre-terminal"
"674","AK NW WIN1 TR",1,"AK W/S T","778208","ADFG",2019,"1M1NW113 41","1970-01-01",1,10,1102,NA,640,1,4,1,184594,"V",5009,1,7,6,1.99,1.99,3,"340396",FALSE,NA,FALSE,FALSE,"N",1,"PHI",NA,"AK NW WIN1 TR","ALASKA NW QUADRANT EARLY WINTER TROLL",2,"Alaska Early Winter North Outside Troll",1,"AK W/S T","US","pre-terminal"
"675","AK NW WIN1 TR",1,"AK W/S T","778242","ADFG",2019,"1M1NW113 41","1970-01-01",1,10,1102,NA,805,1,5,1,184198,"V",5009,1,7,6,1.99,1.99,3,"340396",FALSE,NA,FALSE,FALSE,"N",1,"PHI",NA,"AK NW WIN1 TR","ALASKA NW QUADRANT EARLY WINTER TROLL",2,"Alaska Early Winter North Outside Troll",1,"AK W/S T","US","pre-terminal"
"676","AK NW WIN1 TR",1,"AK W/S T","778259","ADFG",2019,"1M1NW113 41","1970-01-01",1,10,1102,NA,640,1,4,1,184595,"V",5009,1,7,6,1.99,1.99,3,"340396",FALSE,NA,FALSE,FALSE,"N",1,"PHI",NA,"AK NW WIN1 TR","ALASKA NW QUADRANT EARLY WINTER TROLL",2,"Alaska Early Winter North Outside Troll",1,"AK W/S T","US","pre-terminal"
"677","AK NW WIN1 TR",1,"AK W/S T","778269","ADFG",2019,"1M1NW113 41","1970-01-01",1,10,1102,NA,640,1,4,1,184595,"V",5009,1,7,6,1.99,1.99,3,"340396",FALSE,NA,FALSE,FALSE,"N",1,"PHI",NA,"AK NW WIN1 TR","ALASKA NW QUADRANT EARLY WINTER TROLL",2,"Alaska Early Winter North Outside Troll",1,"AK W/S T","US","pre-terminal"
"678","AK NW WIN1 TR",1,"AK W/S T","778274","ADFG",2019,"1M1NW113 41","1970-01-01",1,10,1102,NA,620,1,4,1,184594,"V",5009,1,7,6,1.99,1.99,3,"340396",FALSE,NA,FALSE,FALSE,"N",1,"PHI",NA,"AK NW WIN1 TR","ALASKA NW QUADRANT EARLY WINTER TROLL",2,"Alaska Early Winter North Outside Troll",1,"AK W/S T","US","pre-terminal"
"679","AK NW WIN1 TR",1,"AK W/S T","778284","ADFG",2019,"1M1NW113 41","1970-01-01",1,10,1102,NA,640,1,5,1,184198,"V",5009,1,7,6,1.99,1.99,3,"340396",FALSE,NA,FALSE,FALSE,"N",1,"PHI",NA,"AK NW WIN1 TR","ALASKA NW QUADRANT EARLY WINTER TROLL",2,"Alaska Early Winter North Outside Troll",1,"AK W/S T","US","pre-terminal"
"680","AK NW WIN1 TR",1,"AK W/S T","778300","ADFG",2019,"1M1NW113 41","1970-01-01",1,10,1102,NA,630,1,4,1,184594,"V",5009,1,7,6,1.99,1.99,3,"340396",FALSE,NA,FALSE,FALSE,"N",1,"PHI",NA,"AK NW WIN1 TR","ALASKA NW QUADRANT EARLY WINTER TROLL",2,"Alaska Early Winter North Outside Troll",1,"AK W/S T","US","pre-terminal"
"681","AK NW WIN2 TR",1,"AK W/S T","778605","ADFG",2020,"1M1NW113 41","1970-01-01",1,10,1106,NA,705,1,4,1,184595,"V",5009,1,7,1,2.8,2.8,3,"336636",FALSE,NA,FALSE,FALSE,"N",1,"PHI",NA,"AK NW WIN2 TR","ALASKA NW QUADRANT LATE WINTER TROLL",6,"Alaska Late Winter North Outside Troll",1,"AK W/S T","US","pre-terminal"
"682","AK NW WIN1 TR",1,"AK W/S T","779946","ADFG",2019,"1M1NW113 41","1970-01-01",1,10,1102,NA,660,1,4,1,184594,"V",5009,1,7,6,1.99,1.99,3,"340396",FALSE,NA,FALSE,FALSE,"N",1,"PHI",NA,"AK NW WIN1 TR","ALASKA NW QUADRANT EARLY WINTER TROLL",2,"Alaska Early Winter North Outside Troll",1,"AK W/S T","US","pre-terminal"
"683","AK NW WIN1 TR",1,"AK W/S T","779950","ADFG",2019,"1M1NW113 41","1970-01-01",1,10,1102,NA,620,1,4,1,184594,"V",5009,1,7,6,1.99,1.99,3,"340396",FALSE,NA,FALSE,FALSE,"N",1,"PHI",NA,"AK NW WIN1 TR","ALASKA NW QUADRANT EARLY WINTER TROLL",2,"Alaska Early Winter North Outside Troll",1,"AK W/S T","US","pre-terminal"
"684","AK NW WIN1 TR",1,"AK W/S T","779953","ADFG",2019,"1M1NW113 41","1970-01-01",1,10,1102,NA,790,1,5,1,184198,"V",5009,1,7,6,1.99,1.99,3,"340396",FALSE,NA,FALSE,FALSE,"N",1,"PHI",NA,"AK NW WIN1 TR","ALASKA NW QUADRANT EARLY WINTER TROLL",2,"Alaska Early Winter North Outside Troll",1,"AK W/S T","US","pre-terminal"
"685","AK NW WIN1 TR",1,"AK W/S T","780101","ADFG",2019,"1M1NW113 62","1970-01-01",1,10,1102,NA,675,1,4,1,184595,"V",5009,1,7,6,1.99,1.99,3,"340396",FALSE,NA,FALSE,FALSE,"N",1,"PHI",NA,"AK NW WIN1 TR","ALASKA NW QUADRANT EARLY WINTER TROLL",2,"Alaska Early Winter North Outside Troll",1,"AK W/S T","US","pre-terminal"
"686","AK NW WIN1 TR",1,"AK W/S T","780108","ADFG",2019,"1M1NW113 41","1970-01-01",1,10,1102,NA,625,1,4,1,184594,"V",5009,1,7,6,1.99,1.99,3,"340396",FALSE,NA,FALSE,FALSE,"N",1,"PHI",NA,"AK NW WIN1 TR","ALASKA NW QUADRANT EARLY WINTER TROLL",2,"Alaska Early Winter North Outside Troll",1,"AK W/S T","US","pre-terminal"
"687","AK NW WIN1 TR",1,"AK W/S T","780569","ADFG",2020,"1M1NW113 41","1970-01-01",1,10,1102,NA,635,1,4,1,183992,"V",5009,1,7,6,2.4,2.4,3,"336648",FALSE,NA,FALSE,FALSE,"N",1,"PHI",NA,"AK NW WIN1 TR","ALASKA NW QUADRANT EARLY WINTER TROLL",2,"Alaska Early Winter North Outside Troll",1,"AK W/S T","US","pre-terminal"
"688","AK NW WIN1 TR",1,"AK W/S T","780575","ADFG",2020,"1M1NW113 41","1970-01-01",1,10,1102,NA,650,1,4,1,184765,"V",5009,1,7,6,2.4,2.4,3,"336648",FALSE,NA,FALSE,FALSE,"N",1,"PHI",NA,"AK NW WIN1 TR","ALASKA NW QUADRANT EARLY WINTER TROLL",2,"Alaska Early Winter North Outside Troll",1,"AK W/S T","US","pre-terminal"
"689","AK NW WIN1 TR",1,"AK W/S T","780582","ADFG",2020,"1M1NW113 41","1970-01-01",1,10,1102,NA,695,1,5,1,184594,"V",5009,1,7,6,2.4,2.4,3,"336648",FALSE,NA,FALSE,FALSE,"N",1,"PHI",NA,"AK NW WIN1 TR","ALASKA NW QUADRANT EARLY WINTER TROLL",2,"Alaska Early Winter North Outside Troll",1,"AK W/S T","US","pre-terminal"
"690","AK NW WIN2 TR",1,"AK W/S T","780587","ADFG",2021,"1M1NW113 41","1970-01-01",1,10,1106,NA,645,1,4,1,184765,"V",5009,1,7,1,2.76,2.76,3,"332778",FALSE,NA,FALSE,FALSE,"N",1,"PHI",NA,"AK NW WIN2 TR","ALASKA NW QUADRANT LATE WINTER TROLL",6,"Alaska Late Winter North Outside Troll",1,"AK W/S T","US","pre-terminal"
"691","AK NW FALL TR",6,"AK FALL T","780744","ADFG",2020,"1M1NW","1970-01-01",1,10,1122,NA,645,1,3,1,183992,"V",5009,1,7,5,4.5,4.5,3,"336644",FALSE,NA,FALSE,FALSE,"N",1,"PHI",NA,"AK NW FALL TR","ALASKA NW QUADRANT FALL TROLL",22,"Alaska Fall North Outside Troll",6,"AK FALL T","US","pre-terminal"
"692","AK NE WIN1 TR",1,"AK W/S T","783574","ADFG",2019,"1M1NE110","1970-01-01",1,10,1104,NA,630,1,4,1,184595,"V",5009,1,7,6,1.49,1.49,3,"340395",FALSE,NA,FALSE,FALSE,"N",1,"PHI",NA,"AK NE WIN1 TR","ALASKA NE QUADRANT EARLY WINTER TROLL",4,"Alaska Early Winter North Inside Troll",1,"AK W/S T","US","pre-terminal"
"693","AK SE WIN1 TR",1,"AK W/S T","783587","ADFG",2019,"1M1SE108 60","1970-01-01",1,10,1103,NA,635,1,4,1,184595,"V",5009,1,7,6,2.24,2.24,3,"340397",FALSE,NA,FALSE,FALSE,"N",1,"PHI",NA,"AK SE WIN1 TR","ALASKA SE QUADRANT EARLY WINTER TROLL",3,"Alaska Early Winter South Inside Troll",1,"AK W/S T","US","pre-terminal"
"694","AK SASO SN",17,"ALASKA N","783616","ADFG",2019,"1M1SWSASO","1970-01-01",1,25,2125,NA,710,1,3,1,184595,"V",5009,1,7,3,3.16,3.17268613138686,4,"339966",FALSE,NA,FALSE,FALSE,"N",1.00401459854015,"PHI",NA,"AK SASO SN","ALASKA SEINE AREA SOUTH OUTSIDE (DISTRICT 103 & 104)",65,"Alaska District 103 & 104 Seine",17,"ALASKA N","US","pre-terminal"
"695","AK SACO SN",17,"ALASKA N","783620","ADFG",2019,"1M1NESACO","1970-01-01",1,25,2127,NA,505,1,3,1,184595,"V",5009,1,7,4,0.06,1.05031446540881,4,"340418",FALSE,NA,FALSE,FALSE,"N",1.05031446540881,"PHI",NA,"AK SACO SN","ALASKA SEINE AREA CENTRAL OUTSIDE (DISTRICT 109 & 110)",67,"Alaska District 109 & 110 Seine",17,"ALASKA N","US","pre-terminal"
"696","AK SACI SN",17,"ALASKA N","783657","ADFG",2019,"1M1SESACI","1970-01-01",1,25,2126,NA,500,1,3,1,184594,"V",5009,1,7,5,0.45,1.01318267419962,4,"340422",FALSE,NA,FALSE,FALSE,"N",1.01318267419962,"PHI",NA,"AK SACI SN","ALASKA SEINE AREA CENTRAL INSIDE (DISTRICT 105, 106 & 107)",66,"Alaska District 105 106 & 107 Seine",17,"ALASKA N","US","pre-terminal"
"697","AK SACI SN",17,"ALASKA N","783677","ADFG",2020,"1M1SE107 35","1970-01-01",1,26,2126,NA,630,1,4,1,184595,"V",5009,1,7,26,6.84,6.84,4,"338678",FALSE,NA,FALSE,FALSE,"N",1,"PHI",NA,"AK SACI SN","ALASKA SEINE AREA CENTRAL INSIDE (DISTRICT 105, 106 & 107)",66,"Alaska District 105 106 & 107 Seine",17,"ALASKA N","US","pre-terminal"
"698","AK NE JULY TR",5,"AK JLI T","783896","ADFG",2020,"1M1NE109 10","1970-01-01",1,10,1120,NA,725,1,4,1,184595,"V",5009,1,7,4,5.17,5.17,3,"336639",FALSE,NA,FALSE,FALSE,"N",1,"PHI",NA,"AK NE JULY TR","ALASKA NE QUADRANT JULY TROLL",20,"Alaska July North Inside Troll",5,"AK JLI T","US","pre-terminal"
"699","AK SE WIN1 TR",1,"AK W/S T","783933","ADFG",2019,"1M1SE106 42","1970-01-01",1,10,1103,NA,675,1,5,1,184198,"V",5009,1,7,6,2.24,2.24,3,"340397",FALSE,NA,FALSE,FALSE,"N",1,"PHI",NA,"AK SE WIN1 TR","ALASKA SE QUADRANT EARLY WINTER TROLL",3,"Alaska Early Winter South Inside Troll",1,"AK W/S T","US","pre-terminal"
"700","AK NE WIN1 TR",1,"AK W/S T","783941","ADFG",2019,"1M1NE110 16","1970-01-01",1,10,1104,NA,645,1,4,1,184594,"V",5009,1,7,6,1.49,1.49,3,"340395",FALSE,NA,FALSE,FALSE,"N",1,"PHI",NA,"AK NE WIN1 TR","ALASKA NE QUADRANT EARLY WINTER TROLL",4,"Alaska Early Winter North Inside Troll",1,"AK W/S T","US","pre-terminal"
"701","AK SE WIN2 TR",1,"AK W/S T","783948","ADFG",2020,"1M1SE105 41","1970-01-01",1,10,1107,NA,670,1,4,1,184595,"V",5009,1,7,1,1.56,1.56,3,"336637",FALSE,NA,FALSE,FALSE,"N",1,"PHI",NA,"AK SE WIN2 TR","ALASKA SE QUADRANT LATE WINTER TROLL",7,"Alaska Late Winter South Inside Troll",1,"AK W/S T","US","pre-terminal"
"702","AK SE WIN2 TR",1,"AK W/S T","783966","ADFG",2020,"1M1SE105 41","1970-01-01",1,10,1107,NA,660,1,4,1,184595,"V",5009,1,7,1,1.56,1.56,3,"336637",FALSE,NA,FALSE,FALSE,"N",1,"PHI",NA,"AK SE WIN2 TR","ALASKA SE QUADRANT LATE WINTER TROLL",7,"Alaska Late Winter South Inside Troll",1,"AK W/S T","US","pre-terminal"
"703","AK SE WIN2 TR",1,"AK W/S T","783968","ADFG",2020,"1M1SE108 50","1970-01-01",1,10,1107,NA,680,1,4,1,184594,"V",5009,1,7,1,1.56,1.56,3,"336637",FALSE,NA,FALSE,FALSE,"N",1,"PHI",NA,"AK SE WIN2 TR","ALASKA SE QUADRANT LATE WINTER TROLL",7,"Alaska Late Winter South Inside Troll",1,"AK W/S T","US","pre-terminal"
"704","AK NE JULY TR",5,"AK JLI T","784008","ADFG",2020,"1M1NE109","1970-01-01",1,10,1120,NA,735,1,4,1,184595,"V",5009,1,7,4,5.17,5.17,3,"336639",FALSE,NA,FALSE,FALSE,"N",1,"PHI",NA,"AK NE JULY TR","ALASKA NE QUADRANT JULY TROLL",20,"Alaska July North Inside Troll",5,"AK JLI T","US","pre-terminal"
"705","AK 106 GN",17,"ALASKA N","784154","ADFG",2019,"1M1SE106","1970-01-01",1,20,2106,NA,560,1,3,1,184594,"V",5009,1,7,36,1.47,1.47665409279517,4,"340237",FALSE,NA,FALSE,FALSE,"N",1.00452659373821,"PHI",NA,"AK 106 GN","AK DISTRICT 106 GILLNET",58,"Alaska District 115 Gillnet",17,"ALASKA N","US","pre-terminal"
"706","AK NE FALL TR",6,"AK FALL T","784485","ADFG",2020,"1M1NE110 16","1970-01-01",1,10,1124,NA,670,1,4,1,184594,"V",5009,1,7,5,3.27,3.27,3,"336643",FALSE,NA,FALSE,FALSE,"N",1,"PHI",NA,"AK NE FALL TR","ALASKA NE QUADRANT FALL TROLL",24,"Alaska Fall North Inside Troll",6,"AK FALL T","US","pre-terminal"
"707","AK SE FALL TR",6,"AK FALL T","787412","ADFG",2020,"1M1SE107 10","1970-01-01",1,10,1123,NA,620,1,3,1,184765,"V",5009,1,7,5,1.3,1.3,3,"336645",FALSE,NA,FALSE,FALSE,"N",1,"PHI",NA,"AK SE FALL TR","ALASKA SE QUADRANT FALL TROLL",23,"Alaska Fall South Inside Troll",6,"AK FALL T","US","pre-terminal"
"708","AK SASO SN",17,"ALASKA N","788580","ADFG",2021,"1M1SWSASO","1970-01-01",1,25,2125,NA,735,1,4,1,184765,"V",5009,1,7,4,4.23,4.23988439306358,4,"332427",FALSE,NA,FALSE,FALSE,"N",1.00233673594884,"PHI",NA,"AK SASO SN","ALASKA SEINE AREA SOUTH OUTSIDE (DISTRICT 103 & 104)",65,"Alaska District 103 & 104 Seine",17,"ALASKA N","US","pre-terminal"
"709","AK SE WIN1 TR",1,"AK W/S T","788756","ADFG",2021,"1M1SE101 41","1970-01-01",1,10,1103,NA,640,1,5,1,184765,"V",5009,1,7,6,2.16,2.16,3,"332791",FALSE,NA,FALSE,FALSE,"N",1,"PHI",NA,"AK SE WIN1 TR","ALASKA SE QUADRANT EARLY WINTER TROLL",3,"Alaska Early Winter South Inside Troll",1,"AK W/S T","US","pre-terminal"
"710","AK SASI SN",17,"ALASKA N","788800","ADFG",2023,"1M1SE101 28","1970-01-01",1,30,2124,NA,725,1,4,1,186480,"V",5009,1,7,28,0.66,1,4,"1043995",FALSE,NA,FALSE,FALSE,"N",1,"PHI",NA,"AK SASI SN","ALASKA SEINE AREA SOUTH INSIDE (DISTRICT 101 & 102)",64,"Alaska District 101 & 102 Seine",17,"ALASKA N","US","pre-terminal"
"711","AK SACI SN",17,"ALASKA N","788925","ADFG",2021,"1M1SE107 35","1970-01-01",1,26,2126,NA,500,1,3,1,185195,"V",5009,1,7,27,1.94,1.94,4,"334916",FALSE,NA,FALSE,FALSE,"N",1,"PHI",NA,"AK SACI SN","ALASKA SEINE AREA CENTRAL INSIDE (DISTRICT 105, 106 & 107)",66,"Alaska District 105 106 & 107 Seine",17,"ALASKA N","US","pre-terminal"
"712","AK SE FALL TR",6,"AK FALL T","789374","ADFG",2020,"1M1SE106 30","1970-01-01",1,10,1123,NA,620,1,3,1,184765,"V",5009,1,7,5,1.3,1.3,3,"336645",FALSE,NA,FALSE,FALSE,"N",1,"PHI",NA,"AK SE FALL TR","ALASKA SE QUADRANT FALL TROLL",23,"Alaska Fall South Inside Troll",6,"AK FALL T","US","pre-terminal"
"713","AK 108 GN",17,"ALASKA N","789744","ADFG",2022,"1M1SE108 10","1970-01-01",1,20,2108,NA,550,1,3,1,186481,"V",5009,1,7,38,5,5.38687973086627,4,"328800",FALSE,NA,FALSE,FALSE,"N",1.07737594617325,"PHI",NA,"AK 108 GN","AK DISTRICT 108 GILLNET",59,"Alaska Southeast Other Gillnet",17,"ALASKA N","US","pre-terminal"
"714","AK SASI SN",17,"ALASKA N","790411","ADFG",2019,"1M1SE101 28","1970-01-01",1,30,2124,NA,570,1,3,1,184595,"V",5009,1,7,31,4.75,4.75,4,"343381",FALSE,NA,FALSE,FALSE,"N",1,"PHI",NA,"AK SASI SN","ALASKA SEINE AREA SOUTH INSIDE (DISTRICT 101 & 102)",64,"Alaska District 101 & 102 Seine",17,"ALASKA N","US","pre-terminal"
"715","AK SW JUNE TR",2,"AK JNO T","791421","ADFG",2020,"1M1SW103 50","1970-01-01",1,11,1113,NA,650,1,4,1,184594,"V",5009,1,7,3,1.39,1.39,5,"339210",FALSE,NA,FALSE,FALSE,"N",1,"PHI",NA,"AK SW JUNE TR","ALASKA SW QUADRANT JUNE TROLL",13,"Alaska June South Outside Troll",2,"AK JNO T","US","pre-terminal"
"716","AK SW JULY TR",4,"AK JLO T","791454","ADFG",2020,"1M1SW152","1970-01-01",1,10,1117,NA,730,1,4,1,184595,"V",5009,1,7,4,2.72,2.72,3,"336642",FALSE,NA,FALSE,FALSE,"N",1,"PHI",NA,"AK SW JULY TR","ALASKA SW QUADRANT JULY TROLL",17,"Alaska July South Outside Troll",4,"AK JLO T","US","pre-terminal"
"717","AK SW JULY TR",4,"AK JLO T","791700","ADFG",2020,"1M1SW104 40","1970-01-01",1,10,1117,NA,745,1,4,1,184595,"V",5009,1,7,4,2.72,2.72,3,"336642",FALSE,NA,FALSE,FALSE,"N",1,"PHI",NA,"AK SW JULY TR","ALASKA SW QUADRANT JULY TROLL",17,"Alaska July South Outside Troll",4,"AK JLO T","US","pre-terminal"
"718","AK SW SPR TR",1,"AK W/S T","792105","ADFG",2020,"1M1SW103 60","1970-01-01",1,11,1109,NA,745,1,4,1,184594,"V",5009,1,7,2,1.17,1.17,5,"339203",FALSE,NA,FALSE,FALSE,"N",1,"PHI",NA,"AK SW SPR TR","ALASKA SW QUADRANT SPRING TROLL",9,"Alaska Spring South Outside Troll",1,"AK W/S T","US","pre-terminal"
"719","AK SW SPR TR",1,"AK W/S T","792128","ADFG",2020,"1M1SW103 60","1970-01-01",1,11,1109,NA,825,1,4,1,184595,"V",5009,1,7,2,1.17,1.17,5,"339203",FALSE,NA,FALSE,FALSE,"N",1,"PHI",NA,"AK SW SPR TR","ALASKA SW QUADRANT SPRING TROLL",9,"Alaska Spring South Outside Troll",1,"AK W/S T","US","pre-terminal"
"720","AK SW JUNE TR",2,"AK JNO T","792138","ADFG",2020,"1M1SW103 50","1970-01-01",1,11,1113,NA,670,1,4,1,184595,"V",5009,1,7,3,1.39,1.39,5,"339210",FALSE,NA,FALSE,FALSE,"N",1,"PHI",NA,"AK SW JUNE TR","ALASKA SW QUADRANT JUNE TROLL",13,"Alaska June South Outside Troll",2,"AK JNO T","US","pre-terminal"
"721","AK SW JUNE TR",2,"AK JNO T","792199","ADFG",2020,"1M1SW103 50","1970-01-01",1,11,1113,NA,800,1,4,1,184595,"V",5009,1,7,3,1.39,1.39,5,"339210",FALSE,NA,FALSE,FALSE,"N",1,"PHI",NA,"AK SW JUNE TR","ALASKA SW QUADRANT JUNE TROLL",13,"Alaska June South Outside Troll",2,"AK JNO T","US","pre-terminal"
"722","AK SW WIN1 TR",1,"AK W/S T","792449","ADFG",2019,"1M1SW103 70","1970-01-01",1,10,1101,NA,660,1,4,1,184595,"V",5009,1,7,6,1.21,1.21,3,"340398",FALSE,NA,FALSE,FALSE,"N",1,"PHI",NA,"AK SW WIN1 TR","ALASKA SW QUADRANT EARLY WINTER TROLL",1,"Alaska Early Winter South Outside Troll",1,"AK W/S T","US","pre-terminal"
"723","AK SW WIN1 TR",1,"AK W/S T","792450","ADFG",2019,"1M1SW103 50","1970-01-01",1,10,1101,NA,625,1,4,1,184594,"V",5009,1,7,6,1.21,1.21,3,"340398",FALSE,NA,FALSE,FALSE,"N",1,"PHI",NA,"AK SW WIN1 TR","ALASKA SW QUADRANT EARLY WINTER TROLL",1,"Alaska Early Winter South Outside Troll",1,"AK W/S T","US","pre-terminal"
"724","AK SW WIN1 TR",1,"AK W/S T","792452","ADFG",2019,"1M1SW103 50","1970-01-01",1,10,1101,NA,660,1,4,1,184594,"V",5009,1,7,6,1.21,1.21,3,"340398",FALSE,NA,FALSE,FALSE,"N",1,"PHI",NA,"AK SW WIN1 TR","ALASKA SW QUADRANT EARLY WINTER TROLL",1,"Alaska Early Winter South Outside Troll",1,"AK W/S T","US","pre-terminal"
"725","AK SW WIN1 TR",1,"AK W/S T","792455","ADFG",2019,"1M1SW103 50","1970-01-01",1,10,1101,NA,705,1,4,1,184595,"V",5009,1,7,6,1.21,1.21,3,"340398",FALSE,NA,FALSE,FALSE,"N",1,"PHI",NA,"AK SW WIN1 TR","ALASKA SW QUADRANT EARLY WINTER TROLL",1,"Alaska Early Winter South Outside Troll",1,"AK W/S T","US","pre-terminal"
"726","AK SW WIN1 TR",1,"AK W/S T","792456","ADFG",2019,"1M1SW103 50","1970-01-01",1,10,1101,NA,730,1,4,1,184595,"V",5009,1,7,6,1.21,1.21,3,"340398",FALSE,NA,FALSE,FALSE,"N",1,"PHI",NA,"AK SW WIN1 TR","ALASKA SW QUADRANT EARLY WINTER TROLL",1,"Alaska Early Winter South Outside Troll",1,"AK W/S T","US","pre-terminal"
"727","AK NE WIN2 TR",1,"AK W/S T","792476","ADFG",2020,"1M1NE109 61","1970-01-01",1,10,1108,NA,735,1,5,1,184198,"V",5009,1,7,1,1.25,1.25,3,"336635",FALSE,NA,FALSE,FALSE,"N",1,"PHI",NA,"AK NE WIN2 TR","ALASKA NE QUADRANT LATE WINTER TROLL",8,"Alaska Late Winter North Inside Troll",1,"AK W/S T","US","pre-terminal"
"728","AK NW FALL TR",6,"AK FALL T","792623","ADFG",2020,"1M1NW113","1970-01-01",1,10,1122,NA,720,1,4,1,184594,"V",5009,1,7,5,4.5,4.5,3,"336644",FALSE,NA,FALSE,FALSE,"N",1,"PHI",NA,"AK NW FALL TR","ALASKA NW QUADRANT FALL TROLL",22,"Alaska Fall North Outside Troll",6,"AK FALL T","US","pre-terminal"
"729","AK NW FALL TR",6,"AK FALL T","793341","ADFG",2020,"1M1NW154","1970-01-01",1,10,1122,NA,650,1,3,1,183992,"V",5009,1,7,5,4.5,4.5,3,"336644",FALSE,NA,FALSE,FALSE,"N",1,"PHI",NA,"AK NW FALL TR","ALASKA NW QUADRANT FALL TROLL",22,"Alaska Fall North Outside Troll",6,"AK FALL T","US","pre-terminal"
"730","AK NW FALL TR",6,"AK FALL T","793428","ADFG",2020,"1M1NW154","1970-01-01",1,10,1122,NA,650,1,4,1,184594,"V",5009,1,7,5,4.5,4.5,3,"336644",FALSE,NA,FALSE,FALSE,"N",1,"PHI",NA,"AK NW FALL TR","ALASKA NW QUADRANT FALL TROLL",22,"Alaska Fall North Outside Troll",6,"AK FALL T","US","pre-terminal"
"731","AK NW JUNE TR",2,"AK JNO T","793624","ADFG",2020,"1M1NW113 41","1970-01-01",1,11,1114,NA,750,1,4,1,184594,"V",5009,1,7,3,1.47,1.47,5,"339216",FALSE,NA,FALSE,FALSE,"N",1,"PHI",NA,"AK NW JUNE TR","ALASKA NW QUADRANT JUNE TROLL",14,"Alaska June North Outside Troll",2,"AK JNO T","US","pre-terminal"
"732","AK NW JUNE TR",2,"AK JNO T","793649","ADFG",2020,"1M1NW113 41","1970-01-01",1,11,1114,NA,740,1,4,1,184595,"V",5009,1,7,3,1.47,1.47,5,"339216",FALSE,NA,FALSE,FALSE,"N",1,"PHI",NA,"AK NW JUNE TR","ALASKA NW QUADRANT JUNE TROLL",14,"Alaska June North Outside Troll",2,"AK JNO T","US","pre-terminal"
"733","AK NW SPR TR",1,"AK W/S T","794434","ADFG",2020,"1M1NW113 41","1970-01-01",1,11,1110,NA,660,1,4,1,184594,"V",5009,1,7,3,1.47,1.47,5,"339216",FALSE,NA,FALSE,FALSE,"N",1,"PHI",NA,"AK NW SPR TR","ALASKA NW QUADRANT SPRING TROLL",10,"Alaska Spring North Outside Troll",1,"AK W/S T","US","pre-terminal"
"734","AK NW JUNE TR",2,"AK JNO T","794473","ADFG",2020,"1M1NW113 41","1970-01-01",1,11,1114,NA,650,1,4,1,184595,"V",5009,1,7,3,1.47,1.47,5,"339216",FALSE,NA,FALSE,FALSE,"N",1,"PHI",NA,"AK NW JUNE TR","ALASKA NW QUADRANT JUNE TROLL",14,"Alaska June North Outside Troll",2,"AK JNO T","US","pre-terminal"
"735","AK NW FALL TR",6,"AK FALL T","795321","ADFG",2020,"1M1NW154","1970-01-01",1,10,1122,NA,640,1,4,1,184594,"V",5009,1,7,5,4.5,4.5,3,"336644",FALSE,NA,FALSE,FALSE,"N",1,"PHI",NA,"AK NW FALL TR","ALASKA NW QUADRANT FALL TROLL",22,"Alaska Fall North Outside Troll",6,"AK FALL T","US","pre-terminal"
"736","AK NE SP",44,"ALASKA S","795916","ADFG",2021,"1M1NE111   04  DE","1970-01-01",1,40,3103,NA,NA,NA,4,1,183992,"V",5009,1,2,16,1.06,1.06,4,"336235",FALSE,NA,FALSE,FALSE,"N",1,"PHI",NA,"AK NE SP","ALASKA NE QUADRANT SPORT",124,"Alaska Southeast Sport",44,"ALASKA S","US","pre-terminal"
"737","AK SW SP",44,"ALASKA S","797239","ADFG",2020,"1M1SW104 4007  MS","1970-01-01",1,40,3102,NA,810,1,4,1,184595,"V",5009,1,2,15,4.28,4.28,4,"339905",FALSE,NA,FALSE,FALSE,"N",1,"PHI",NA,"AK SW SP","ALASKA SW QUADRANT SPORT",124,"Alaska Southeast Sport",44,"ALASKA S","US","pre-terminal"
"738","AK SW JULY TR",4,"AK JLO T","797771","ADFG",2021,"1M1SW103 11","1970-01-01",1,10,1117,NA,NA,NA,3,1,185195,"V",5009,1,7,4,2.69,2.69,3,"332784",FALSE,NA,FALSE,FALSE,"N",1,"PHI",NA,"AK SW JULY TR","ALASKA SW QUADRANT JULY TROLL",17,"Alaska July South Outside Troll",4,"AK JLO T","US","pre-terminal"
"739","AK SW JULY TR",4,"AK JLO T","797777","ADFG",2021,"1M1SW103 70","1970-01-01",1,10,1117,NA,750,1,4,1,183992,"V",5009,1,7,4,2.69,2.69,3,"332784",FALSE,NA,FALSE,FALSE,"N",1,"PHI",NA,"AK SW JULY TR","ALASKA SW QUADRANT JULY TROLL",17,"Alaska July South Outside Troll",4,"AK JLO T","US","pre-terminal"
"740","AK SE FALL TR",6,"AK FALL T","797902","ADFG",2020,"1M1SE105 10","1970-01-01",1,10,1123,NA,740,1,4,1,184595,"V",5009,1,7,5,1.3,1.3,3,"336645",FALSE,NA,FALSE,FALSE,"N",1,"PHI",NA,"AK SE FALL TR","ALASKA SE QUADRANT FALL TROLL",23,"Alaska Fall South Inside Troll",6,"AK FALL T","US","pre-terminal"
"741","AK SW SPR TR",1,"AK W/S T","797959","ADFG",2021,"1M1SW103 50","1970-01-01",1,11,1109,NA,730,1,4,1,184765,"V",5009,1,7,2,1.15,1.15,5,"335461",FALSE,NA,FALSE,FALSE,"N",1,"PHI",NA,"AK SW SPR TR","ALASKA SW QUADRANT SPRING TROLL",9,"Alaska Spring South Outside Troll",1,"AK W/S T","US","pre-terminal"
"742","AK SW SPR TR",1,"AK W/S T","797984","ADFG",2021,"1M1SW103 50","1970-01-01",1,11,1109,NA,785,1,4,1,184765,"V",5009,1,7,2,1.15,1.15,5,"335461",FALSE,NA,FALSE,FALSE,"N",1,"PHI",NA,"AK SW SPR TR","ALASKA SW QUADRANT SPRING TROLL",9,"Alaska Spring South Outside Troll",1,"AK W/S T","US","pre-terminal"
"743","AK SW SPR TR",1,"AK W/S T","797985","ADFG",2021,"1M1SW103 50","1970-01-01",1,11,1109,NA,770,1,4,1,184765,"V",5009,1,7,2,1.15,1.15,5,"335461",FALSE,NA,FALSE,FALSE,"N",1,"PHI",NA,"AK SW SPR TR","ALASKA SW QUADRANT SPRING TROLL",9,"Alaska Spring South Outside Troll",1,"AK W/S T","US","pre-terminal"
"744","AK SW SPR TR",1,"AK W/S T","798016","ADFG",2021,"1M1SW103 60","1970-01-01",1,11,1109,NA,650,1,4,1,184765,"V",5009,1,7,2,1.18,1.18,5,"335462",FALSE,NA,FALSE,FALSE,"N",1,"PHI",NA,"AK SW SPR TR","ALASKA SW QUADRANT SPRING TROLL",9,"Alaska Spring South Outside Troll",1,"AK W/S T","US","pre-terminal"
"745","AK SE WIN2 TR",1,"AK W/S T","798265","ADFG",2021,"1M1SE105 10","1970-01-01",1,10,1107,NA,630,1,4,1,183992,"V",5009,1,7,1,1.58,1.58,3,"332779",FALSE,NA,FALSE,FALSE,"N",1,"PHI",NA,"AK SE WIN2 TR","ALASKA SE QUADRANT LATE WINTER TROLL",7,"Alaska Late Winter South Inside Troll",1,"AK W/S T","US","pre-terminal"
"746","AK SW WIN2 TR",1,"AK W/S T","798292","ADFG",2021,"1M1SW103 50","1970-01-01",1,10,1105,NA,670,1,4,1,184765,"V",5009,1,7,1,1.5,1.5,3,"332780",FALSE,NA,FALSE,FALSE,"N",1,"PHI",NA,"AK SW WIN2 TR","ALASKA SW QUADRANT LATE WINTER TROLL",5,"Alaska Late Winter South Outside Troll",1,"AK W/S T","US","pre-terminal"
"747","AK SE WIN2 TR",1,"AK W/S T","798293","ADFG",2021,"1M1SE105 10","1970-01-01",1,10,1107,NA,630,1,4,1,184765,"V",5009,1,7,1,1.58,1.58,3,"332779",FALSE,NA,FALSE,FALSE,"N",1,"PHI",NA,"AK SE WIN2 TR","ALASKA SE QUADRANT LATE WINTER TROLL",7,"Alaska Late Winter South Inside Troll",1,"AK W/S T","US","pre-terminal"
"748","AK SW JULY TR",4,"AK JLO T","798476","ADFG",2021,"1M1SW104 40","1970-01-01",1,10,1117,NA,750,1,4,1,183992,"V",5009,1,7,4,2.69,2.69,3,"332784",FALSE,NA,FALSE,FALSE,"N",1,"PHI",NA,"AK SW JULY TR","ALASKA SW QUADRANT JULY TROLL",17,"Alaska July South Outside Troll",4,"AK JLO T","US","pre-terminal"
"749","AK SW JULY TR",4,"AK JLO T","798499","ADFG",2021,"1M1SW103 70","1970-01-01",1,10,1117,NA,650,1,4,1,184765,"V",5009,1,7,4,2.69,2.69,3,"332784",FALSE,NA,FALSE,FALSE,"N",1,"PHI",NA,"AK SW JULY TR","ALASKA SW QUADRANT JULY TROLL",17,"Alaska July South Outside Troll",4,"AK JLO T","US","pre-terminal"
"750","NBC SUM T",8,"NORTH T","C1089145","CDFO",2017,"2MN06P101       000","1970-01-01",1,10,1204,NA,700,0,4,1,182787,"E",5000,1,7,30,3.71,3.71,3,"00061130",FALSE,NA,FALSE,FALSE,"N",1,"PHI",NA,"NBC SUM T","NORTH SUMMER TROLL",30,"North Summer Troll",8,"NORTH T","Canada","pre-terminal"
"751","NBC SUM T",8,"NORTH T","C1089779","CDFO",2018,"2MN06P101       000","1970-01-01",1,10,1204,NA,838,0,4,1,183468,"E",5000,1,7,29,3,3,3,"00061129",FALSE,NA,FALSE,FALSE,"N",1,"PHI",NA,"NBC SUM T","NORTH SUMMER TROLL",30,"North Summer Troll",8,"NORTH T","Canada","pre-terminal"
"752","NBC SUM T",8,"NORTH T","C1090244","CDFO",2017,"2MN06P101       000","1970-01-01",1,10,1204,NA,NA,NA,4,1,182787,"E",9009,1,7,27,3.71,3.71,3,"00061127",FALSE,NA,FALSE,FALSE,"N",1,"PHI",NA,"NBC SUM T","NORTH SUMMER TROLL",30,"North Summer Troll",8,"NORTH T","Canada","pre-terminal"
"753","NBC SUM T",8,"NORTH T","C1093111","CDFO",2014,"2MN06P101       000","1970-01-01",1,10,1204,NA,689,0,3,1,181373,"E",5000,1,7,30,5.02,5.02,3,"00061130",FALSE,NA,FALSE,FALSE,"N",1,"PHI",NA,"NBC SUM T","NORTH SUMMER TROLL",30,"North Summer Troll",8,"NORTH T","Canada","pre-terminal"
"754","CENTR N",20,"CENTRL N","C1094474","CDFO",2018,"2MS51P008       000","1970-01-01",1,23,2204,NA,846,0,4,1,183379,"V",5000,1,7,26,6.47,6.47,3,"012T1126",FALSE,NA,FALSE,FALSE,"N",1,"PHI",NA,"CENTR N","CENTRAL NET",77,"Central Net",20,"CENTRL N","Canada","pre-terminal"
"755","NWVI WIN T",10,"WCVI F/W T","C1105366","CDFO",2014,"2MS01P127       000","1970-01-01",1,10,1207,NA,755,0,4,1,181878,"V",5000,1,7,18,3.84,3.84,3,"00011118",FALSE,NA,FALSE,FALSE,"N",1,"PHI",NA,"NWVI WIN T","NORTHWEST VANCOUVER ISLAND WINTER TROLL",33,"Northwest Vancouver Island Winter Troll",10,"WCVI F/W T","Canada","pre-terminal"
"756","NBC SUM T",8,"NORTH T","C1160365","CDFO",2016,"2MN06P101       000","1970-01-01",1,10,1204,NA,670,0,3,1,182787,"E",5000,1,7,37,4.39,4.39,3,"00061137",FALSE,NA,FALSE,FALSE,"N",1,"PHI",NA,"NBC SUM T","NORTH SUMMER TROLL",30,"North Summer Troll",8,"NORTH T","Canada","pre-terminal"
"757","NBC SPR T",8,"NORTH T","C1163206","CDFO",2017,"2MN06P142       000","1970-01-01",1,10,1203,NA,731,0,5,1,182876,"E",5000,1,7,25,3.71,3.71,3,"00061125",FALSE,NA,FALSE,FALSE,"N",1,"PHI",NA,"NBC SPR T","NORTH SPRING TROLL",29,"North Spring Troll",8,"NORTH T","Canada","pre-terminal"
"758","NBC SUM T",8,"NORTH T","C1167804","CDFO",2017,"2MN06P101       000","1970-01-01",1,10,1204,NA,NA,NA,5,1,180771,"E",9009,1,7,29,3.71,3.71,3,"00061129",FALSE,NA,FALSE,FALSE,"N",1,"PHI",NA,"NBC SUM T","NORTH SUMMER TROLL",30,"North Summer Troll",8,"NORTH T","Canada","pre-terminal"
"759","NBC SUM T",8,"NORTH T","C1167813","CDFO",2017,"2MN06P101       000","1970-01-01",1,10,1204,NA,NA,NA,4,1,182965,"E",9009,1,7,30,3.71,3.71,3,"00061130",FALSE,NA,FALSE,FALSE,"N",1,"PHI",NA,"NBC SUM T","NORTH SUMMER TROLL",30,"North Summer Troll",8,"NORTH T","Canada","pre-terminal"
"760","NBC SUM T",8,"NORTH T","C1182476","CDFO",2014,"2MN06P001       000","1970-01-01",1,10,1204,NA,NA,NA,4,1,181878,"E",9009,1,7,31,5.02,5.02,3,"00061131",FALSE,NA,FALSE,FALSE,"N",1,"PHI",NA,"NBC SUM T","NORTH SUMMER TROLL",30,"North Summer Troll",8,"NORTH T","Canada","pre-terminal"
"761","NORTH N",18,"NORTH N","C1183033","CDFO",2017,"2MN09P003       000","1970-01-01",1,23,2201,NA,930,0,5,1,182876,"V",5000,1,7,26,1.62,1.62,3,"00091126",FALSE,NA,FALSE,FALSE,"N",1,"PHI",NA,"NORTH N","NORTHERN NET",74,"North Net",18,"NORTH N","Canada","pre-terminal"
"762","NORTH N",18,"NORTH N","C1183765","CDFO",2014,"2MN09P003       000","1970-01-01",1,23,2201,NA,616,0,3,1,181373,"V",5000,1,7,29,1,1,3,"00091129",FALSE,NA,FALSE,FALSE,"N",1,"PHI",NA,"NORTH N","NORTHERN NET",74,"North Net",18,"NORTH N","Canada","pre-terminal"
"763","NBC SPR T",8,"NORTH T","C1253329","CDFO",2016,"2MN06P101       000","1970-01-01",1,10,1203,NA,NA,NA,4,1,182876,"E",9009,1,7,26,4.39,4.39,3,"00061126",FALSE,NA,FALSE,FALSE,"N",1,"PHI",NA,"NBC SPR T","NORTH SPRING TROLL",29,"North Spring Troll",8,"NORTH T","Canada","pre-terminal"
"764","NBC SPR T",8,"NORTH T","C1253801","CDFO",2016,"2MN06P101       000","1970-01-01",1,10,1203,NA,NA,NA,4,1,182876,"E",9009,1,7,26,4.39,4.39,3,"00061126",FALSE,NA,FALSE,FALSE,"N",1,"PHI",NA,"NBC SPR T","NORTH SPRING TROLL",29,"North Spring Troll",8,"NORTH T","Canada","pre-terminal"
"765","NBC SUM T",8,"NORTH T","C1253956","CDFO",2016,"2MN06P101       000","1970-01-01",1,10,1204,NA,NA,NA,4,1,182084,"E",9009,1,7,29,4.39,4.39,3,"00061129",FALSE,NA,FALSE,FALSE,"N",1,"PHI",NA,"NBC SUM T","NORTH SUMMER TROLL",30,"North Summer Troll",8,"NORTH T","Canada","pre-terminal"
"766","NBC SUM T",8,"NORTH T","C1296986","CDFO",2023,"2MN06H001       000","1970-01-01",1,10,1204,NA,785,0,4,1,186480,"E",5000,1,7,34,3.53,3.53,3,"00061134",FALSE,NA,FALSE,FALSE,"N",1,"PHI",NA,"NBC SUM T","NORTH SUMMER TROLL",30,"North Summer Troll",8,"NORTH T","Canada","pre-terminal"
"767","ESCAPE",80,"ESCAPEMENT","PHI0000001","CDFO",2011,"2FS99JNSTH2718","1970-01-01",1,50,4008,NA,NA,NA,2,1,180679,"V",5000,1,8,3,12.83,12.83,NA,"0",FALSE,NA,TRUE,FALSE,NA,1,"PHI",NA,"ESCAPE","ESCAPEMENT",195,"Escapement",80,"ESCAPEMENT","ESCAPEMENT","escapement"
"768","ESCAPE",80,"ESCAPEMENT","PHIE12001","CDFO",2012,"2FS99JNSTR2718","1970-01-01",1,50,4008,NA,NA,NA,3,1,180679,"V",5000,1,8,3,1,1,NA,"0",FALSE,NA,TRUE,FALSE,NA,1,"PHI",NA,"ESCAPE","ESCAPEMENT",195,"Escapement",80,"ESCAPEMENT","ESCAPEMENT","escapement"
"769","ESCAPE",80,"ESCAPEMENT","PHIE12002","CDFO",2012,"2FS99JNSTR2718","1970-01-01",1,50,4008,NA,NA,NA,2,1,181878,"V",5000,1,8,3,17,17,NA,"0",FALSE,NA,TRUE,FALSE,NA,1,"PHI",NA,"ESCAPE","ESCAPEMENT",195,"Escapement",80,"ESCAPEMENT","ESCAPEMENT","escapement"
"770","ESCAPE",80,"ESCAPEMENT","PHIE12003","CDFO",2012,"2FS99JNSTR2718","1970-01-01",1,54,4008,NA,NA,NA,3,1,180679,"V",5000,1,8,3,11.22,11.22,NA,"0",FALSE,NA,TRUE,FALSE,NA,1,"PHI",NA,"ESCAPE","ESCAPEMENT",195,"Escapement",80,"ESCAPEMENT","ESCAPEMENT","escapement"
"771","ESCAPE",80,"ESCAPEMENT","PHIE13001","CDFO",2013,"2FS99JNSTR2718","1970-01-01",1,50,4008,NA,NA,NA,4,1,180679,"V",5000,1,8,3,3,3,NA,"0",FALSE,NA,TRUE,FALSE,NA,1,"PHI",NA,"ESCAPE","ESCAPEMENT",195,"Escapement",80,"ESCAPEMENT","ESCAPEMENT","escapement"
"772","ESCAPE",80,"ESCAPEMENT","PHIE13002","CDFO",2013,"2FS99JNSTR2718","1970-01-01",1,54,4008,NA,NA,NA,4,1,180679,"V",5000,1,8,3,412.7,412.7,NA,"0",FALSE,NA,TRUE,FALSE,NA,1,"PHI",NA,"ESCAPE","ESCAPEMENT",195,"Escapement",80,"ESCAPEMENT","ESCAPEMENT","escapement"
"773","ESCAPE",80,"ESCAPEMENT","PHIE13003","CDFO",2013,"2FS99JNSTR2718","1970-01-01",1,54,4008,NA,NA,NA,2,1,181373,"V",5000,1,8,3,34,34,NA,"0",FALSE,NA,TRUE,FALSE,NA,1,"PHI",NA,"ESCAPE","ESCAPEMENT",195,"Escapement",80,"ESCAPEMENT","ESCAPEMENT","escapement"
"774","ESCAPE",80,"ESCAPEMENT","PHIE13004","CDFO",2013,"2FS99JNSTR2718","1970-01-01",1,54,4008,NA,NA,NA,3,1,181878,"V",5000,1,8,3,44.46,44.46,NA,"0",FALSE,NA,TRUE,FALSE,NA,1,"PHI",NA,"ESCAPE","ESCAPEMENT",195,"Escapement",80,"ESCAPEMENT","ESCAPEMENT","escapement"
"775","ESCAPE",80,"ESCAPEMENT","PHIE14001","CDFO",2014,"2FS99JNSTR2718","1970-01-01",1,50,4008,NA,NA,NA,5,1,180679,"V",5000,1,8,3,11.56,11.56,NA,"0",FALSE,NA,TRUE,FALSE,NA,1,"PHI",NA,"ESCAPE","ESCAPEMENT",195,"Escapement",80,"ESCAPEMENT","ESCAPEMENT","escapement"
"776","ESCAPE",80,"ESCAPEMENT","PHIE14002","CDFO",2014,"2FS99JNSTR2718","1970-01-01",1,50,4008,NA,NA,NA,3,1,181372,"V",5000,1,8,3,4.47,4.47,NA,"0",FALSE,NA,TRUE,FALSE,NA,1,"PHI",NA,"ESCAPE","ESCAPEMENT",195,"Escapement",80,"ESCAPEMENT","ESCAPEMENT","escapement"
"777","ESCAPE",80,"ESCAPEMENT","PHIE14003","CDFO",2014,"2FS99JNSTR2718","1970-01-01",1,50,4008,NA,NA,NA,3,1,181373,"V",5000,1,8,3,5.42,5.42,NA,"0",FALSE,NA,TRUE,FALSE,NA,1,"PHI",NA,"ESCAPE","ESCAPEMENT",195,"Escapement",80,"ESCAPEMENT","ESCAPEMENT","escapement"
"778","ESCAPE",80,"ESCAPEMENT","PHIE14004","CDFO",2014,"2FS99JNSTR2718","1970-01-01",1,50,4008,NA,NA,NA,4,1,181878,"V",5000,1,8,3,9.54,9.54,NA,"0",FALSE,NA,TRUE,FALSE,NA,1,"PHI",NA,"ESCAPE","ESCAPEMENT",195,"Escapement",80,"ESCAPEMENT","ESCAPEMENT","escapement"
"779","ESCAPE",80,"ESCAPEMENT","PHIE14005","CDFO",2014,"2FS99JNSTR2718","1970-01-01",1,50,4008,NA,NA,NA,4,1,181880,"V",5000,1,8,3,6.83,6.83,NA,"0",FALSE,NA,TRUE,FALSE,NA,1,"PHI",NA,"ESCAPE","ESCAPEMENT",195,"Escapement",80,"ESCAPEMENT","ESCAPEMENT","escapement"
"780","ESCAPE",80,"ESCAPEMENT","PHIE14006","CDFO",2014,"2FS99JNSTR2718","1970-01-01",1,50,4008,NA,NA,NA,2,1,182876,"V",5000,1,8,3,2.37,2.37,NA,"0",FALSE,NA,TRUE,FALSE,NA,1,"PHI",NA,"ESCAPE","ESCAPEMENT",195,"Escapement",80,"ESCAPEMENT","ESCAPEMENT","escapement"
"781","ESCAPE",80,"ESCAPEMENT","PHIE14007","CDFO",2014,"2FS99JNSTR2718","1970-01-01",1,54,4008,NA,NA,NA,5,1,180679,"V",5000,1,8,3,204.91,204.91,NA,"0",FALSE,NA,TRUE,FALSE,NA,1,"PHI",NA,"ESCAPE","ESCAPEMENT",195,"Escapement",80,"ESCAPEMENT","ESCAPEMENT","escapement"
"782","ESCAPE",80,"ESCAPEMENT","PHIE14008","CDFO",2014,"2FS99JNSTR2718","1970-01-01",1,54,4008,NA,NA,NA,3,1,181372,"V",5000,1,8,3,122.05,122.05,NA,"0",FALSE,NA,TRUE,FALSE,NA,1,"PHI",NA,"ESCAPE","ESCAPEMENT",195,"Escapement",80,"ESCAPEMENT","ESCAPEMENT","escapement"
"783","ESCAPE",80,"ESCAPEMENT","PHIE14009","CDFO",2014,"2FS99JNSTR2718","1970-01-01",1,54,4008,NA,NA,NA,3,1,181373,"V",5000,1,8,3,50.52,50.52,NA,"0",FALSE,NA,TRUE,FALSE,NA,1,"PHI",NA,"ESCAPE","ESCAPEMENT",195,"Escapement",80,"ESCAPEMENT","ESCAPEMENT","escapement"
"784","ESCAPE",80,"ESCAPEMENT","PHIE14010","CDFO",2014,"2FS99JNSTR2718","1970-01-01",1,54,4008,NA,NA,NA,4,1,181878,"V",5000,1,8,3,379.25,379.25,NA,"0",FALSE,NA,TRUE,FALSE,NA,1,"PHI",NA,"ESCAPE","ESCAPEMENT",195,"Escapement",80,"ESCAPEMENT","ESCAPEMENT","escapement"
"785","ESCAPE",80,"ESCAPEMENT","PHIE14011","CDFO",2014,"2FS99JNSTR2718","1970-01-01",1,54,4008,NA,NA,NA,4,1,181880,"V",5000,1,8,3,154.16,154.16,NA,"0",FALSE,NA,TRUE,FALSE,NA,1,"PHI",NA,"ESCAPE","ESCAPEMENT",195,"Escapement",80,"ESCAPEMENT","ESCAPEMENT","escapement"
"786","ESCAPE",80,"ESCAPEMENT","PHIE14012","CDFO",2014,"2FS99JNSTR2718","1970-01-01",1,54,4008,NA,NA,NA,2,1,182876,"V",5000,1,8,3,4.58,4.58,NA,"0",FALSE,NA,TRUE,FALSE,NA,1,"PHI",NA,"ESCAPE","ESCAPEMENT",195,"Escapement",80,"ESCAPEMENT","ESCAPEMENT","escapement"
"787","ESCAPE",80,"ESCAPEMENT","PHIE15001","CDFO",2015,"2FS99JNSTR2718","1970-01-01",1,50,4008,NA,NA,NA,3,1,180771,"V",5000,1,8,3,1.64,1.64,NA,"0",FALSE,NA,TRUE,FALSE,NA,1,"PHI",NA,"ESCAPE","ESCAPEMENT",195,"Escapement",80,"ESCAPEMENT","ESCAPEMENT","escapement"
"788","ESCAPE",80,"ESCAPEMENT","PHIE15002","CDFO",2015,"2FS99JNSTR2718","1970-01-01",1,50,4008,NA,NA,NA,4,1,181372,"V",5000,1,8,3,10.99,10.99,NA,"0",FALSE,NA,TRUE,FALSE,NA,1,"PHI",NA,"ESCAPE","ESCAPEMENT",195,"Escapement",80,"ESCAPEMENT","ESCAPEMENT","escapement"
"789","ESCAPE",80,"ESCAPEMENT","PHIE15003","CDFO",2015,"2FS99JNSTR2718","1970-01-01",1,50,4008,NA,NA,NA,4,1,181373,"V",5000,1,8,3,10.8,10.8,NA,"0",FALSE,NA,TRUE,FALSE,NA,1,"PHI",NA,"ESCAPE","ESCAPEMENT",195,"Escapement",80,"ESCAPEMENT","ESCAPEMENT","escapement"
"790","ESCAPE",80,"ESCAPEMENT","PHIE15004","CDFO",2015,"2FS99JNSTR2718","1970-01-01",1,50,4008,NA,NA,NA,5,1,181878,"V",5000,1,8,3,7.24,7.24,NA,"0",FALSE,NA,TRUE,FALSE,NA,1,"PHI",NA,"ESCAPE","ESCAPEMENT",195,"Escapement",80,"ESCAPEMENT","ESCAPEMENT","escapement"
"791","ESCAPE",80,"ESCAPEMENT","PHIE15005","CDFO",2015,"2FS99JNSTR2718","1970-01-01",1,50,4008,NA,NA,NA,5,1,181880,"V",5000,1,8,3,1.78,1.78,NA,"0",FALSE,NA,TRUE,FALSE,NA,1,"PHI",NA,"ESCAPE","ESCAPEMENT",195,"Escapement",80,"ESCAPEMENT","ESCAPEMENT","escapement"
"792","ESCAPE",80,"ESCAPEMENT","PHIE15006","CDFO",2015,"2FS99JNSTR2718","1970-01-01",1,50,4008,NA,NA,NA,3,1,182084,"V",5000,1,8,3,1.78,1.78,NA,"0",FALSE,NA,TRUE,FALSE,NA,1,"PHI",NA,"ESCAPE","ESCAPEMENT",195,"Escapement",80,"ESCAPEMENT","ESCAPEMENT","escapement"
"793","ESCAPE",80,"ESCAPEMENT","PHIE15007","CDFO",2015,"2FS99JNSTR2718","1970-01-01",1,50,4008,NA,NA,NA,2,1,182787,"V",5000,1,8,3,1.64,1.64,NA,"0",FALSE,NA,TRUE,FALSE,NA,1,"PHI",NA,"ESCAPE","ESCAPEMENT",195,"Escapement",80,"ESCAPEMENT","ESCAPEMENT","escapement"
"794","ESCAPE",80,"ESCAPEMENT","PHIE15008","CDFO",2015,"2FS99JNSTR2718","1970-01-01",1,50,4008,NA,NA,NA,3,1,182876,"V",5000,1,8,3,9.83,9.83,NA,"0",FALSE,NA,TRUE,FALSE,NA,1,"PHI",NA,"ESCAPE","ESCAPEMENT",195,"Escapement",80,"ESCAPEMENT","ESCAPEMENT","escapement"
"795","ESCAPE",80,"ESCAPEMENT","PHIE15009","CDFO",2015,"2FS99JNSTR2718","1970-01-01",1,54,4008,NA,NA,NA,4,1,181372,"V",5000,1,8,3,245.92,245.92,NA,"0",FALSE,NA,TRUE,FALSE,NA,1,"PHI",NA,"ESCAPE","ESCAPEMENT",195,"Escapement",80,"ESCAPEMENT","ESCAPEMENT","escapement"
"796","ESCAPE",80,"ESCAPEMENT","PHIE15010","CDFO",2015,"2FS99JNSTR2718","1970-01-01",1,54,4008,NA,NA,NA,4,1,181373,"V",5000,1,8,3,266.83,266.83,NA,"0",FALSE,NA,TRUE,FALSE,NA,1,"PHI",NA,"ESCAPE","ESCAPEMENT",195,"Escapement",80,"ESCAPEMENT","ESCAPEMENT","escapement"
"797","ESCAPE",80,"ESCAPEMENT","PHIE15011","CDFO",2015,"2FS99JNSTR2718","1970-01-01",1,54,4008,NA,NA,NA,5,1,181878,"V",5000,1,8,3,342.62,342.62,NA,"0",FALSE,NA,TRUE,FALSE,NA,1,"PHI",NA,"ESCAPE","ESCAPEMENT",195,"Escapement",80,"ESCAPEMENT","ESCAPEMENT","escapement"
"798","ESCAPE",80,"ESCAPEMENT","PHIE15012","CDFO",2015,"2FS99JNSTR2718","1970-01-01",1,54,4008,NA,NA,NA,5,1,181880,"V",5000,1,8,3,126.36,126.36,NA,"0",FALSE,NA,TRUE,FALSE,NA,1,"PHI",NA,"ESCAPE","ESCAPEMENT",195,"Escapement",80,"ESCAPEMENT","ESCAPEMENT","escapement"
"799","ESCAPE",80,"ESCAPEMENT","PHIE15013","CDFO",2015,"2FS99JNSTR2718","1970-01-01",1,54,4008,NA,NA,NA,3,1,182083,"V",5000,1,8,3,54.57,54.57,NA,"0",FALSE,NA,TRUE,FALSE,NA,1,"PHI",NA,"ESCAPE","ESCAPEMENT",195,"Escapement",80,"ESCAPEMENT","ESCAPEMENT","escapement"
"800","ESCAPE",80,"ESCAPEMENT","PHIE15014","CDFO",2015,"2FS99JNSTR2718","1970-01-01",1,54,4008,NA,NA,NA,3,1,182084,"V",5000,1,8,3,12.15,12.15,NA,"0",FALSE,NA,TRUE,FALSE,NA,1,"PHI",NA,"ESCAPE","ESCAPEMENT",195,"Escapement",80,"ESCAPEMENT","ESCAPEMENT","escapement"
"801","ESCAPE",80,"ESCAPEMENT","PHIE15015","CDFO",2015,"2FS99JNSTR2718","1970-01-01",1,54,4008,NA,NA,NA,3,1,182085,"V",5000,1,8,3,36.46,36.46,NA,"0",FALSE,NA,TRUE,FALSE,NA,1,"PHI",NA,"ESCAPE","ESCAPEMENT",195,"Escapement",80,"ESCAPEMENT","ESCAPEMENT","escapement"
"802","ESCAPE",80,"ESCAPEMENT","PHIE15016","CDFO",2015,"2FS99JNSTR2718","1970-01-01",1,54,4008,NA,NA,NA,3,1,182876,"V",5000,1,8,3,65.56,65.56,NA,"0",FALSE,NA,TRUE,FALSE,NA,1,"PHI",NA,"ESCAPE","ESCAPEMENT",195,"Escapement",80,"ESCAPEMENT","ESCAPEMENT","escapement"
"803","ESCAPE",80,"ESCAPEMENT","PHIE16001","CDFO",2016,"2FS99JNSTR2718","1970-01-01",1,50,4008,NA,NA,NA,4,1,180771,"V",5000,1,8,3,1,1,NA,"0",FALSE,NA,TRUE,FALSE,NA,1,"PHI",NA,"ESCAPE","ESCAPEMENT",195,"Escapement",80,"ESCAPEMENT","ESCAPEMENT","escapement"
"804","ESCAPE",80,"ESCAPEMENT","PHIE16002","CDFO",2016,"2FS99JNSTR2718","1970-01-01",1,50,4008,NA,NA,NA,5,1,181372,"V",5000,1,8,3,1,1,NA,"0",FALSE,NA,TRUE,FALSE,NA,1,"PHI",NA,"ESCAPE","ESCAPEMENT",195,"Escapement",80,"ESCAPEMENT","ESCAPEMENT","escapement"
"805","ESCAPE",80,"ESCAPEMENT","PHIE16003","CDFO",2016,"2FS99JNSTR2718","1970-01-01",1,50,4008,NA,NA,NA,4,1,182083,"V",5000,1,8,3,1,1,NA,"0",FALSE,NA,TRUE,FALSE,NA,1,"PHI",NA,"ESCAPE","ESCAPEMENT",195,"Escapement",80,"ESCAPEMENT","ESCAPEMENT","escapement"
"806","ESCAPE",80,"ESCAPEMENT","PHIE16004","CDFO",2016,"2FS99JNSTR2718","1970-01-01",1,50,4008,NA,NA,NA,4,1,182084,"V",5000,1,8,3,1,1,NA,"0",FALSE,NA,TRUE,FALSE,NA,1,"PHI",NA,"ESCAPE","ESCAPEMENT",195,"Escapement",80,"ESCAPEMENT","ESCAPEMENT","escapement"
"807","ESCAPE",80,"ESCAPEMENT","PHIE16005","CDFO",2016,"2FS99JNSTR2718","1970-01-01",1,50,4008,NA,NA,NA,4,1,182085,"V",5000,1,8,3,2,2,NA,"0",FALSE,NA,TRUE,FALSE,NA,1,"PHI",NA,"ESCAPE","ESCAPEMENT",195,"Escapement",80,"ESCAPEMENT","ESCAPEMENT","escapement"
"808","ESCAPE",80,"ESCAPEMENT","PHIE16006","CDFO",2016,"2FS99JNSTR2718","1970-01-01",1,50,4008,NA,NA,NA,4,1,182876,"V",5000,1,8,3,1,1,NA,"0",FALSE,NA,TRUE,FALSE,NA,1,"PHI",NA,"ESCAPE","ESCAPEMENT",195,"Escapement",80,"ESCAPEMENT","ESCAPEMENT","escapement"
"809","ESCAPE",80,"ESCAPEMENT","PHIE16007","CDFO",2016,"2FS99JNSTR2718","1970-01-01",1,54,4008,NA,NA,NA,4,1,180770,"V",5000,1,8,3,30.29,30.29,NA,"0",FALSE,NA,TRUE,FALSE,NA,1,"PHI",NA,"ESCAPE","ESCAPEMENT",195,"Escapement",80,"ESCAPEMENT","ESCAPEMENT","escapement"
"810","ESCAPE",80,"ESCAPEMENT","PHIE16008","CDFO",2016,"2FS99JNSTR2718","1970-01-01",1,54,4008,NA,NA,NA,4,1,180771,"V",5000,1,8,3,50.6,50.6,NA,"0",FALSE,NA,TRUE,FALSE,NA,1,"PHI",NA,"ESCAPE","ESCAPEMENT",195,"Escapement",80,"ESCAPEMENT","ESCAPEMENT","escapement"
"811","ESCAPE",80,"ESCAPEMENT","PHIE16009","CDFO",2016,"2FS99JNSTR2718","1970-01-01",1,54,4008,NA,NA,NA,5,1,181372,"V",5000,1,8,3,61.88,61.88,NA,"0",FALSE,NA,TRUE,FALSE,NA,1,"PHI",NA,"ESCAPE","ESCAPEMENT",195,"Escapement",80,"ESCAPEMENT","ESCAPEMENT","escapement"
"812","ESCAPE",80,"ESCAPEMENT","PHIE16010","CDFO",2016,"2FS99JNSTR2718","1970-01-01",1,54,4008,NA,NA,NA,5,1,181373,"V",5000,1,8,3,57.63,57.63,NA,"0",FALSE,NA,TRUE,FALSE,NA,1,"PHI",NA,"ESCAPE","ESCAPEMENT",195,"Escapement",80,"ESCAPEMENT","ESCAPEMENT","escapement"
"813","ESCAPE",80,"ESCAPEMENT","PHIE16011","CDFO",2016,"2FS99JNSTR2718","1970-01-01",1,54,4008,NA,NA,NA,6,1,181878,"V",5000,1,8,3,4.25,4.25,NA,"0",FALSE,NA,TRUE,FALSE,NA,1,"PHI",NA,"ESCAPE","ESCAPEMENT",195,"Escapement",80,"ESCAPEMENT","ESCAPEMENT","escapement"
"814","ESCAPE",80,"ESCAPEMENT","PHIE16012","CDFO",2016,"2FS99JNSTR2718","1970-01-01",1,54,4008,NA,NA,NA,4,1,182083,"V",5000,1,8,3,180.62,180.62,NA,"0",FALSE,NA,TRUE,FALSE,NA,1,"PHI",NA,"ESCAPE","ESCAPEMENT",195,"Escapement",80,"ESCAPEMENT","ESCAPEMENT","escapement"
"815","ESCAPE",80,"ESCAPEMENT","PHIE16013","CDFO",2016,"2FS99JNSTR2718","1970-01-01",1,54,4008,NA,NA,NA,4,1,182084,"V",5000,1,8,3,116.35,116.35,NA,"0",FALSE,NA,TRUE,FALSE,NA,1,"PHI",NA,"ESCAPE","ESCAPEMENT",195,"Escapement",80,"ESCAPEMENT","ESCAPEMENT","escapement"
"816","ESCAPE",80,"ESCAPEMENT","PHIE16014","CDFO",2016,"2FS99JNSTR2718","1970-01-01",1,54,4008,NA,NA,NA,4,1,182085,"V",5000,1,8,3,156.44,156.44,NA,"0",FALSE,NA,TRUE,FALSE,NA,1,"PHI",NA,"ESCAPE","ESCAPEMENT",195,"Escapement",80,"ESCAPEMENT","ESCAPEMENT","escapement"
"817","ESCAPE",80,"ESCAPEMENT","PHIE16015","CDFO",2016,"2FS99JNSTR2718","1970-01-01",1,54,4008,NA,NA,NA,3,1,182786,"V",5000,1,8,3,45.43,45.43,NA,"0",FALSE,NA,TRUE,FALSE,NA,1,"PHI",NA,"ESCAPE","ESCAPEMENT",195,"Escapement",80,"ESCAPEMENT","ESCAPEMENT","escapement"
"818","ESCAPE",80,"ESCAPEMENT","PHIE16016","CDFO",2016,"2FS99JNSTR2718","1970-01-01",1,54,4008,NA,NA,NA,3,1,182787,"V",5000,1,8,3,30.29,30.29,NA,"0",FALSE,NA,TRUE,FALSE,NA,1,"PHI",NA,"ESCAPE","ESCAPEMENT",195,"Escapement",80,"ESCAPEMENT","ESCAPEMENT","escapement"
"819","ESCAPE",80,"ESCAPEMENT","PHIE16017","CDFO",2016,"2FS99JNSTR2718","1970-01-01",1,54,4008,NA,NA,NA,4,1,182876,"V",5000,1,8,3,438.99,438.99,NA,"0",FALSE,NA,TRUE,FALSE,NA,1,"PHI",NA,"ESCAPE","ESCAPEMENT",195,"Escapement",80,"ESCAPEMENT","ESCAPEMENT","escapement"
"820","ESCAPE",80,"ESCAPEMENT","PHIE17001","CDFO",2017,"2FS99JNSTR2718","1970-01-01",1,54,4008,NA,NA,NA,5,1,180770,"V",5000,1,8,3,19.12,19.12,NA,"0",FALSE,NA,TRUE,FALSE,NA,1,"PHI",NA,"ESCAPE","ESCAPEMENT",195,"Escapement",80,"ESCAPEMENT","ESCAPEMENT","escapement"
"821","ESCAPE",80,"ESCAPEMENT","PHIE17002","CDFO",2017,"2FS99JNSTR2718","1970-01-01",1,54,4008,NA,NA,NA,5,1,180771,"V",5000,1,8,3,28.68,28.68,NA,"0",FALSE,NA,TRUE,FALSE,NA,1,"PHI",NA,"ESCAPE","ESCAPEMENT",195,"Escapement",80,"ESCAPEMENT","ESCAPEMENT","escapement"
"822","ESCAPE",80,"ESCAPEMENT","PHIE17003","CDFO",2017,"2FS99JNSTR2718","1970-01-01",1,54,4008,NA,NA,NA,5,1,182083,"V",5000,1,8,3,55.28,55.28,NA,"0",FALSE,NA,TRUE,FALSE,NA,1,"PHI",NA,"ESCAPE","ESCAPEMENT",195,"Escapement",80,"ESCAPEMENT","ESCAPEMENT","escapement"
"823","ESCAPE",80,"ESCAPEMENT","PHIE17004","CDFO",2017,"2FS99JNSTR2718","1970-01-01",1,54,4008,NA,NA,NA,5,1,182084,"V",5000,1,8,3,64.84,64.84,NA,"0",FALSE,NA,TRUE,FALSE,NA,1,"PHI",NA,"ESCAPE","ESCAPEMENT",195,"Escapement",80,"ESCAPEMENT","ESCAPEMENT","escapement"
"824","ESCAPE",80,"ESCAPEMENT","PHIE17005","CDFO",2017,"2FS99JNSTR2718","1970-01-01",1,54,4008,NA,NA,NA,5,1,182085,"V",5000,1,8,3,91.45,91.45,NA,"0",FALSE,NA,TRUE,FALSE,NA,1,"PHI",NA,"ESCAPE","ESCAPEMENT",195,"Escapement",80,"ESCAPEMENT","ESCAPEMENT","escapement"
"825","ESCAPE",80,"ESCAPEMENT","PHIE17006","CDFO",2017,"2FS99JNSTR2718","1970-01-01",1,54,4008,NA,NA,NA,4,1,182786,"V",5000,1,8,3,224.49,224.49,NA,"0",FALSE,NA,TRUE,FALSE,NA,1,"PHI",NA,"ESCAPE","ESCAPEMENT",195,"Escapement",80,"ESCAPEMENT","ESCAPEMENT","escapement"
"826","ESCAPE",80,"ESCAPEMENT","PHIE17007","CDFO",2017,"2FS99JNSTR2718","1970-01-01",1,54,4008,NA,NA,NA,4,1,182787,"V",5000,1,8,3,213.25,213.25,NA,"0",FALSE,NA,TRUE,FALSE,NA,1,"PHI",NA,"ESCAPE","ESCAPEMENT",195,"Escapement",80,"ESCAPEMENT","ESCAPEMENT","escapement"
"827","ESCAPE",80,"ESCAPEMENT","PHIE17008","CDFO",2017,"2FS99JNSTR2718","1970-01-01",1,54,4008,NA,NA,NA,5,1,182876,"V",5000,1,8,3,358.7,358.7,NA,"0",FALSE,NA,TRUE,FALSE,NA,1,"PHI",NA,"ESCAPE","ESCAPEMENT",195,"Escapement",80,"ESCAPEMENT","ESCAPEMENT","escapement"
"828","ESCAPE",80,"ESCAPEMENT","PHIE17009","CDFO",2017,"2FS99JNSTR2718","1970-01-01",1,54,4008,NA,NA,NA,4,1,182965,"V",5000,1,8,3,114.31,114.31,NA,"0",FALSE,NA,TRUE,FALSE,NA,1,"PHI",NA,"ESCAPE","ESCAPEMENT",195,"Escapement",80,"ESCAPEMENT","ESCAPEMENT","escapement"
"829","ESCAPE",80,"ESCAPEMENT","PHIE17010","CDFO",2017,"2FS99JNSTR2718","1970-01-01",1,54,4008,NA,NA,NA,3,1,183379,"V",5000,1,8,3,13.3,13.3,NA,"0",FALSE,NA,TRUE,FALSE,NA,1,"PHI",NA,"ESCAPE","ESCAPEMENT",195,"Escapement",80,"ESCAPEMENT","ESCAPEMENT","escapement"
"830","ESCAPE",80,"ESCAPEMENT","PHIE17011","CDFO",2017,"2FS99JNSTR2718","1970-01-01",1,54,4008,NA,NA,NA,3,1,183380,"V",5000,1,8,3,13.3,13.3,NA,"0",FALSE,NA,TRUE,FALSE,NA,1,"PHI",NA,"ESCAPE","ESCAPEMENT",195,"Escapement",80,"ESCAPEMENT","ESCAPEMENT","escapement"
"831","ESCAPE",80,"ESCAPEMENT","PHIE17012","CDFO",2017,"2FS99JNSTR2718","1970-01-01",1,54,4008,NA,NA,NA,3,1,183467,"V",5000,1,8,3,39.91,39.91,NA,"0",FALSE,NA,TRUE,FALSE,NA,1,"PHI",NA,"ESCAPE","ESCAPEMENT",195,"Escapement",80,"ESCAPEMENT","ESCAPEMENT","escapement"
"832","ESCAPE",80,"ESCAPEMENT","PHIE17013","CDFO",2017,"2FS99JNSTR2718","1970-01-01",1,54,4008,NA,NA,NA,2,1,184198,"V",5000,1,8,3,5,5,NA,"0",FALSE,NA,TRUE,FALSE,NA,1,"PHI",NA,"ESCAPE","ESCAPEMENT",195,"Escapement",80,"ESCAPEMENT","ESCAPEMENT","escapement"
"833","ESCAPE",80,"ESCAPEMENT","PHIE18001","CDFO",2018,"2FS99JNSTR2718","1970-01-01",1,50,4008,NA,NA,NA,5,1,182786,"V",5000,1,8,3,1,1,NA,"0",FALSE,NA,TRUE,FALSE,NA,1,"PHI",NA,"ESCAPE","ESCAPEMENT",195,"Escapement",80,"ESCAPEMENT","ESCAPEMENT","escapement"
"834","ESCAPE",80,"ESCAPEMENT","PHIE18002","CDFO",2018,"2FS99JNSTR2718","1970-01-01",1,50,4008,NA,NA,NA,5,1,182787,"V",5000,1,8,3,2.5,2.5,NA,"0",FALSE,NA,TRUE,FALSE,NA,1,"PHI",NA,"ESCAPE","ESCAPEMENT",195,"Escapement",80,"ESCAPEMENT","ESCAPEMENT","escapement"
"835","ESCAPE",80,"ESCAPEMENT","PHIE18003","CDFO",2018,"2FS99JNSTR2718","1970-01-01",1,50,4008,NA,NA,NA,5,1,182965,"V",5000,1,8,3,1.25,1.25,NA,"0",FALSE,NA,TRUE,FALSE,NA,1,"PHI",NA,"ESCAPE","ESCAPEMENT",195,"Escapement",80,"ESCAPEMENT","ESCAPEMENT","escapement"
"836","ESCAPE",80,"ESCAPEMENT","PHIE18004","CDFO",2018,"2FS99JNSTR2718","1970-01-01",1,50,4008,NA,NA,NA,4,1,183379,"V",5000,1,8,3,1.25,1.25,NA,"0",FALSE,NA,TRUE,FALSE,NA,1,"PHI",NA,"ESCAPE","ESCAPEMENT",195,"Escapement",80,"ESCAPEMENT","ESCAPEMENT","escapement"
"837","ESCAPE",80,"ESCAPEMENT","PHIE18005","CDFO",2018,"2FS99JNSTR2718","1970-01-01",1,50,4008,NA,NA,NA,4,1,183468,"V",5000,1,8,3,1,1,NA,"0",FALSE,NA,TRUE,FALSE,NA,1,"PHI",NA,"ESCAPE","ESCAPEMENT",195,"Escapement",80,"ESCAPEMENT","ESCAPEMENT","escapement"
"838","ESCAPE",80,"ESCAPEMENT","PHIE18006","CDFO",2018,"2FS99JNSTR2718","1970-01-01",1,50,4008,NA,NA,NA,3,1,184264,"V",5000,1,8,3,1,1,NA,"0",FALSE,NA,TRUE,FALSE,NA,1,"PHI",NA,"ESCAPE","ESCAPEMENT",195,"Escapement",80,"ESCAPEMENT","ESCAPEMENT","escapement"
"839","ESCAPE",80,"ESCAPEMENT","PHIE18007","CDFO",2018,"2FS99JNSTR2718","1970-01-01",1,54,4008,NA,NA,NA,6,1,180770,"V",5000,1,8,3,5.02,5.02,NA,"0",FALSE,NA,TRUE,FALSE,NA,1,"PHI",NA,"ESCAPE","ESCAPEMENT",195,"Escapement",80,"ESCAPEMENT","ESCAPEMENT","escapement"
"840","ESCAPE",80,"ESCAPEMENT","PHIE18008","CDFO",2018,"2FS99JNSTR2718","1970-01-01",1,54,4008,NA,NA,NA,6,1,180771,"V",5000,1,8,3,5.02,5.02,NA,"0",FALSE,NA,TRUE,FALSE,NA,1,"PHI",NA,"ESCAPE","ESCAPEMENT",195,"Escapement",80,"ESCAPEMENT","ESCAPEMENT","escapement"
"841","ESCAPE",80,"ESCAPEMENT","PHIE18009","CDFO",2018,"2FS99JNSTR2718","1970-01-01",1,54,4008,NA,NA,NA,5,1,182786,"V",5000,1,8,3,52.45,52.45,NA,"0",FALSE,NA,TRUE,FALSE,NA,1,"PHI",NA,"ESCAPE","ESCAPEMENT",195,"Escapement",80,"ESCAPEMENT","ESCAPEMENT","escapement"
"842","ESCAPE",80,"ESCAPEMENT","PHIE18010","CDFO",2018,"2FS99JNSTR2718","1970-01-01",1,54,4008,NA,NA,NA,5,1,182787,"V",5000,1,8,3,17.97,17.97,NA,"0",FALSE,NA,TRUE,FALSE,NA,1,"PHI",NA,"ESCAPE","ESCAPEMENT",195,"Escapement",80,"ESCAPEMENT","ESCAPEMENT","escapement"
"843","ESCAPE",80,"ESCAPEMENT","PHIE18011","CDFO",2018,"2FS99JNSTR2718","1970-01-01",1,54,4008,NA,NA,NA,6,1,182876,"V",5000,1,8,3,6.47,6.47,NA,"0",FALSE,NA,TRUE,FALSE,NA,1,"PHI",NA,"ESCAPE","ESCAPEMENT",195,"Escapement",80,"ESCAPEMENT","ESCAPEMENT","escapement"
"844","ESCAPE",80,"ESCAPEMENT","PHIE18012","CDFO",2018,"2FS99JNSTR2718","1970-01-01",1,54,4008,NA,NA,NA,5,1,182965,"V",5000,1,8,3,43.09,43.09,NA,"0",FALSE,NA,TRUE,FALSE,NA,1,"PHI",NA,"ESCAPE","ESCAPEMENT",195,"Escapement",80,"ESCAPEMENT","ESCAPEMENT","escapement"
"845","ESCAPE",80,"ESCAPEMENT","PHIE18013","CDFO",2018,"2FS99JNSTR2718","1970-01-01",1,54,4008,NA,NA,NA,4,1,183380,"V",5000,1,8,3,33.04,33.04,NA,"0",FALSE,NA,TRUE,FALSE,NA,1,"PHI",NA,"ESCAPE","ESCAPEMENT",195,"Escapement",80,"ESCAPEMENT","ESCAPEMENT","escapement"
"846","ESCAPE",80,"ESCAPEMENT","PHIE18014","CDFO",2018,"2FS99JNSTR2718","1970-01-01",1,54,4008,NA,NA,NA,4,1,183467,"V",5000,1,8,3,104.91,104.91,NA,"0",FALSE,NA,TRUE,FALSE,NA,1,"PHI",NA,"ESCAPE","ESCAPEMENT",195,"Escapement",80,"ESCAPEMENT","ESCAPEMENT","escapement"
"847","ESCAPE",80,"ESCAPEMENT","PHIE18015","CDFO",2018,"2FS99JNSTR2718","1970-01-01",1,54,4008,NA,NA,NA,4,1,183468,"V",5000,1,8,3,107.04,107.04,NA,"0",FALSE,NA,TRUE,FALSE,NA,1,"PHI",NA,"ESCAPE","ESCAPEMENT",195,"Escapement",80,"ESCAPEMENT","ESCAPEMENT","escapement"
"848","ESCAPE",80,"ESCAPEMENT","PHIE18016","CDFO",2018,"2FS99JNSTR2718","1970-01-01",1,54,4008,NA,NA,NA,3,1,184198,"V",5000,1,8,3,32.36,32.36,NA,"0",FALSE,NA,TRUE,FALSE,NA,1,"PHI",NA,"ESCAPE","ESCAPEMENT",195,"Escapement",80,"ESCAPEMENT","ESCAPEMENT","escapement"
"849","ESCAPE",80,"ESCAPEMENT","PHIE18017","CDFO",2018,"2FS99JNSTR2718","1970-01-01",1,54,4008,NA,NA,NA,3,1,184199,"V",5000,1,8,3,95.62,95.62,NA,"0",FALSE,NA,TRUE,FALSE,NA,1,"PHI",NA,"ESCAPE","ESCAPEMENT",195,"Escapement",80,"ESCAPEMENT","ESCAPEMENT","escapement"
"850","ESCAPE",80,"ESCAPEMENT","PHIE18018","CDFO",2018,"2FS99JNSTR2718","1970-01-01",1,54,4008,NA,NA,NA,3,1,184264,"V",5000,1,8,3,6.47,6.47,NA,"0",FALSE,NA,TRUE,FALSE,NA,1,"PHI",NA,"ESCAPE","ESCAPEMENT",195,"Escapement",80,"ESCAPEMENT","ESCAPEMENT","escapement"
"851","ESCAPE",80,"ESCAPEMENT","PHIE18019","CDFO",2018,"2FS99JNSTR2718","1970-01-01",1,54,4008,NA,NA,NA,2,1,184594,"V",5000,1,8,3,2,2,NA,"0",FALSE,NA,TRUE,FALSE,NA,1,"PHI",NA,"ESCAPE","ESCAPEMENT",195,"Escapement",80,"ESCAPEMENT","ESCAPEMENT","escapement"
"852","ESCAPE",80,"ESCAPEMENT","PHIE18020","CDFO",2018,"2FS99JNSTR2718","1970-01-01",1,54,4008,NA,NA,NA,2,1,184595,"V",5000,1,8,3,2,2,NA,"0",FALSE,NA,TRUE,FALSE,NA,1,"PHI",NA,"ESCAPE","ESCAPEMENT",195,"Escapement",80,"ESCAPEMENT","ESCAPEMENT","escapement"
"853","ESCAPE",80,"ESCAPEMENT","PHIE19001","CDFO",2019,"2FS99JNSTR2718","1970-01-01",1,50,4008,NA,NA,NA,5,1,183379,"V",5000,1,8,3,1,1,NA,"0",FALSE,NA,TRUE,FALSE,NA,1,"PHI",NA,"ESCAPE","ESCAPEMENT",195,"Escapement",80,"ESCAPEMENT","ESCAPEMENT","escapement"
"854","ESCAPE",80,"ESCAPEMENT","PHIE19002","CDFO",2019,"2FS99JNSTR2718","1970-01-01",1,50,4008,NA,NA,NA,4,1,184198,"V",5000,1,8,3,5,5,NA,"0",FALSE,NA,TRUE,FALSE,NA,1,"PHI",NA,"ESCAPE","ESCAPEMENT",195,"Escapement",80,"ESCAPEMENT","ESCAPEMENT","escapement"
"855","ESCAPE",80,"ESCAPEMENT","PHIE19003","CDFO",2019,"2FS99JNSTR2718","1970-01-01",1,50,4008,NA,NA,NA,4,1,184199,"V",5000,1,8,3,1,1,NA,"0",FALSE,NA,TRUE,FALSE,NA,1,"PHI",NA,"ESCAPE","ESCAPEMENT",195,"Escapement",80,"ESCAPEMENT","ESCAPEMENT","escapement"
"856","ESCAPE",80,"ESCAPEMENT","PHIE19004","CDFO",2019,"2FS99JNSTR2718","1970-01-01",1,50,4008,NA,NA,NA,4,1,184264,"V",5000,1,8,3,2,2,NA,"0",FALSE,NA,TRUE,FALSE,NA,1,"PHI",NA,"ESCAPE","ESCAPEMENT",195,"Escapement",80,"ESCAPEMENT","ESCAPEMENT","escapement"
"857","ESCAPE",80,"ESCAPEMENT","PHIE19005","CDFO",2019,"2FS99JNSTR2718","1970-01-01",1,50,4008,NA,NA,NA,3,1,184594,"V",5000,1,8,3,2,2,NA,"0",FALSE,NA,TRUE,FALSE,NA,1,"PHI",NA,"ESCAPE","ESCAPEMENT",195,"Escapement",80,"ESCAPEMENT","ESCAPEMENT","escapement"
"858","ESCAPE",80,"ESCAPEMENT","PHIE19006","CDFO",2019,"2FS99JNSTR2718","1970-01-01",1,50,4008,NA,NA,NA,3,1,184595,"V",5000,1,8,3,2,2,NA,"0",FALSE,NA,TRUE,FALSE,NA,1,"PHI",NA,"ESCAPE","ESCAPEMENT",195,"Escapement",80,"ESCAPEMENT","ESCAPEMENT","escapement"
"859","ESCAPE",80,"ESCAPEMENT","PHIE19007","CDFO",2019,"2FS99JNSTR2718","1970-01-01",1,54,4008,NA,NA,NA,5,1,183467,"V",5000,1,8,3,23.69,23.69,NA,"0",FALSE,NA,TRUE,FALSE,NA,1,"PHI",NA,"ESCAPE","ESCAPEMENT",195,"Escapement",80,"ESCAPEMENT","ESCAPEMENT","escapement"
"860","ESCAPE",80,"ESCAPEMENT","PHIE19008","CDFO",2019,"2FS99JNSTR2718","1970-01-01",1,54,4008,NA,NA,NA,4,1,184198,"V",5000,1,8,3,223.04,223.04,NA,"0",FALSE,NA,TRUE,FALSE,NA,1,"PHI",NA,"ESCAPE","ESCAPEMENT",195,"Escapement",80,"ESCAPEMENT","ESCAPEMENT","escapement"
"861","ESCAPE",80,"ESCAPEMENT","PHIE19009","CDFO",2019,"2FS99JNSTR2718","1970-01-01",1,54,4008,NA,NA,NA,4,1,184199,"V",5000,1,8,3,123.36,123.36,NA,"0",FALSE,NA,TRUE,FALSE,NA,1,"PHI",NA,"ESCAPE","ESCAPEMENT",195,"Escapement",80,"ESCAPEMENT","ESCAPEMENT","escapement"
"862","ESCAPE",80,"ESCAPEMENT","PHIE19010","CDFO",2019,"2FS99JNSTR2718","1970-01-01",1,54,4008,NA,NA,NA,4,1,184264,"V",5000,1,8,3,180.56,180.56,NA,"0",FALSE,NA,TRUE,FALSE,NA,1,"PHI",NA,"ESCAPE","ESCAPEMENT",195,"Escapement",80,"ESCAPEMENT","ESCAPEMENT","escapement"
"863","ESCAPE",80,"ESCAPEMENT","PHIE19011","CDFO",2019,"2FS99JNSTR2718","1970-01-01",1,54,4008,NA,NA,NA,3,1,184594,"V",5000,1,8,3,522.9,522.9,NA,"0",FALSE,NA,TRUE,FALSE,NA,1,"PHI",NA,"ESCAPE","ESCAPEMENT",195,"Escapement",80,"ESCAPEMENT","ESCAPEMENT","escapement"
"864","ESCAPE",80,"ESCAPEMENT","PHIE19012","CDFO",2019,"2FS99JNSTR2718","1970-01-01",1,54,4008,NA,NA,NA,3,1,184595,"V",5000,1,8,3,104.58,104.58,NA,"0",FALSE,NA,TRUE,FALSE,NA,1,"PHI",NA,"ESCAPE","ESCAPEMENT",195,"Escapement",80,"ESCAPEMENT","ESCAPEMENT","escapement"
"865","ESCAPE",80,"ESCAPEMENT","PHIE20001","CDFO",2020,"2FS99JNSTR2718","1970-01-01",1,54,4008,NA,NA,NA,3,1,183992,"V",5000,1,8,3,84.44,84.44,NA,"0",FALSE,NA,TRUE,FALSE,NA,1,"PHI",NA,"ESCAPE","ESCAPEMENT",195,"Escapement",80,"ESCAPEMENT","ESCAPEMENT","escapement"
"866","ESCAPE",80,"ESCAPEMENT","PHIE20002","CDFO",2020,"2FS99JNSTR2718","1970-01-01",1,54,4008,NA,NA,NA,5,1,184198,"V",5000,1,8,3,31.76,31.76,NA,"0",FALSE,NA,TRUE,FALSE,NA,1,"PHI",NA,"ESCAPE","ESCAPEMENT",195,"Escapement",80,"ESCAPEMENT","ESCAPEMENT","escapement"
"867","ESCAPE",80,"ESCAPEMENT","PHIE20003","CDFO",2020,"2FS99JNSTR2718","1970-01-01",1,54,4008,NA,NA,NA,5,1,184199,"V",5000,1,8,3,31.76,31.76,NA,"0",FALSE,NA,TRUE,FALSE,NA,1,"PHI",NA,"ESCAPE","ESCAPEMENT",195,"Escapement",80,"ESCAPEMENT","ESCAPEMENT","escapement"
"868","ESCAPE",80,"ESCAPEMENT","PHIE20004","CDFO",2020,"2FS99JNSTR2718","1970-01-01",1,54,4008,NA,NA,NA,5,1,184264,"V",5000,1,8,3,11.66,11.66,NA,"0",FALSE,NA,TRUE,FALSE,NA,1,"PHI",NA,"ESCAPE","ESCAPEMENT",195,"Escapement",80,"ESCAPEMENT","ESCAPEMENT","escapement"
"869","ESCAPE",80,"ESCAPEMENT","PHIE20005","CDFO",2020,"2FS99JNSTR2718","1970-01-01",1,54,4008,NA,NA,NA,4,1,184594,"V",5000,1,8,3,535.8,535.8,NA,"0",FALSE,NA,TRUE,FALSE,NA,1,"PHI",NA,"ESCAPE","ESCAPEMENT",195,"Escapement",80,"ESCAPEMENT","ESCAPEMENT","escapement"
"870","ESCAPE",80,"ESCAPEMENT","PHIE20006","CDFO",2020,"2FS99JNSTR2718","1970-01-01",1,54,4008,NA,NA,NA,4,1,184595,"V",5000,1,8,3,474.68,474.68,NA,"0",FALSE,NA,TRUE,FALSE,NA,1,"PHI",NA,"ESCAPE","ESCAPEMENT",195,"Escapement",80,"ESCAPEMENT","ESCAPEMENT","escapement"
"871","ESCAPE",80,"ESCAPEMENT","PHIE20007","CDFO",2020,"2FS99JNSTR2718","1970-01-01",1,54,4008,NA,NA,NA,3,1,184765,"V",5000,1,8,3,92.89,92.89,NA,"0",FALSE,NA,TRUE,FALSE,NA,1,"PHI",NA,"ESCAPE","ESCAPEMENT",195,"Escapement",80,"ESCAPEMENT","ESCAPEMENT","escapement"
"872","ESCAPE",80,"ESCAPEMENT","PHIE21001","CDFO",2021,"2FS99JNSTR2718","1970-01-01",1,54,4008,NA,NA,NA,4,1,183992,"V",5000,1,8,3,127.51,127.51,NA,"0",FALSE,NA,TRUE,FALSE,NA,1,"PHI",NA,"ESCAPE","ESCAPEMENT",195,"Escapement",80,"ESCAPEMENT","ESCAPEMENT","escapement"
"873","ESCAPE",80,"ESCAPEMENT","PHIE21002","CDFO",2021,"2FS99JNSTR2718","1970-01-01",1,54,4008,NA,NA,NA,5,1,184594,"V",5000,1,8,3,160.48,160.48,NA,"0",FALSE,NA,TRUE,FALSE,NA,1,"PHI",NA,"ESCAPE","ESCAPEMENT",195,"Escapement",80,"ESCAPEMENT","ESCAPEMENT","escapement"
"874","ESCAPE",80,"ESCAPEMENT","PHIE21003","CDFO",2021,"2FS99JNSTR2718","1970-01-01",1,54,4008,NA,NA,NA,5,1,184595,"V",5000,1,8,3,41.04,41.04,NA,"0",FALSE,NA,TRUE,FALSE,NA,1,"PHI",NA,"ESCAPE","ESCAPEMENT",195,"Escapement",80,"ESCAPEMENT","ESCAPEMENT","escapement"
"875","ESCAPE",80,"ESCAPEMENT","PHIE21004","CDFO",2021,"2FS99JNSTR2718","1970-01-01",1,54,4008,NA,NA,NA,4,1,184765,"V",5000,1,8,3,148.03,148.03,NA,"0",FALSE,NA,TRUE,FALSE,NA,1,"PHI",NA,"ESCAPE","ESCAPEMENT",195,"Escapement",80,"ESCAPEMENT","ESCAPEMENT","escapement"
"876","ESCAPE",80,"ESCAPEMENT","PHIE21005","CDFO",2021,"2FS99JNSTR2718","1970-01-01",1,54,4008,NA,NA,NA,3,1,185195,"V",5000,1,8,3,98.92,98.92,NA,"0",FALSE,NA,TRUE,FALSE,NA,1,"PHI",NA,"ESCAPE","ESCAPEMENT",195,"Escapement",80,"ESCAPEMENT","ESCAPEMENT","escapement"
"877","ESCAPE",80,"ESCAPEMENT","PHIE22001","CDFO",2022,"2FS99JNSTR2718","1970-01-01",1,54,4008,NA,NA,NA,4,1,180595,"V",5000,1,8,3,9.99,9.99,NA,"0",FALSE,NA,TRUE,FALSE,NA,1,"PHI",NA,"ESCAPE","ESCAPEMENT",195,"Escapement",80,"ESCAPEMENT","ESCAPEMENT","escapement"
"878","ESCAPE",80,"ESCAPEMENT","PHIE22002","CDFO",2022,"2FS99JNSTR2718","1970-01-01",1,54,4008,NA,NA,NA,5,1,183992,"V",5000,1,8,3,49.28,49.28,NA,"0",FALSE,NA,TRUE,FALSE,NA,1,"PHI",NA,"ESCAPE","ESCAPEMENT",195,"Escapement",80,"ESCAPEMENT","ESCAPEMENT","escapement"
"879","ESCAPE",80,"ESCAPEMENT","PHIE22003","CDFO",2022,"2FS99JNSTR2718","1970-01-01",1,54,4008,NA,NA,NA,4,1,184280,"V",5000,1,8,3,131.09,131.09,NA,"0",FALSE,NA,TRUE,FALSE,NA,1,"PHI",NA,"ESCAPE","ESCAPEMENT",195,"Escapement",80,"ESCAPEMENT","ESCAPEMENT","escapement"
"880","ESCAPE",80,"ESCAPEMENT","PHIE22004","CDFO",2022,"2FS99JNSTR2718","1970-01-01",1,54,4008,NA,NA,NA,6,1,184594,"V",5000,1,8,3,3.22,3.22,NA,"0",FALSE,NA,TRUE,FALSE,NA,1,"PHI",NA,"ESCAPE","ESCAPEMENT",195,"Escapement",80,"ESCAPEMENT","ESCAPEMENT","escapement"
"881","ESCAPE",80,"ESCAPEMENT","PHIE22005","CDFO",2022,"2FS99JNSTR2718","1970-01-01",1,54,4008,NA,NA,NA,5,1,184765,"V",5000,1,8,3,124.65,124.65,NA,"0",FALSE,NA,TRUE,FALSE,NA,1,"PHI",NA,"ESCAPE","ESCAPEMENT",195,"Escapement",80,"ESCAPEMENT","ESCAPEMENT","escapement"
"882","ESCAPE",80,"ESCAPEMENT","PHIE22006","CDFO",2022,"2FS99JNSTR2718","1970-01-01",1,54,4008,NA,NA,NA,4,1,185195,"V",5000,1,8,3,259.28,259.28,NA,"0",FALSE,NA,TRUE,FALSE,NA,1,"PHI",NA,"ESCAPE","ESCAPEMENT",195,"Escapement",80,"ESCAPEMENT","ESCAPEMENT","escapement"
"883","ESCAPE",80,"ESCAPEMENT","PHIE22007","CDFO",2022,"2FS99JNSTR2718","1970-01-01",1,54,4008,NA,NA,NA,3,1,186480,"V",5000,1,8,3,27.07,27.07,NA,"0",FALSE,NA,TRUE,FALSE,NA,1,"PHI",NA,"ESCAPE","ESCAPEMENT",195,"Escapement",80,"ESCAPEMENT","ESCAPEMENT","escapement"
"884","ESCAPE",80,"ESCAPEMENT","PHIE22008","CDFO",2022,"2FS99JNSTR2718","1970-01-01",1,54,4008,NA,NA,NA,3,1,186481,"V",5000,1,8,3,6.77,6.77,NA,"0",FALSE,NA,TRUE,FALSE,NA,1,"PHI",NA,"ESCAPE","ESCAPEMENT",195,"Escapement",80,"ESCAPEMENT","ESCAPEMENT","escapement"
"885","ESCAPE",80,"ESCAPEMENT","PHIE23001","CDFO",2023,"2FS99JNSTR2718","1970-01-01",1,54,4008,NA,NA,NA,5,1,180595,"V",5000,1,8,3,17.07,17.07,NA,"0",FALSE,NA,TRUE,FALSE,NA,NA,"PHI",NA,"ESCAPE","ESCAPEMENT",195,"Escapement",80,"ESCAPEMENT","ESCAPEMENT","escapement"
"886","ESCAPE",80,"ESCAPEMENT","PHIE23002","CDFO",2023,"2FS99JNSTR2718","1970-01-01",1,54,4008,NA,NA,NA,5,1,184280,"V",5000,1,8,3,41.55,41.55,NA,"0",FALSE,NA,TRUE,FALSE,NA,NA,"PHI",NA,"ESCAPE","ESCAPEMENT",195,"Escapement",80,"ESCAPEMENT","ESCAPEMENT","escapement"
"887","ESCAPE",80,"ESCAPEMENT","PHIE23003","CDFO",2023,"2FS99JNSTR2718","1970-01-01",1,54,4008,NA,NA,NA,5,1,185195,"V",5000,1,8,3,212.28,212.28,NA,"0",FALSE,NA,TRUE,FALSE,NA,NA,"PHI",NA,"ESCAPE","ESCAPEMENT",195,"Escapement",80,"ESCAPEMENT","ESCAPEMENT","escapement"
"888","ESCAPE",80,"ESCAPEMENT","PHIE23004","CDFO",2023,"2FS99JNSTR2718","1970-01-01",1,54,4008,NA,NA,NA,4,1,186480,"V",5000,1,8,3,224.83,224.83,NA,"0",FALSE,NA,TRUE,FALSE,NA,NA,"PHI",NA,"ESCAPE","ESCAPEMENT",195,"Escapement",80,"ESCAPEMENT","ESCAPEMENT","escapement"
"889","ESCAPE",80,"ESCAPEMENT","PHIE23005","CDFO",2023,"2FS99JNSTR2718","1970-01-01",1,54,4008,NA,NA,NA,4,1,186481,"V",5000,1,8,3,75.7,75.7,NA,"0",FALSE,NA,TRUE,FALSE,NA,NA,"PHI",NA,"ESCAPE","ESCAPEMENT",195,"Escapement",80,"ESCAPEMENT","ESCAPEMENT","escapement"
"890","ESCAPE",80,"ESCAPEMENT","PHIE24001","CDFO",2024,"2FS99JNSTR2718","1970-01-01",1,54,4008,NA,NA,NA,6,1,185195,"V",5000,1,8,3,11.78,11.78,NA,"0",FALSE,NA,TRUE,FALSE,NA,NA,"PHI",NA,"ESCAPE","ESCAPEMENT",195,"Escapement",80,"ESCAPEMENT","ESCAPEMENT","escapement"
"891","ESCAPE",80,"ESCAPEMENT","PHIE24002","CDFO",2024,"2FS99JNSTR2718","1970-01-01",1,54,4008,NA,NA,NA,5,1,186480,"V",5000,1,8,3,178.95,178.95,NA,"0",FALSE,NA,TRUE,FALSE,NA,NA,"PHI",NA,"ESCAPE","ESCAPEMENT",195,"Escapement",80,"ESCAPEMENT","ESCAPEMENT","escapement"
"892","ESCAPE",80,"ESCAPEMENT","PHIE24003","CDFO",2024,"2FS99JNSTR2718","1970-01-01",1,54,4008,NA,NA,NA,5,1,186481,"V",5000,1,8,3,47.11,47.11,NA,"0",FALSE,NA,TRUE,FALSE,NA,NA,"PHI",NA,"ESCAPE","ESCAPEMENT",195,"Escapement",80,"ESCAPEMENT","ESCAPEMENT","escapement"
"893","JOHN ST N",40,"JNST N","R1008505","CDFO",2019,"2MS11P012       000","1970-01-01",1,61,2207,NA,NA,NA,3,1,184594,"E",5000,1,7,28,1,1,3,"0RIT1128",FALSE,NA,FALSE,FALSE,"N",1,"PHI",NA,"JOHN ST N","JOHNSTONE STRAIT NET",80,"Johnstone Strait Net",40,"JNST N","Canada","pre-terminal"
"894","NORTH AABM S SUMMER",47,"NBC AABM S","S1014240","CDFO",2013,"2MN39H001ONEI","1970-01-01",1,40,32013,NA,NA,NA,4,1,180679,"V",5000,6,5,7,2.54,2.54,3,"0NHG1607",FALSE,NA,FALSE,FALSE,"N",1,"PHI",NA,"NORTH AABM S SUMMER","NORTH AABM SPORT (QCI) - SUMMER",128,"North AABM Sport (QCI)",47,"NBC AABM S","Canada","pre-terminal"
"895","NORTH AABM S SUMMER",47,"NBC AABM S","S1113921","CDFO",2016,"2MN39P001CP EDEN 03","1970-01-01",1,40,32013,NA,790,0,4,1,182083,"V",5000,6,5,6,4.21,4.21,3,"0NHG1606",FALSE,NA,FALSE,FALSE,"N",1,"PHI",NA,"NORTH AABM S SUMMER","NORTH AABM SPORT (QCI) - SUMMER",128,"North AABM Sport (QCI)",47,"NBC AABM S","Canada","pre-terminal"
"896","CENTRAL S",45,"CBC S","S1115914","CDFO",2015,"2MNCSP009RIVE IN 02","1970-01-01",1,40,3205,NA,530,0,4,1,181373,"V",5000,6,5,7,8.4,8.4,3,"0CBC1607",FALSE,NA,FALSE,FALSE,"N",1,"PHI",NA,"CENTRAL S","CENTRAL SPORT",132,"Central Sport",45,"CBC S","Canada","pre-terminal"
"897","CENTRAL S",45,"CBC S","S1115917","CDFO",2015,"2MNCSP009RIVE IN 02","1970-01-01",1,40,3205,NA,860,0,4,1,181372,"V",5000,6,5,7,8.4,8.4,3,"0CBC1607",FALSE,NA,FALSE,FALSE,"N",1,"PHI",NA,"CENTRAL S","CENTRAL SPORT",132,"Central Sport",45,"CBC S","Canada","pre-terminal"
"898","CENTRAL S",45,"CBC S","S1115924","CDFO",2015,"2MNCSP009THE WAL 06","1970-01-01",1,40,3205,NA,NA,NA,4,1,181373,"V",5000,6,5,7,8.4,8.4,3,"0CBC1607",FALSE,NA,FALSE,FALSE,"N",1,"PHI",NA,"CENTRAL S","CENTRAL SPORT",132,"Central Sport",45,"CBC S","Canada","pre-terminal"
"899","CENTRAL S",45,"CBC S","S1115934","CDFO",2016,"2MNCSP009RIVE IN 02","1970-01-01",1,40,3205,NA,530,0,4,1,182876,"V",5000,6,5,6,4.49,4.49,3,"0CBC1606",FALSE,NA,FALSE,FALSE,"N",1,"PHI",NA,"CENTRAL S","CENTRAL SPORT",132,"Central Sport",45,"CBC S","Canada","pre-terminal"
"900","CENTRAL S",45,"CBC S","S1115942","CDFO",2016,"2MNCSP009RIVE IN 02","1970-01-01",1,40,3205,NA,NA,NA,4,1,182876,"V",5000,6,5,6,4.49,4.49,3,"0CBC1606",FALSE,NA,FALSE,FALSE,"N",1,"PHI",NA,"CENTRAL S","CENTRAL SPORT",132,"Central Sport",45,"CBC S","Canada","pre-terminal"
"901","NORTH ISBM S SUMMER",48,"NBC ISBM S","S1117163","CDFO",2021,"2MN38P003PEAR CA 11","1970-01-01",1,40,32023,NA,890,0,4,1,184765,"V",5000,6,5,5,8.92,8.92,3,"0NPR1605",FALSE,NA,FALSE,FALSE,"N",1,"PHI",NA,"NORTH ISBM S SUMMER","NORTH ISBM SPORT - SUMMER",129,"North ISBM Sport",48,"NBC ISBM S","Canada","pre-terminal"
"902","NORTH ISBM S SUMMER",48,"NBC ISBM S","S1117201","CDFO",2015,"2MN38P003","1970-01-01",1,40,32023,NA,NA,NA,4,1,181373,"V",5000,6,5,6,3.23,3.23,3,"0NPR1606",FALSE,NA,FALSE,FALSE,"N",1,"PHI",NA,"NORTH ISBM S SUMMER","NORTH ISBM SPORT - SUMMER",129,"North ISBM Sport",48,"NBC ISBM S","Canada","pre-terminal"
"903","NORTH ISBM S SUMMER",48,"NBC ISBM S","S1117746","CDFO",2015,"2MN38P004AVER IS 09","1970-01-01",1,40,32023,NA,NA,NA,4,1,181372,"V",5000,6,5,7,3.23,3.23,3,"0NPR1607",FALSE,NA,FALSE,FALSE,"N",1,"PHI",NA,"NORTH ISBM S SUMMER","NORTH ISBM SPORT - SUMMER",129,"North ISBM Sport",48,"NBC ISBM S","Canada","pre-terminal"
"904","NORTH ISBM S SUMMER",48,"NBC ISBM S","S1119493","CDFO",2015,"2MN38P004EDYE PS 04","1970-01-01",1,40,32023,NA,550,0,3,1,182085,"V",5000,6,5,6,3.23,3.23,3,"0NPR1606",FALSE,NA,FALSE,FALSE,"N",1,"PHI",NA,"NORTH ISBM S SUMMER","NORTH ISBM SPORT - SUMMER",129,"North ISBM Sport",48,"NBC ISBM S","Canada","pre-terminal"
"905","NORTH ISBM S FALL",48,"NBC ISBM S","S1119496","CDFO",2014,"2MN38H004PRIN HA","1970-01-01",1,40,32021,NA,610,0,3,1,181373,"V",5000,6,5,12,8.01,8.01,3,"0NPR1612",FALSE,NA,FALSE,FALSE,"N",1,"PHI",NA,"NORTH ISBM S FALL","NORTH ISBM SPORT - FALL",129,"North ISBM Sport",48,"NBC ISBM S","Canada","pre-terminal"
"906","NGS S SUMMER",63,"GEO ST S","S1120811","CDFO",2017,"2MSNGP013","1970-01-01",1,40,32093,NA,NA,NA,4,1,182965,"V",5000,6,5,7,4.31,4.31,3,"0NSG1607",FALSE,NA,FALSE,FALSE,"N",1,"PHI",NA,"NGS S SUMMER","NORTH GEORGIA STRAIT SPORT - SUMMER",136,"North Georgia Strait Sport",63,"GEO ST S","Canada","pre-terminal"
"907","NGS S SUMMER",63,"GEO ST S","S1120813","CDFO",2017,"2MSNGP013CRDE CH 41","1970-01-01",1,40,32093,NA,970,0,5,1,182876,"V",5000,6,5,7,4.31,4.31,3,"0NSG1607",FALSE,NA,FALSE,FALSE,"N",1,"PHI",NA,"NGS S SUMMER","NORTH GEORGIA STRAIT SPORT - SUMMER",136,"North Georgia Strait Sport",63,"GEO ST S","Canada","pre-terminal"
"908","NGS S SUMMER",63,"GEO ST S","S1120818","CDFO",2017,"2MSNGP013","1970-01-01",1,40,32093,NA,940,0,4,1,182965,"V",5000,6,5,8,4.31,4.31,3,"0NSG1608",FALSE,NA,FALSE,FALSE,"N",1,"PHI",NA,"NGS S SUMMER","NORTH GEORGIA STRAIT SPORT - SUMMER",136,"North Georgia Strait Sport",63,"GEO ST S","Canada","pre-terminal"
"909","NGS S SUMMER",63,"GEO ST S","S1122728","CDFO",2014,"2MSNGP013","1970-01-01",1,40,32093,NA,640,0,3,1,181373,"V",5000,6,5,7,5.09,5.09,3,"0NSG1607",FALSE,NA,FALSE,FALSE,"N",1,"PHI",NA,"NGS S SUMMER","NORTH GEORGIA STRAIT SPORT - SUMMER",136,"North Georgia Strait Sport",63,"GEO ST S","Canada","pre-terminal"
"910","NGS S SUMMER",63,"GEO ST S","S1123064","CDFO",2015,"2MSNGP013DISC PS 06","1970-01-01",1,40,32093,NA,1050,0,5,1,181878,"V",5000,6,5,7,5.17,5.17,3,"0NSG1607",FALSE,NA,FALSE,FALSE,"N",1,"PHI",NA,"NGS S SUMMER","NORTH GEORGIA STRAIT SPORT - SUMMER",136,"North Georgia Strait Sport",63,"GEO ST S","Canada","pre-terminal"
"911","NGS S SUMMER",63,"GEO ST S","S1123288","CDFO",2015,"2MSNGP013THUR BY 26","1970-01-01",1,40,32093,NA,860,0,4,1,181372,"V",5000,6,5,7,5.17,5.17,3,"0NSG1607",FALSE,NA,FALSE,FALSE,"N",1,"PHI",NA,"NGS S SUMMER","NORTH GEORGIA STRAIT SPORT - SUMMER",136,"North Georgia Strait Sport",63,"GEO ST S","Canada","pre-terminal"
"912","JOHN ST S SUMMER",61,"JNST S","S1123700","CDFO",2014,"2MSQCP012DONE HD 06","1970-01-01",1,40,32083,NA,410,0,4,1,181878,"V",5000,6,5,7,3.39,3.39,3,"0QCS1607",FALSE,NA,FALSE,FALSE,"N",1,"PHI",NA,"JOHN ST S SUMMER","JOHNSTONE STRAIT SPORT - SUMMER",135,"Johnstone Strait Sport",61,"JNST S","Canada","pre-terminal"
"913","JOHN ST S SUMMER",61,"JNST S","S1123845","CDFO",2014,"2MSQCP012MALC IS 06","1970-01-01",1,40,32083,NA,900,0,4,1,181878,"V",5000,6,5,8,3.31,3.31,3,"0QCS1608",FALSE,NA,FALSE,FALSE,"N",1,"PHI",NA,"JOHN ST S SUMMER","JOHNSTONE STRAIT SPORT - SUMMER",135,"Johnstone Strait Sport",61,"JNST S","Canada","pre-terminal"
"914","JOHN ST S SUMMER",61,"JNST S","S1123896","CDFO",2015,"2MSQCP012","1970-01-01",1,40,32083,NA,940,0,5,1,181878,"V",5000,6,5,7,4.01,4.01,3,"0QCS1607",FALSE,NA,FALSE,FALSE,"N",1,"PHI",NA,"JOHN ST S SUMMER","JOHNSTONE STRAIT SPORT - SUMMER",135,"Johnstone Strait Sport",61,"JNST S","Canada","pre-terminal"
"915","JOHN ST S SUMMER",61,"JNST S","S1123922","CDFO",2015,"2MSQCP012BLAC BF 08","1970-01-01",1,40,32083,NA,NA,NA,5,1,181878,"V",5000,6,5,7,4.01,4.01,3,"0QCS1607",FALSE,NA,FALSE,FALSE,"N",1,"PHI",NA,"JOHN ST S SUMMER","JOHNSTONE STRAIT SPORT - SUMMER",135,"Johnstone Strait Sport",61,"JNST S","Canada","pre-terminal"
"916","JOHN ST S SUMMER",61,"JNST S","S1123929","CDFO",2015,"2MSQCP012DUVA PT 16","1970-01-01",1,40,32083,NA,NA,NA,4,1,181372,"V",5000,6,5,6,3.92,3.92,3,"0QCS1606",FALSE,NA,FALSE,FALSE,"N",1,"PHI",NA,"JOHN ST S SUMMER","JOHNSTONE STRAIT SPORT - SUMMER",135,"Johnstone Strait Sport",61,"JNST S","Canada","pre-terminal"
"917","JOHN ST S SUMMER",61,"JNST S","S1124975","CDFO",2015,"2MSQCP012CAST PT 10","1970-01-01",1,40,32083,NA,980,0,5,1,181878,"V",5000,6,5,6,3.92,3.92,3,"0QCS1606",FALSE,NA,FALSE,FALSE,"N",1,"PHI",NA,"JOHN ST S SUMMER","JOHNSTONE STRAIT SPORT - SUMMER",135,"Johnstone Strait Sport",61,"JNST S","Canada","pre-terminal"
"918","JOHN ST S SUMMER",61,"JNST S","S1125190","CDFO",2016,"2MSQCP012DUVA PT 16","1970-01-01",1,40,32083,NA,NA,NA,4,1,182876,"V",5000,6,5,7,5.46,5.46,3,"0QCS1607",FALSE,NA,FALSE,FALSE,"N",1,"PHI",NA,"JOHN ST S SUMMER","JOHNSTONE STRAIT SPORT - SUMMER",135,"Johnstone Strait Sport",61,"JNST S","Canada","pre-terminal"
"919","JOHN ST S SUMMER",61,"JNST S","S1125341","CDFO",2015,"2MSQCP012BERE PT 08","1970-01-01",1,40,32083,NA,NA,NA,4,1,181372,"V",5000,6,5,7,4.01,4.01,3,"0QCS1607",FALSE,NA,FALSE,FALSE,"N",1,"PHI",NA,"JOHN ST S SUMMER","JOHNSTONE STRAIT SPORT - SUMMER",135,"Johnstone Strait Sport",61,"JNST S","Canada","pre-terminal"
"920","JOHN ST S SUMMER",61,"JNST S","S1125351","CDFO",2015,"2MSQCP012DONE HD 06","1970-01-01",1,40,32083,NA,890,0,4,1,181373,"V",5000,6,5,7,4.01,4.01,3,"0QCS1607",FALSE,NA,FALSE,FALSE,"N",1,"PHI",NA,"JOHN ST S SUMMER","JOHNSTONE STRAIT SPORT - SUMMER",135,"Johnstone Strait Sport",61,"JNST S","Canada","pre-terminal"
"921","JOHN ST S SUMMER",61,"JNST S","S1125528","CDFO",2017,"2MSQCP012LIZA PT 06","1970-01-01",1,40,32083,NA,760,0,5,1,182876,"V",5000,6,5,7,4.04,4.04,3,"0QCS1607",FALSE,NA,FALSE,FALSE,"N",1,"PHI",NA,"JOHN ST S SUMMER","JOHNSTONE STRAIT SPORT - SUMMER",135,"Johnstone Strait Sport",61,"JNST S","Canada","pre-terminal"
"922","JOHN ST S SUMMER",61,"JNST S","S1125790","CDFO",2016,"2MSQCP011CP SUTI 01","1970-01-01",1,40,32083,NA,900,0,4,1,182876,"V",5000,6,5,7,5.46,5.46,3,"0QCS1607",FALSE,NA,FALSE,FALSE,"N",1,"PHI",NA,"JOHN ST S SUMMER","JOHNSTONE STRAIT SPORT - SUMMER",135,"Johnstone Strait Sport",61,"JNST S","Canada","pre-terminal"
"923","JOHN ST S SUMMER",61,"JNST S","S1125792","CDFO",2016,"2MSQCP011BREM PT 02","1970-01-01",1,40,32083,NA,860,0,4,1,182085,"V",5000,6,5,7,5.46,5.46,3,"0QCS1607",FALSE,NA,FALSE,FALSE,"N",1,"PHI",NA,"JOHN ST S SUMMER","JOHNSTONE STRAIT SPORT - SUMMER",135,"Johnstone Strait Sport",61,"JNST S","Canada","pre-terminal"
"924","JOHN ST S SUMMER",61,"JNST S","S1125878","CDFO",2016,"2MSQCP012MALC IS 06","1970-01-01",1,40,32083,NA,NA,NA,5,1,181372,"V",5000,6,5,7,5.46,5.46,3,"0QCS1607",FALSE,NA,FALSE,FALSE,"N",1,"PHI",NA,"JOHN ST S SUMMER","JOHNSTONE STRAIT SPORT - SUMMER",135,"Johnstone Strait Sport",61,"JNST S","Canada","pre-terminal"
"925","JOHN ST S SUMMER",61,"JNST S","S1126015","CDFO",2017,"2MSQCP012DONE HD 06","1970-01-01",1,40,32083,NA,NA,NA,5,1,182876,"V",5000,6,5,7,4.04,4.04,3,"0QCS1607",FALSE,NA,FALSE,FALSE,"N",1,"PHI",NA,"JOHN ST S SUMMER","JOHNSTONE STRAIT SPORT - SUMMER",135,"Johnstone Strait Sport",61,"JNST S","Canada","pre-terminal"
"926","JOHN ST S SUMMER",61,"JNST S","S1126047","CDFO",2017,"2MSQCP012MALC IS 06","1970-01-01",1,40,32083,NA,940,0,4,1,182786,"V",5000,6,5,6,3.97,3.97,3,"0QCS1606",FALSE,NA,FALSE,FALSE,"N",1,"PHI",NA,"JOHN ST S SUMMER","JOHNSTONE STRAIT SPORT - SUMMER",135,"Johnstone Strait Sport",61,"JNST S","Canada","pre-terminal"
"927","JOHN ST S SUMMER",61,"JNST S","S1126058","CDFO",2016,"2MSQCP012","1970-01-01",1,40,32083,NA,760,0,4,1,182876,"V",5000,6,5,7,5.46,5.46,3,"0QCS1607",FALSE,NA,FALSE,FALSE,"N",1,"PHI",NA,"JOHN ST S SUMMER","JOHNSTONE STRAIT SPORT - SUMMER",135,"Johnstone Strait Sport",61,"JNST S","Canada","pre-terminal"
"928","JOHN ST S SUMMER",61,"JNST S","S1126061","CDFO",2016,"2MSQCP012MALC IS 06","1970-01-01",1,40,32083,NA,NA,NA,5,1,181373,"V",5000,6,5,8,5.58,5.58,3,"0QCS1608",FALSE,NA,FALSE,FALSE,"N",1,"PHI",NA,"JOHN ST S SUMMER","JOHNSTONE STRAIT SPORT - SUMMER",135,"Johnstone Strait Sport",61,"JNST S","Canada","pre-terminal"
"929","JOHN ST S SUMMER",61,"JNST S","S1126062","CDFO",2016,"2MSQCP012","1970-01-01",1,40,32083,NA,NA,NA,4,1,182876,"V",5000,6,5,8,5.58,5.58,3,"0QCS1608",FALSE,NA,FALSE,FALSE,"N",1,"PHI",NA,"JOHN ST S SUMMER","JOHNSTONE STRAIT SPORT - SUMMER",135,"Johnstone Strait Sport",61,"JNST S","Canada","pre-terminal"
"930","JOHN ST S SUMMER",61,"JNST S","S1126158","CDFO",2016,"2MSQCP011CP SUTI 01","1970-01-01",1,40,32083,NA,960,0,4,1,182876,"V",5000,6,5,7,5.46,5.46,3,"0QCS1607",FALSE,NA,FALSE,FALSE,"N",1,"PHI",NA,"JOHN ST S SUMMER","JOHNSTONE STRAIT SPORT - SUMMER",135,"Johnstone Strait Sport",61,"JNST S","Canada","pre-terminal"
"931","CENTRAL S",45,"CBC S","S1126165","CDFO",2016,"2MNCSP010","1970-01-01",1,40,3205,NA,970,0,5,1,181373,"V",5000,6,5,7,4.49,4.49,3,"0CBC1607",FALSE,NA,FALSE,FALSE,"N",1,"PHI",NA,"CENTRAL S","CENTRAL SPORT",132,"Central Sport",45,"CBC S","Canada","pre-terminal"
"932","CENTRAL S",45,"CBC S","S1126409","CDFO",2016,"2MNCSP010CP CAUT","1970-01-01",1,40,3205,NA,500,0,3,1,182786,"V",5000,6,5,7,4.49,4.49,3,"0CBC1607",FALSE,NA,FALSE,FALSE,"N",1,"PHI",NA,"CENTRAL S","CENTRAL SPORT",132,"Central Sport",45,"CBC S","Canada","pre-terminal"
"933","JOHN ST S SUMMER",61,"JNST S","S1126428","CDFO",2016,"2MSQCP011","1970-01-01",1,40,32083,NA,910,0,4,1,182084,"V",5000,6,5,8,5.58,5.58,3,"0QCS1608",FALSE,NA,FALSE,FALSE,"N",1,"PHI",NA,"JOHN ST S SUMMER","JOHNSTONE STRAIT SPORT - SUMMER",135,"Johnstone Strait Sport",61,"JNST S","Canada","pre-terminal"
"934","CENTRAL S",45,"CBC S","S1126432","CDFO",2016,"2MNCSP010CP CAUT","1970-01-01",1,40,3205,NA,830,0,4,1,182085,"V",5000,6,5,8,4.49,4.49,3,"0CBC1608",FALSE,NA,FALSE,FALSE,"N",1,"PHI",NA,"CENTRAL S","CENTRAL SPORT",132,"Central Sport",45,"CBC S","Canada","pre-terminal"
"935","JOHN ST S SUMMER",61,"JNST S","S1126448","CDFO",2016,"2MSQCP011","1970-01-01",1,40,32083,NA,830,0,4,1,182083,"V",5000,6,5,8,5.58,5.58,3,"0QCS1608",FALSE,NA,FALSE,FALSE,"N",1,"PHI",NA,"JOHN ST S SUMMER","JOHNSTONE STRAIT SPORT - SUMMER",135,"Johnstone Strait Sport",61,"JNST S","Canada","pre-terminal"
"936","JOHN ST S SUMMER",61,"JNST S","S1126467","CDFO",2017,"2MSQCP012GORD IS 10","1970-01-01",1,40,32083,NA,910,0,5,1,182876,"V",5000,6,5,8,3.97,3.97,3,"0QCS1608",FALSE,NA,FALSE,FALSE,"N",1,"PHI",NA,"JOHN ST S SUMMER","JOHNSTONE STRAIT SPORT - SUMMER",135,"Johnstone Strait Sport",61,"JNST S","Canada","pre-terminal"
"937","NORTH ISBM S SUMMER",48,"NBC ISBM S","S1127097","CDFO",2016,"2MN38P004","1970-01-01",1,40,32023,NA,NA,NA,4,1,182876,"V",5000,6,5,6,6.83,6.83,3,"0NPR1606",FALSE,NA,FALSE,FALSE,"N",1,"PHI",NA,"NORTH ISBM S SUMMER","NORTH ISBM SPORT - SUMMER",129,"North ISBM Sport",48,"NBC ISBM S","Canada","pre-terminal"
"938","CENTRAL S",45,"CBC S","S1127261","CDFO",2014,"2MNCSH009RIVE IN","1970-01-01",1,40,3205,NA,860,0,4,1,181878,"V",5000,6,5,6,5.56,5.56,3,"0CBC1606",FALSE,NA,FALSE,FALSE,"N",1,"PHI",NA,"CENTRAL S","CENTRAL SPORT",132,"Central Sport",45,"CBC S","Canada","pre-terminal"
"939","CENTRAL S",45,"CBC S","S1127329","CDFO",2014,"2MNCSH009RIVE IN","1970-01-01",1,40,3205,NA,830,0,4,1,181878,"V",5000,6,5,6,5.56,5.56,3,"0CBC1606",FALSE,NA,FALSE,FALSE,"N",1,"PHI",NA,"CENTRAL S","CENTRAL SPORT",132,"Central Sport",45,"CBC S","Canada","pre-terminal"
"940","CENTRAL S",45,"CBC S","S1127601","CDFO",2014,"2MNCSH007CHEN PT","1970-01-01",1,40,3205,NA,NA,NA,4,1,181880,"V",5000,6,5,7,5.56,5.56,3,"0CBC1607",FALSE,NA,FALSE,FALSE,"N",1,"PHI",NA,"CENTRAL S","CENTRAL SPORT",132,"Central Sport",45,"CBC S","Canada","pre-terminal"
"941","CENTRAL S",45,"CBC S","S1127707","CDFO",2014,"2MNCSH009RIVE IN","1970-01-01",1,40,3205,NA,NA,NA,3,1,181372,"V",5000,6,5,8,5.56,5.56,3,"0CBC1608",FALSE,NA,FALSE,FALSE,"N",1,"PHI",NA,"CENTRAL S","CENTRAL SPORT",132,"Central Sport",45,"CBC S","Canada","pre-terminal"
"942","NGS S SUMMER",63,"GEO ST S","S1128054","CDFO",2017,"2MSNGP013CRDE CH 41","1970-01-01",1,40,32093,NA,940,0,5,1,182876,"V",5000,6,5,7,4.31,4.31,3,"0NSG1607",FALSE,NA,FALSE,FALSE,"N",1,"PHI",NA,"NGS S SUMMER","NORTH GEORGIA STRAIT SPORT - SUMMER",136,"North Georgia Strait Sport",63,"GEO ST S","Canada","pre-terminal"
"943","NGS S SUMMER",63,"GEO ST S","S1128055","CDFO",2017,"2MSNGP013OWE PT  25","1970-01-01",1,40,32093,NA,860,0,5,1,182876,"V",5000,6,5,7,4.31,4.31,3,"0NSG1607",FALSE,NA,FALSE,FALSE,"N",1,"PHI",NA,"NGS S SUMMER","NORTH GEORGIA STRAIT SPORT - SUMMER",136,"North Georgia Strait Sport",63,"GEO ST S","Canada","pre-terminal"
"944","NGS S SUMMER",63,"GEO ST S","S1128056","CDFO",2017,"2MSNGP013","1970-01-01",1,40,32093,NA,910,0,5,1,182876,"V",5000,6,5,7,4.31,4.31,3,"0NSG1607",FALSE,NA,FALSE,FALSE,"N",1,"PHI",NA,"NGS S SUMMER","NORTH GEORGIA STRAIT SPORT - SUMMER",136,"North Georgia Strait Sport",63,"GEO ST S","Canada","pre-terminal"
"945","NGS S SUMMER",63,"GEO ST S","S1128057","CDFO",2017,"2MSNGP013OWE PT  25","1970-01-01",1,40,32093,NA,940,0,5,1,182876,"V",5000,6,5,7,4.31,4.31,3,"0NSG1607",FALSE,NA,FALSE,FALSE,"N",1,"PHI",NA,"NGS S SUMMER","NORTH GEORGIA STRAIT SPORT - SUMMER",136,"North Georgia Strait Sport",63,"GEO ST S","Canada","pre-terminal"
"946","NGS S SUMMER",63,"GEO ST S","S1128078","CDFO",2016,"2MSNGP013DAVI PT 26","1970-01-01",1,40,32093,NA,840,0,4,1,182085,"V",5000,6,5,8,5.97,5.97,3,"0NSG1608",FALSE,NA,FALSE,FALSE,"N",1,"PHI",NA,"NGS S SUMMER","NORTH GEORGIA STRAIT SPORT - SUMMER",136,"North Georgia Strait Sport",63,"GEO ST S","Canada","pre-terminal"
"947","JOHN ST S SUMMER",61,"JNST S","S1128736","CDFO",2015,"2MSQCP012TELE CV 04","1970-01-01",1,40,32083,NA,710,0,4,1,181372,"V",5000,6,5,7,4.01,4.01,3,"0QCS1607",FALSE,NA,FALSE,FALSE,"N",1,"PHI",NA,"JOHN ST S SUMMER","JOHNSTONE STRAIT SPORT - SUMMER",135,"Johnstone Strait Sport",61,"JNST S","Canada","pre-terminal"
"948","JOHN ST S SUMMER",61,"JNST S","S1128890","CDFO",2016,"2MSQCP011BREM PT 02","1970-01-01",1,40,32083,NA,700,0,4,1,182876,"V",5000,6,5,7,5.46,5.46,3,"0QCS1607",FALSE,NA,FALSE,FALSE,"N",1,"PHI",NA,"JOHN ST S SUMMER","JOHNSTONE STRAIT SPORT - SUMMER",135,"Johnstone Strait Sport",61,"JNST S","Canada","pre-terminal"
"949","JOHN ST S SUMMER",61,"JNST S","S1129006","CDFO",2014,"2MSQCP012SIMO SD 40","1970-01-01",1,40,32083,NA,NA,NA,3,1,181373,"V",5000,6,5,6,3.31,3.31,3,"0QCS1606",FALSE,NA,FALSE,FALSE,"N",1,"PHI",NA,"JOHN ST S SUMMER","JOHNSTONE STRAIT SPORT - SUMMER",135,"Johnstone Strait Sport",61,"JNST S","Canada","pre-terminal"
"950","JOHN ST S SUMMER",61,"JNST S","S1129169","CDFO",2017,"2MSQCP012MOOR BY 43","1970-01-01",1,40,32083,NA,940,0,5,1,182876,"V",5000,6,5,5,3.97,3.97,3,"0QCS1605",FALSE,NA,FALSE,FALSE,"N",1,"PHI",NA,"JOHN ST S SUMMER","JOHNSTONE STRAIT SPORT - SUMMER",135,"Johnstone Strait Sport",61,"JNST S","Canada","pre-terminal"
"951","CENTRAL S",45,"CBC S","S1129855","CDFO",2015,"2MNCSP009RIVE IN 02","1970-01-01",1,40,3205,NA,460,0,3,1,182876,"V",5000,6,5,6,8.4,8.4,3,"0CBC1606",FALSE,NA,FALSE,FALSE,"N",1,"PHI",NA,"CENTRAL S","CENTRAL SPORT",132,"Central Sport",45,"CBC S","Canada","pre-terminal"
"952","CENTRAL S",45,"CBC S","S1129856","CDFO",2015,"2MNCSP009RIVE IN 02","1970-01-01",1,40,3205,NA,1100,0,5,1,181878,"V",5000,6,5,6,8.4,8.4,3,"0CBC1606",FALSE,NA,FALSE,FALSE,"N",1,"PHI",NA,"CENTRAL S","CENTRAL SPORT",132,"Central Sport",45,"CBC S","Canada","pre-terminal"
"953","CENTRAL S",45,"CBC S","S1129864","CDFO",2015,"2MNCSP009RIVE IN 02","1970-01-01",1,40,3205,NA,680,0,3,1,182083,"V",5000,6,5,6,8.4,8.4,3,"0CBC1606",FALSE,NA,FALSE,FALSE,"N",1,"PHI",NA,"CENTRAL S","CENTRAL SPORT",132,"Central Sport",45,"CBC S","Canada","pre-terminal"
"954","CENTRAL S",45,"CBC S","S1129883","CDFO",2015,"2MNCSP009LONE IS 11","1970-01-01",1,40,3205,NA,640,0,3,1,182876,"V",5000,6,5,6,8.4,8.4,3,"0CBC1606",FALSE,NA,FALSE,FALSE,"N",1,"PHI",NA,"CENTRAL S","CENTRAL SPORT",132,"Central Sport",45,"CBC S","Canada","pre-terminal"
"955","CENTRAL S",45,"CBC S","S1130965","CDFO",2016,"2MNCSP009RIVE IN 02","1970-01-01",1,40,3205,NA,NA,NA,4,1,182084,"V",5000,6,5,6,4.49,4.49,3,"0CBC1606",FALSE,NA,FALSE,FALSE,"N",1,"PHI",NA,"CENTRAL S","CENTRAL SPORT",132,"Central Sport",45,"CBC S","Canada","pre-terminal"
"956","CENTRAL S",45,"CBC S","S1130977","CDFO",2016,"2MNCSP009RIVE IN 02","1970-01-01",1,40,3205,NA,810,0,4,1,182083,"V",5000,6,5,6,4.49,4.49,3,"0CBC1606",FALSE,NA,FALSE,FALSE,"N",1,"PHI",NA,"CENTRAL S","CENTRAL SPORT",132,"Central Sport",45,"CBC S","Canada","pre-terminal"
"957","CENTRAL S",45,"CBC S","S1130979","CDFO",2016,"2MNCSP009RIVE IN 02","1970-01-01",1,40,3205,NA,800,0,4,1,182084,"V",5000,6,5,6,4.49,4.49,3,"0CBC1606",FALSE,NA,FALSE,FALSE,"N",1,"PHI",NA,"CENTRAL S","CENTRAL SPORT",132,"Central Sport",45,"CBC S","Canada","pre-terminal"
"958","CENTRAL S",45,"CBC S","S1130990","CDFO",2016,"2MNCSP009RIVE IN 02","1970-01-01",1,40,3205,NA,790,0,4,1,182876,"V",5000,6,5,6,4.49,4.49,3,"0CBC1606",FALSE,NA,FALSE,FALSE,"N",1,"PHI",NA,"CENTRAL S","CENTRAL SPORT",132,"Central Sport",45,"CBC S","Canada","pre-terminal"
"959","CENTRAL S",45,"CBC S","S1130992","CDFO",2016,"2MNCSP009RIVE IN 02","1970-01-01",1,40,3205,NA,690,0,4,1,182876,"V",5000,6,5,6,4.49,4.49,3,"0CBC1606",FALSE,NA,FALSE,FALSE,"N",1,"PHI",NA,"CENTRAL S","CENTRAL SPORT",132,"Central Sport",45,"CBC S","Canada","pre-terminal"
"960","NORTH AABM S SUMMER",47,"NBC AABM S","S1138760","CDFO",2014,"2MN39H001LANG IS","1970-01-01",1,40,32013,NA,880,0,4,1,181880,"V",5000,6,5,7,2.87,2.87,3,"0NHG1607",FALSE,NA,FALSE,FALSE,"N",1,"PHI",NA,"NORTH AABM S SUMMER","NORTH AABM SPORT (QCI) - SUMMER",128,"North AABM Sport (QCI)",47,"NBC AABM S","Canada","pre-terminal"
"961","CENTRAL S",45,"CBC S","S1139729","CDFO",2017,"2MNCSP006ARIS IS 16","1970-01-01",1,40,3205,NA,860,0,5,1,182876,"V",5000,6,5,6,6.96,6.96,3,"0CBC1606",FALSE,NA,FALSE,FALSE,"N",1,"PHI",NA,"CENTRAL S","CENTRAL SPORT",132,"Central Sport",45,"CBC S","Canada","pre-terminal"
"962","CENTRAL S",45,"CBC S","S1139732","CDFO",2017,"2MNCSP006ARIS IS 16","1970-01-01",1,40,3205,NA,870,0,5,1,182876,"V",5000,6,5,6,6.96,6.96,3,"0CBC1606",FALSE,NA,FALSE,FALSE,"N",1,"PHI",NA,"CENTRAL S","CENTRAL SPORT",132,"Central Sport",45,"CBC S","Canada","pre-terminal"
"963","CENTRAL S",45,"CBC S","S1139733","CDFO",2017,"2MNCSP006ARIS IS 16","1970-01-01",1,40,3205,NA,960,0,4,1,182786,"V",5000,6,5,6,6.96,6.96,3,"0CBC1606",FALSE,NA,FALSE,FALSE,"N",1,"PHI",NA,"CENTRAL S","CENTRAL SPORT",132,"Central Sport",45,"CBC S","Canada","pre-terminal"
"964","CENTRAL S",45,"CBC S","S1139735","CDFO",2017,"2MNCSP006ARIS IS 16","1970-01-01",1,40,3205,NA,910,0,5,1,182876,"V",5000,6,5,7,6.96,6.96,3,"0CBC1607",FALSE,NA,FALSE,FALSE,"N",1,"PHI",NA,"CENTRAL S","CENTRAL SPORT",132,"Central Sport",45,"CBC S","Canada","pre-terminal"
"965","CENTRAL S",45,"CBC S","S1139739","CDFO",2017,"2MNCSP006ARIS IS 16","1970-01-01",1,40,3205,NA,970,0,4,1,182787,"V",5000,6,5,7,6.96,6.96,3,"0CBC1607",FALSE,NA,FALSE,FALSE,"N",1,"PHI",NA,"CENTRAL S","CENTRAL SPORT",132,"Central Sport",45,"CBC S","Canada","pre-terminal"
"966","NORTH AABM S SUMMER",47,"NBC AABM S","S1139843","CDFO",2015,"2MN39P001","1970-01-01",1,40,32013,NA,790,0,5,1,181878,"V",5000,6,5,6,3.94,3.94,3,"0NHG1606",FALSE,NA,FALSE,FALSE,"N",1,"PHI",NA,"NORTH AABM S SUMMER","NORTH AABM SPORT (QCI) - SUMMER",128,"North AABM Sport (QCI)",47,"NBC AABM S","Canada","pre-terminal"
"967","NORTH AABM S SUMMER",47,"NBC AABM S","S1141124","CDFO",2014,"2MN39H001LANG IS","1970-01-01",1,40,32013,NA,890,0,4,1,181878,"V",5000,6,5,7,2.87,2.87,3,"0NHG1607",FALSE,NA,FALSE,FALSE,"N",1,"PHI",NA,"NORTH AABM S SUMMER","NORTH AABM SPORT (QCI) - SUMMER",128,"North AABM Sport (QCI)",47,"NBC AABM S","Canada","pre-terminal"
"968","NORTH AABM S SUMMER",47,"NBC AABM S","S1141138","CDFO",2014,"2MN39H001LANG IS","1970-01-01",1,40,32013,NA,910,0,5,1,180679,"V",5000,6,5,7,2.87,2.87,3,"0NHG1607",FALSE,NA,FALSE,FALSE,"N",1,"PHI",NA,"NORTH AABM S SUMMER","NORTH AABM SPORT (QCI) - SUMMER",128,"North AABM Sport (QCI)",47,"NBC AABM S","Canada","pre-terminal"
"969","NORTH AABM S SUMMER",47,"NBC AABM S","S1141305","CDFO",2017,"2MN39P001LANG IS 02","1970-01-01",1,40,32013,NA,NA,NA,4,1,182787,"V",5000,6,5,8,6.02,6.02,3,"0NHG1608",FALSE,NA,FALSE,FALSE,"N",1,"PHI",NA,"NORTH AABM S SUMMER","NORTH AABM SPORT (QCI) - SUMMER",128,"North AABM Sport (QCI)",47,"NBC AABM S","Canada","pre-terminal"
"970","NORTH ISBM S SUMMER",48,"NBC ISBM S","S1143094","CDFO",2019,"2MN38P004HPBK BY 12","1970-01-01",1,40,32023,NA,620,0,3,1,184594,"V",5000,6,5,6,6.58,6.58,3,"0NPR1606",FALSE,NA,FALSE,FALSE,"N",1,"PHI",NA,"NORTH ISBM S SUMMER","NORTH ISBM SPORT - SUMMER",129,"North ISBM Sport",48,"NBC ISBM S","Canada","pre-terminal"
"971","CENTRAL S",45,"CBC S","S1143265","CDFO",2023,"2MNCSP006ARIS IS 16","1970-01-01",1,40,3205,NA,NA,NA,5,1,185195,"V",5000,6,5,7,7.55,7.55,3,"0CBC1607",FALSE,NA,FALSE,FALSE,"N",1,"PHI",NA,"CENTRAL S","CENTRAL SPORT",132,"Central Sport",45,"CBC S","Canada","pre-terminal"
"972","NORTH ISBM S SUMMER",48,"NBC ISBM S","S1143279","CDFO",2018,"2MN38P004PORC IS 12","1970-01-01",1,40,32023,NA,890,0,4,1,183379,"V",5000,6,5,5,6.69,6.69,3,"0NPR1605",FALSE,NA,FALSE,FALSE,"N",1,"PHI",NA,"NORTH ISBM S SUMMER","NORTH ISBM SPORT - SUMMER",129,"North ISBM Sport",48,"NBC ISBM S","Canada","pre-terminal"
"973","NORTH ISBM S FALL",48,"NBC ISBM S","S1143288","CDFO",2016,"2MN38P004","1970-01-01",1,40,32021,NA,NA,NA,3,1,182787,"V",5000,6,5,11,10.18,10.18,3,"0NPR1611",FALSE,NA,FALSE,FALSE,"N",1,"PHI",NA,"NORTH ISBM S FALL","NORTH ISBM SPORT - FALL",129,"North ISBM Sport",48,"NBC ISBM S","Canada","pre-terminal"
"974","NORTH ISBM S SPRING",48,"NBC ISBM S","S1143292","CDFO",2017,"2MN38P004","1970-01-01",1,40,32022,NA,NA,NA,4,1,182965,"V",5000,6,5,2,3.5,3.5,3,"0NPR1602",FALSE,NA,FALSE,FALSE,"N",1,"PHI",NA,"NORTH ISBM S SPRING","NORTH ISBM SPORT - SPRING",129,"North ISBM Sport",48,"NBC ISBM S","Canada","pre-terminal"
"975","NORTH ISBM S SUMMER",48,"NBC ISBM S","S1143342","CDFO",2020,"2MN38P003DUND IS","1970-01-01",1,40,32023,NA,920,0,4,1,184595,"V",5000,6,5,7,14.11,14.11,3,"0NPR1607",FALSE,NA,FALSE,FALSE,"N",1,"PHI",NA,"NORTH ISBM S SUMMER","NORTH ISBM SPORT - SUMMER",129,"North ISBM Sport",48,"NBC ISBM S","Canada","pre-terminal"
"976","NORTH ISBM S SUMMER",48,"NBC ISBM S","S1143378","CDFO",2019,"2MN38P003","1970-01-01",1,40,32023,NA,640,0,3,1,184594,"V",5000,6,5,8,6.58,6.58,3,"0NPR1608",FALSE,NA,FALSE,FALSE,"N",1,"PHI",NA,"NORTH ISBM S SUMMER","NORTH ISBM SPORT - SUMMER",129,"North ISBM Sport",48,"NBC ISBM S","Canada","pre-terminal"
"977","NORTH ISBM S SUMMER",48,"NBC ISBM S","S1144166","CDFO",2021,"2MN38P004HPBK BY 12","1970-01-01",1,40,32023,NA,750,0,4,1,184765,"V",5000,6,5,5,8.92,8.92,3,"0NPR1605",FALSE,NA,FALSE,FALSE,"N",1,"PHI",NA,"NORTH ISBM S SUMMER","NORTH ISBM SPORT - SUMMER",129,"North ISBM Sport",48,"NBC ISBM S","Canada","pre-terminal"
"978","CENTRAL S",45,"CBC S","S1144574","CDFO",2022,"2MNCSP009CRAN PT 01","1970-01-01",1,40,3205,NA,820,0,4,1,185195,"V",5000,6,5,6,5.76,5.76,3,"0CBC1606",FALSE,NA,FALSE,FALSE,"N",1,"PHI",NA,"CENTRAL S","CENTRAL SPORT",132,"Central Sport",45,"CBC S","Canada","pre-terminal"
"979","CENTRAL S",45,"CBC S","S1144727","CDFO",2015,"2MNCSP009THE WAL 06","1970-01-01",1,40,3205,NA,NA,NA,5,1,181878,"V",5000,6,5,7,8.4,8.4,3,"0CBC1607",FALSE,NA,FALSE,FALSE,"N",1,"PHI",NA,"CENTRAL S","CENTRAL SPORT",132,"Central Sport",45,"CBC S","Canada","pre-terminal"
"980","CENTRAL S",45,"CBC S","S1144744","CDFO",2015,"2MNCSP009THE WAL 06","1970-01-01",1,40,3205,NA,NA,NA,3,1,182876,"V",5000,6,5,7,8.4,8.4,3,"0CBC1607",FALSE,NA,FALSE,FALSE,"N",1,"PHI",NA,"CENTRAL S","CENTRAL SPORT",132,"Central Sport",45,"CBC S","Canada","pre-terminal"
"981","CENTRAL S",45,"CBC S","S1144777","CDFO",2015,"2MNCSP007SPID IS 27","1970-01-01",1,40,3205,NA,820,0,4,1,181372,"V",5000,6,5,7,8.4,8.4,3,"0CBC1607",FALSE,NA,FALSE,FALSE,"N",1,"PHI",NA,"CENTRAL S","CENTRAL SPORT",132,"Central Sport",45,"CBC S","Canada","pre-terminal"
"982","CENTRAL S",45,"CBC S","S1144780","CDFO",2015,"2MNCSP008","1970-01-01",1,40,3205,NA,840,0,4,1,181372,"V",5000,6,5,7,8.4,8.4,3,"0CBC1607",FALSE,NA,FALSE,FALSE,"N",1,"PHI",NA,"CENTRAL S","CENTRAL SPORT",132,"Central Sport",45,"CBC S","Canada","pre-terminal"
"983","NORTH AABM S SUMMER",47,"NBC AABM S","S1149466","CDFO",2015,"2MN39P001PARK PT 06","1970-01-01",1,40,32013,NA,870,0,4,1,181372,"V",5000,6,5,6,3.94,3.94,3,"0NHG1606",FALSE,NA,FALSE,FALSE,"N",1,"PHI",NA,"NORTH AABM S SUMMER","NORTH AABM SPORT (QCI) - SUMMER",128,"North AABM Sport (QCI)",47,"NBC AABM S","Canada","pre-terminal"
"984","CENTRAL S",45,"CBC S","S1152806","CDFO",2015,"2MNCSP007MILB SD 03","1970-01-01",1,40,3205,NA,NA,NA,4,1,181373,"V",5000,6,5,6,8.4,8.4,3,"0CBC1606",FALSE,NA,FALSE,FALSE,"N",1,"PHI",NA,"CENTRAL S","CENTRAL SPORT",132,"Central Sport",45,"CBC S","Canada","pre-terminal"
"985","CENTRAL S",45,"CBC S","S1153209","CDFO",2015,"2MNCSP009RIVE IN 02","1970-01-01",1,40,3205,NA,860,0,4,1,181373,"V",5000,6,5,7,8.4,8.4,3,"0CBC1607",FALSE,NA,FALSE,FALSE,"N",1,"PHI",NA,"CENTRAL S","CENTRAL SPORT",132,"Central Sport",45,"CBC S","Canada","pre-terminal"
"986","CENTRAL S",45,"CBC S","S1153310","CDFO",2015,"2MNCSP007","1970-01-01",1,40,3205,NA,580,0,3,1,182876,"V",5000,6,5,7,8.4,8.4,3,"0CBC1607",FALSE,NA,FALSE,FALSE,"N",1,"PHI",NA,"CENTRAL S","CENTRAL SPORT",132,"Central Sport",45,"CBC S","Canada","pre-terminal"
"987","CENTRAL S",45,"CBC S","S1153447","CDFO",2016,"2MNCSP009RIVE IN 02","1970-01-01",1,40,3205,NA,940,0,3,1,182786,"V",5000,6,5,7,4.49,4.49,3,"0CBC1607",FALSE,NA,FALSE,FALSE,"N",1,"PHI",NA,"CENTRAL S","CENTRAL SPORT",132,"Central Sport",45,"CBC S","Canada","pre-terminal"
"988","CENTRAL S",45,"CBC S","S1153448","CDFO",2016,"2MNCSP009RIVE IN 02","1970-01-01",1,40,3205,NA,810,0,4,1,182876,"V",5000,6,5,6,4.49,4.49,3,"0CBC1606",FALSE,NA,FALSE,FALSE,"N",1,"PHI",NA,"CENTRAL S","CENTRAL SPORT",132,"Central Sport",45,"CBC S","Canada","pre-terminal"
"989","CENTRAL S",45,"CBC S","S1153495","CDFO",2015,"2MNCSP009RIVE IN 02","1970-01-01",1,40,3205,NA,970,0,4,1,181372,"V",5000,6,5,7,8.4,8.4,3,"0CBC1607",FALSE,NA,FALSE,FALSE,"N",1,"PHI",NA,"CENTRAL S","CENTRAL SPORT",132,"Central Sport",45,"CBC S","Canada","pre-terminal"
"990","JOHN ST S SUMMER",61,"JNST S","S1153939","CDFO",2018,"2MSQCP012CAST PT 10","1970-01-01",1,40,32083,NA,790,0,4,1,183467,"V",5000,6,5,7,6.52,6.52,3,"0QCS1607",FALSE,NA,FALSE,FALSE,"N",1,"PHI",NA,"JOHN ST S SUMMER","JOHNSTONE STRAIT SPORT - SUMMER",135,"Johnstone Strait Sport",61,"JNST S","Canada","pre-terminal"
"991","JOHN ST S SUMMER",61,"JNST S","S1154033","CDFO",2017,"2MSQCP012MALC IS 06","1970-01-01",1,40,32083,NA,690,0,3,1,183380,"V",5000,6,5,8,3.97,3.97,3,"0QCS1608",FALSE,NA,FALSE,FALSE,"N",1,"PHI",NA,"JOHN ST S SUMMER","JOHNSTONE STRAIT SPORT - SUMMER",135,"Johnstone Strait Sport",61,"JNST S","Canada","pre-terminal"
"992","JOHN ST S SUMMER",61,"JNST S","S1154042","CDFO",2018,"2MSQCP012MALC IS 06","1970-01-01",1,40,32083,NA,1000,0,4,1,183467,"V",5000,6,5,7,6.52,6.52,3,"0QCS1607",FALSE,NA,FALSE,FALSE,"N",1,"PHI",NA,"JOHN ST S SUMMER","JOHNSTONE STRAIT SPORT - SUMMER",135,"Johnstone Strait Sport",61,"JNST S","Canada","pre-terminal"
"993","JOHN ST S SUMMER",61,"JNST S","S1154191","CDFO",2016,"2MSQCP012BERE PT 08","1970-01-01",1,40,32083,NA,910,0,4,1,182083,"V",5000,6,5,7,5.46,5.46,3,"0QCS1607",FALSE,NA,FALSE,FALSE,"N",1,"PHI",NA,"JOHN ST S SUMMER","JOHNSTONE STRAIT SPORT - SUMMER",135,"Johnstone Strait Sport",61,"JNST S","Canada","pre-terminal"
"994","JOHN ST S SUMMER",61,"JNST S","S1154218","CDFO",2016,"2MSQCP011RAYN PT 02","1970-01-01",1,40,32083,NA,NA,NA,4,1,180770,"V",5000,6,5,7,5.46,5.46,3,"0QCS1607",FALSE,NA,FALSE,FALSE,"N",1,"PHI",NA,"JOHN ST S SUMMER","JOHNSTONE STRAIT SPORT - SUMMER",135,"Johnstone Strait Sport",61,"JNST S","Canada","pre-terminal"
"995","JOHN ST S SUMMER",61,"JNST S","S1154283","CDFO",2018,"2MSQCP012GORD IS 10","1970-01-01",1,40,32083,NA,853,0,4,1,183467,"V",5000,6,5,6,6.52,6.52,3,"0QCS1606",FALSE,NA,FALSE,FALSE,"N",1,"PHI",NA,"JOHN ST S SUMMER","JOHNSTONE STRAIT SPORT - SUMMER",135,"Johnstone Strait Sport",61,"JNST S","Canada","pre-terminal"
"996","JOHN ST S SUMMER",61,"JNST S","S1154299","CDFO",2018,"2MSQCP012","1970-01-01",1,40,32083,NA,710,0,4,1,183379,"V",5000,6,5,6,6.52,6.52,3,"0QCS1606",FALSE,NA,FALSE,FALSE,"N",1,"PHI",NA,"JOHN ST S SUMMER","JOHNSTONE STRAIT SPORT - SUMMER",135,"Johnstone Strait Sport",61,"JNST S","Canada","pre-terminal"
"997","JOHN ST S SUMMER",61,"JNST S","S1154300","CDFO",2018,"2MSQCP011","1970-01-01",1,40,32083,NA,820,0,4,1,183380,"V",5000,6,5,6,6.52,6.52,3,"0QCS1606",FALSE,NA,FALSE,FALSE,"N",1,"PHI",NA,"JOHN ST S SUMMER","JOHNSTONE STRAIT SPORT - SUMMER",135,"Johnstone Strait Sport",61,"JNST S","Canada","pre-terminal"
"998","JOHN ST S SUMMER",61,"JNST S","S1154728","CDFO",2016,"2MSQCP012CAST PT 10","1970-01-01",1,40,32083,NA,760,0,4,1,182876,"V",5000,6,5,7,5.46,5.46,3,"0QCS1607",FALSE,NA,FALSE,FALSE,"N",1,"PHI",NA,"JOHN ST S SUMMER","JOHNSTONE STRAIT SPORT - SUMMER",135,"Johnstone Strait Sport",61,"JNST S","Canada","pre-terminal"
"999","JOHN ST S SUMMER",61,"JNST S","S1154795","CDFO",2018,"2MSQCP011","1970-01-01",1,40,32083,NA,950,0,4,1,183467,"V",5000,6,5,7,6.52,6.52,3,"0QCS1607",FALSE,NA,FALSE,FALSE,"N",1,"PHI",NA,"JOHN ST S SUMMER","JOHNSTONE STRAIT SPORT - SUMMER",135,"Johnstone Strait Sport",61,"JNST S","Canada","pre-terminal"
"1000","NGS S SUMMER",63,"GEO ST S","S1156001","CDFO",2015,"2MSNGP013CHAT PT 28","1970-01-01",1,40,32093,NA,950,0,4,1,181372,"V",5000,6,5,8,5.17,5.17,3,"0NSG1608",FALSE,NA,FALSE,FALSE,"N",1,"PHI",NA,"NGS S SUMMER","NORTH GEORGIA STRAIT SPORT - SUMMER",136,"North Georgia Strait Sport",63,"GEO ST S","Canada","pre-terminal"
"1001","NGS S SUMMER",63,"GEO ST S","S1156110","CDFO",2015,"2MSNGP013BROW BY 06","1970-01-01",1,40,32093,NA,710,0,3,1,182876,"V",5000,6,5,8,5.17,5.17,3,"0NSG1608",FALSE,NA,FALSE,FALSE,"N",1,"PHI",NA,"NGS S SUMMER","NORTH GEORGIA STRAIT SPORT - SUMMER",136,"North Georgia Strait Sport",63,"GEO ST S","Canada","pre-terminal"
"1002","NGS S SUMMER",63,"GEO ST S","S1156126","CDFO",2015,"2MSNGP013BROW BY 06","1970-01-01",1,40,32093,NA,1000,0,5,1,181878,"V",5000,6,5,9,5.17,5.17,3,"0NSG1609",FALSE,NA,FALSE,FALSE,"N",1,"PHI",NA,"NGS S SUMMER","NORTH GEORGIA STRAIT SPORT - SUMMER",136,"North Georgia Strait Sport",63,"GEO ST S","Canada","pre-terminal"
"1003","NGS S SUMMER",63,"GEO ST S","S1156334","CDFO",2017,"2MSNGP013GOMO IS 23","1970-01-01",1,40,32093,NA,990,0,5,1,182876,"V",5000,6,5,7,4.31,4.31,3,"0NSG1607",FALSE,NA,FALSE,FALSE,"N",1,"PHI",NA,"NGS S SUMMER","NORTH GEORGIA STRAIT SPORT - SUMMER",136,"North Georgia Strait Sport",63,"GEO ST S","Canada","pre-terminal"
"1004","NGS S SUMMER",63,"GEO ST S","S1156338","CDFO",2017,"2MSNGP013STUA IS 23","1970-01-01",1,40,32093,NA,810,0,5,1,182876,"V",5000,6,5,7,4.31,4.31,3,"0NSG1607",FALSE,NA,FALSE,FALSE,"N",1,"PHI",NA,"NGS S SUMMER","NORTH GEORGIA STRAIT SPORT - SUMMER",136,"North Georgia Strait Sport",63,"GEO ST S","Canada","pre-terminal"
"1005","NGS S SUMMER",63,"GEO ST S","S1156340","CDFO",2017,"2MSNGP013","1970-01-01",1,40,32093,NA,NA,NA,5,1,182083,"V",5000,6,5,7,4.31,4.31,3,"0NSG1607",FALSE,NA,FALSE,FALSE,"N",1,"PHI",NA,"NGS S SUMMER","NORTH GEORGIA STRAIT SPORT - SUMMER",136,"North Georgia Strait Sport",63,"GEO ST S","Canada","pre-terminal"
"1006","NGS S SUMMER",63,"GEO ST S","S1156343","CDFO",2017,"2MSNGP013CRDE CH 41","1970-01-01",1,40,32093,NA,1020,0,4,1,182786,"V",5000,6,5,7,4.31,4.31,3,"0NSG1607",FALSE,NA,FALSE,FALSE,"N",1,"PHI",NA,"NGS S SUMMER","NORTH GEORGIA STRAIT SPORT - SUMMER",136,"North Georgia Strait Sport",63,"GEO ST S","Canada","pre-terminal"
"1007","NGS S SUMMER",63,"GEO ST S","S1156349","CDFO",2017,"2MSNGP013","1970-01-01",1,40,32093,NA,NA,NA,4,1,182786,"V",5000,6,5,7,4.31,4.31,3,"0NSG1607",FALSE,NA,FALSE,FALSE,"N",1,"PHI",NA,"NGS S SUMMER","NORTH GEORGIA STRAIT SPORT - SUMMER",136,"North Georgia Strait Sport",63,"GEO ST S","Canada","pre-terminal"
"1008","CENTRAL S",45,"CBC S","S1157364","CDFO",2022,"2MNCSP006ARIS IS 16","1970-01-01",1,40,3205,NA,NA,NA,4,1,185195,"V",5000,6,5,7,5.76,5.76,3,"0CBC1607",FALSE,NA,FALSE,FALSE,"N",1,"PHI",NA,"CENTRAL S","CENTRAL SPORT",132,"Central Sport",45,"CBC S","Canada","pre-terminal"
"1009","CENTRAL S",45,"CBC S","S1157417","CDFO",2019,"2MNCSP006ARIS IS 16","1970-01-01",1,40,3205,NA,NA,NA,4,1,184199,"V",5000,6,5,6,3.9,3.9,3,"0CBC1606",FALSE,NA,FALSE,FALSE,"N",1,"PHI",NA,"CENTRAL S","CENTRAL SPORT",132,"Central Sport",45,"CBC S","Canada","pre-terminal"
"1010","CENTRAL S",45,"CBC S","S1157423","CDFO",2019,"2MNCSP006ARIS IS 16","1970-01-01",1,40,3205,NA,NA,NA,5,1,183467,"V",5000,6,5,6,3.9,3.9,3,"0CBC1606",FALSE,NA,FALSE,FALSE,"N",1,"PHI",NA,"CENTRAL S","CENTRAL SPORT",132,"Central Sport",45,"CBC S","Canada","pre-terminal"
"1011","NGS S SUMMER",63,"GEO ST S","S1158179","CDFO",2017,"2MSNGP013OWE PT  25","1970-01-01",1,40,32093,NA,NA,NA,5,1,182876,"V",5000,6,5,7,4.31,4.31,3,"0NSG1607",FALSE,NA,FALSE,FALSE,"N",1,"PHI",NA,"NGS S SUMMER","NORTH GEORGIA STRAIT SPORT - SUMMER",136,"North Georgia Strait Sport",63,"GEO ST S","Canada","pre-terminal"
"1012","CENTRAL S",45,"CBC S","S1158576","CDFO",2018,"2MNCSP009RIVE IN 02","1970-01-01",1,40,3205,NA,NA,NA,4,1,183468,"V",5000,6,5,6,6.8,6.8,3,"0CBC1606",FALSE,NA,FALSE,FALSE,"N",1,"PHI",NA,"CENTRAL S","CENTRAL SPORT",132,"Central Sport",45,"CBC S","Canada","pre-terminal"
"1013","CENTRAL S",45,"CBC S","S1158748","CDFO",2017,"2MNCSP010","1970-01-01",1,40,3205,NA,NA,NA,3,1,183468,"V",5000,6,5,8,6.96,6.96,3,"0CBC1608",FALSE,NA,FALSE,FALSE,"N",1,"PHI",NA,"CENTRAL S","CENTRAL SPORT",132,"Central Sport",45,"CBC S","Canada","pre-terminal"
"1014","JOHN ST S SUMMER",61,"JNST S","S1158785","CDFO",2017,"2MSQCP011CP SUTI 01","1970-01-01",1,40,32083,NA,770,0,3,1,183467,"V",5000,6,5,6,3.97,3.97,3,"0QCS1606",FALSE,NA,FALSE,FALSE,"N",1,"PHI",NA,"JOHN ST S SUMMER","JOHNSTONE STRAIT SPORT - SUMMER",135,"Johnstone Strait Sport",61,"JNST S","Canada","pre-terminal"
"1015","JOHN ST S SUMMER",61,"JNST S","S1159236","CDFO",2017,"2MSQCP012DONE HD 06","1970-01-01",1,40,32083,NA,840,0,4,1,182965,"V",5000,6,5,7,4.04,4.04,3,"0QCS1607",FALSE,NA,FALSE,FALSE,"N",1,"PHI",NA,"JOHN ST S SUMMER","JOHNSTONE STRAIT SPORT - SUMMER",135,"Johnstone Strait Sport",61,"JNST S","Canada","pre-terminal"
"1016","NORTH AABM S SUMMER",47,"NBC AABM S","S1186335","CDFO",2014,"2MN39H02WTWOWI","1970-01-01",1,40,32013,NA,NA,NA,5,1,180679,"V",5000,6,5,7,2.87,2.87,3,"0NHG1607",FALSE,NA,FALSE,FALSE,"N",1,"PHI",NA,"NORTH AABM S SUMMER","NORTH AABM SPORT (QCI) - SUMMER",128,"North AABM Sport (QCI)",47,"NBC AABM S","Canada","pre-terminal"
"1017","NORTH AABM S SUMMER",47,"NBC AABM S","S1189569","CDFO",2015,"2MN39P001","1970-01-01",1,40,32013,NA,NA,NA,5,1,181878,"V",5000,6,5,8,3.93,3.93,3,"0NHG1608",FALSE,NA,FALSE,FALSE,"N",1,"PHI",NA,"NORTH AABM S SUMMER","NORTH AABM SPORT (QCI) - SUMMER",128,"North AABM Sport (QCI)",47,"NBC AABM S","Canada","pre-terminal"
"1018","NGS S SUMMER",63,"GEO ST S","S1190019","CDFO",2015,"2MSNGP013","1970-01-01",1,40,32093,NA,NA,NA,4,1,181372,"V",5000,6,5,9,5.17,5.17,3,"0NSG1609",FALSE,NA,FALSE,FALSE,"N",1,"PHI",NA,"NGS S SUMMER","NORTH GEORGIA STRAIT SPORT - SUMMER",136,"North Georgia Strait Sport",63,"GEO ST S","Canada","pre-terminal"
"1019","NORTH ISBM S FALL",48,"NBC ISBM S","S1190069","CDFO",2015,"2MN38P004","1970-01-01",1,40,32021,NA,NA,NA,3,1,182085,"V",5000,6,5,11,7.33,7.33,3,"0NPR1611",FALSE,NA,FALSE,FALSE,"N",1,"PHI",NA,"NORTH ISBM S FALL","NORTH ISBM SPORT - FALL",129,"North ISBM Sport",48,"NBC ISBM S","Canada","pre-terminal"
"1020","NORTH AABM S SUMMER",47,"NBC AABM S","S1190659","CDFO",2016,"2MN39P2W","1970-01-01",1,40,32013,NA,NA,NA,4,1,182876,"V",5000,6,5,7,4.16,4.16,3,"0NHG1607",FALSE,NA,FALSE,FALSE,"N",1,"PHI",NA,"NORTH AABM S SUMMER","NORTH AABM SPORT (QCI) - SUMMER",128,"North AABM Sport (QCI)",47,"NBC AABM S","Canada","pre-terminal"
"1021","NGS S SUMMER",63,"GEO ST S","S1197619","CDFO",2018,"2MSNGP013","1970-01-01",1,40,32093,NA,690,0,3,1,184199,"V",5000,6,5,8,7.24,7.24,3,"0NSG1608",FALSE,NA,FALSE,FALSE,"N",1,"PHI",NA,"NGS S SUMMER","NORTH GEORGIA STRAIT SPORT - SUMMER",136,"North Georgia Strait Sport",63,"GEO ST S","Canada","pre-terminal"
"1022","NGS S SUMMER",63,"GEO ST S","S1197621","CDFO",2017,"2MSNGP013CRDE CH 41","1970-01-01",1,40,32093,NA,940,0,5,1,182084,"V",5000,6,5,7,4.31,4.31,3,"0NSG1607",FALSE,NA,FALSE,FALSE,"N",1,"PHI",NA,"NGS S SUMMER","NORTH GEORGIA STRAIT SPORT - SUMMER",136,"North Georgia Strait Sport",63,"GEO ST S","Canada","pre-terminal"
"1023","NGS S SUMMER",63,"GEO ST S","S1197664","CDFO",2017,"2MSNGP013FRED AR 23","1970-01-01",1,40,32093,NA,900,0,5,1,182876,"V",5000,6,5,7,4.31,4.31,3,"0NSG1607",FALSE,NA,FALSE,FALSE,"N",1,"PHI",NA,"NGS S SUMMER","NORTH GEORGIA STRAIT SPORT - SUMMER",136,"North Georgia Strait Sport",63,"GEO ST S","Canada","pre-terminal"
"1024","NGS S SUMMER",63,"GEO ST S","S1197859","CDFO",2021,"2MSNGP013THUR BY 26","1970-01-01",1,40,32093,NA,730,0,3,1,185195,"V",5000,6,5,8,8.34,8.34,3,"0NSG1608",FALSE,NA,FALSE,FALSE,"N",1,"PHI",NA,"NGS S SUMMER","NORTH GEORGIA STRAIT SPORT - SUMMER",136,"North Georgia Strait Sport",63,"GEO ST S","Canada","pre-terminal"
"1025","CENTRAL S",45,"CBC S","S1197884","CDFO",2016,"2MNCSP007","1970-01-01",1,40,3205,NA,NA,NA,4,1,182876,"V",5000,6,5,6,4.49,4.49,3,"0CBC1606",FALSE,NA,FALSE,FALSE,"N",1,"PHI",NA,"CENTRAL S","CENTRAL SPORT",132,"Central Sport",45,"CBC S","Canada","pre-terminal"
"1026","CENTRAL S",45,"CBC S","S1197891","CDFO",2016,"2MNCSP007CHEN PT 20","1970-01-01",1,40,3205,NA,610,0,3,1,182787,"V",5000,6,5,6,4.49,4.49,3,"0CBC1606",FALSE,NA,FALSE,FALSE,"N",1,"PHI",NA,"CENTRAL S","CENTRAL SPORT",132,"Central Sport",45,"CBC S","Canada","pre-terminal"
"1027","CENTRAL S",45,"CBC S","S1197940","CDFO",2017,"2MNCSP009THE WAL 06","1970-01-01",1,40,3205,NA,890,0,4,1,182787,"V",5000,6,5,8,6.96,6.96,3,"0CBC1608",FALSE,NA,FALSE,FALSE,"N",1,"PHI",NA,"CENTRAL S","CENTRAL SPORT",132,"Central Sport",45,"CBC S","Canada","pre-terminal"
"1028","NGS S SUMMER",63,"GEO ST S","S1198427","CDFO",2016,"2MSNGP013DISC PS 06","1970-01-01",1,40,32093,NA,760,0,4,1,182876,"V",5000,6,5,8,5.97,5.97,3,"0NSG1608",FALSE,NA,FALSE,FALSE,"N",1,"PHI",NA,"NGS S SUMMER","NORTH GEORGIA STRAIT SPORT - SUMMER",136,"North Georgia Strait Sport",63,"GEO ST S","Canada","pre-terminal"
"1029","NGS S SUMMER",63,"GEO ST S","S1200630","CDFO",2018,"2MSNGP013CHAT PT 28","1970-01-01",1,40,32093,NA,890,0,4,1,183380,"V",5000,6,5,7,7.39,7.39,3,"0NSG1607",FALSE,NA,FALSE,FALSE,"N",1,"PHI",NA,"NGS S SUMMER","NORTH GEORGIA STRAIT SPORT - SUMMER",136,"North Georgia Strait Sport",63,"GEO ST S","Canada","pre-terminal"
"1030","NGS S SUMMER",63,"GEO ST S","S1200776","CDFO",2017,"2MSNGP013FRED AR 23","1970-01-01",1,40,32093,NA,NA,NA,5,1,182876,"V",5000,6,5,7,4.31,4.31,3,"0NSG1607",FALSE,NA,FALSE,FALSE,"N",1,"PHI",NA,"NGS S SUMMER","NORTH GEORGIA STRAIT SPORT - SUMMER",136,"North Georgia Strait Sport",63,"GEO ST S","Canada","pre-terminal"
"1031","CENTRAL S",45,"CBC S","S1201093","CDFO",2019,"2MNCSP009BULL IS 02","1970-01-01",1,40,3205,NA,NA,NA,3,1,184595,"V",5000,6,5,6,3.9,3.9,3,"0CBC1606",FALSE,NA,FALSE,FALSE,"N",1,"PHI",NA,"CENTRAL S","CENTRAL SPORT",132,"Central Sport",45,"CBC S","Canada","pre-terminal"
"1032","CENTRAL S",45,"CBC S","S1201152","CDFO",2019,"2MNCSP009","1970-01-01",1,40,3205,NA,640,0,3,1,184595,"V",5000,6,5,6,3.9,3.9,3,"0CBC1606",FALSE,NA,FALSE,FALSE,"N",1,"PHI",NA,"CENTRAL S","CENTRAL SPORT",132,"Central Sport",45,"CBC S","Canada","pre-terminal"
"1033","CENTRAL S",45,"CBC S","S1201166","CDFO",2019,"2MNCSP009RIVE IN 02","1970-01-01",1,40,3205,NA,610,0,3,1,184595,"V",5000,6,5,6,3.9,3.9,3,"0CBC1606",FALSE,NA,FALSE,FALSE,"N",1,"PHI",NA,"CENTRAL S","CENTRAL SPORT",132,"Central Sport",45,"CBC S","Canada","pre-terminal"
"1034","CENTRAL S",45,"CBC S","S1201220","CDFO",2017,"2MNCSP009THE WAL 06","1970-01-01",1,40,3205,NA,740,0,3,1,183468,"V",5000,6,5,6,6.96,6.96,3,"0CBC1606",FALSE,NA,FALSE,FALSE,"N",1,"PHI",NA,"CENTRAL S","CENTRAL SPORT",132,"Central Sport",45,"CBC S","Canada","pre-terminal"
"1035","CENTRAL S",45,"CBC S","S1201233","CDFO",2016,"2MNCSP009DIMS PT 02","1970-01-01",1,40,3205,NA,920,0,4,1,182083,"V",5000,6,5,7,4.49,4.49,3,"0CBC1607",FALSE,NA,FALSE,FALSE,"N",1,"PHI",NA,"CENTRAL S","CENTRAL SPORT",132,"Central Sport",45,"CBC S","Canada","pre-terminal"
"1036","CENTRAL S",45,"CBC S","S1201357","CDFO",2016,"2MNCSP008HAKA PS 02","1970-01-01",1,40,3205,NA,890,0,4,1,182083,"V",5000,6,5,7,4.49,4.49,3,"0CBC1607",FALSE,NA,FALSE,FALSE,"N",1,"PHI",NA,"CENTRAL S","CENTRAL SPORT",132,"Central Sport",45,"CBC S","Canada","pre-terminal"
"1037","CENTRAL S",45,"CBC S","S1201362","CDFO",2018,"2MNCSP008HAKA PS 02","1970-01-01",1,40,3205,NA,940,0,4,1,183468,"V",5000,6,5,7,6.8,6.8,3,"0CBC1607",FALSE,NA,FALSE,FALSE,"N",1,"PHI",NA,"CENTRAL S","CENTRAL SPORT",132,"Central Sport",45,"CBC S","Canada","pre-terminal"
"1038","CENTRAL S",45,"CBC S","S1201367","CDFO",2016,"2MNCSP007SPID IS 27","1970-01-01",1,40,3205,NA,NA,NA,4,1,182085,"V",5000,6,5,8,4.49,4.49,3,"0CBC1608",FALSE,NA,FALSE,FALSE,"N",1,"PHI",NA,"CENTRAL S","CENTRAL SPORT",132,"Central Sport",45,"CBC S","Canada","pre-terminal"
"1039","CENTRAL S",45,"CBC S","S1201429","CDFO",2017,"2MNCSP009THE WAL 06","1970-01-01",1,40,3205,NA,840,0,4,1,182787,"V",5000,6,5,6,6.96,6.96,3,"0CBC1606",FALSE,NA,FALSE,FALSE,"N",1,"PHI",NA,"CENTRAL S","CENTRAL SPORT",132,"Central Sport",45,"CBC S","Canada","pre-terminal"
"1040","CENTRAL S",45,"CBC S","S1201474","CDFO",2016,"2MNCSP008BARN PT 02","1970-01-01",1,40,3205,NA,990,0,4,1,182083,"V",5000,6,5,8,4.49,4.49,3,"0CBC1608",FALSE,NA,FALSE,FALSE,"N",1,"PHI",NA,"CENTRAL S","CENTRAL SPORT",132,"Central Sport",45,"CBC S","Canada","pre-terminal"
"1041","CENTRAL S",45,"CBC S","S1201491","CDFO",2016,"2MNCSP007MILB SD 03","1970-01-01",1,40,3205,NA,NA,NA,4,1,182876,"V",5000,6,5,7,4.49,4.49,3,"0CBC1607",FALSE,NA,FALSE,FALSE,"N",1,"PHI",NA,"CENTRAL S","CENTRAL SPORT",132,"Central Sport",45,"CBC S","Canada","pre-terminal"
"1042","CENTRAL S",45,"CBC S","S1201539","CDFO",2017,"2MNCSP007CHEN PT 20","1970-01-01",1,40,3205,NA,910,0,5,1,182084,"V",5000,6,5,8,6.96,6.96,3,"0CBC1608",FALSE,NA,FALSE,FALSE,"N",1,"PHI",NA,"CENTRAL S","CENTRAL SPORT",132,"Central Sport",45,"CBC S","Canada","pre-terminal"
"1043","NGS S SUMMER",63,"GEO ST S","S1201872","CDFO",2017,"2MSNGP013CRDE CH 41","1970-01-01",1,40,32093,NA,NA,NA,4,1,182965,"V",5000,6,5,7,4.31,4.31,3,"0NSG1607",FALSE,NA,FALSE,FALSE,"N",1,"PHI",NA,"NGS S SUMMER","NORTH GEORGIA STRAIT SPORT - SUMMER",136,"North Georgia Strait Sport",63,"GEO ST S","Canada","pre-terminal"
"1044","NGS S SUMMER",63,"GEO ST S","S1201873","CDFO",2017,"2MSNGP013OWE PT  25","1970-01-01",1,40,32093,NA,790,0,4,1,182786,"V",5000,6,5,7,4.31,4.31,3,"0NSG1607",FALSE,NA,FALSE,FALSE,"N",1,"PHI",NA,"NGS S SUMMER","NORTH GEORGIA STRAIT SPORT - SUMMER",136,"North Georgia Strait Sport",63,"GEO ST S","Canada","pre-terminal"
"1045","NGS S SUMMER",63,"GEO ST S","S1201923","CDFO",2017,"2MSNGP013","1970-01-01",1,40,32093,NA,NA,NA,4,1,182786,"V",5000,6,5,8,4.31,4.31,3,"0NSG1608",FALSE,NA,FALSE,FALSE,"N",1,"PHI",NA,"NGS S SUMMER","NORTH GEORGIA STRAIT SPORT - SUMMER",136,"North Georgia Strait Sport",63,"GEO ST S","Canada","pre-terminal"
"1046","CENTRAL S",45,"CBC S","S1202961","CDFO",2022,"2MNCSP006ARIS IS 16","1970-01-01",1,40,3205,NA,NA,NA,5,1,183992,"V",5000,6,5,7,5.76,5.76,3,"0CBC1607",FALSE,NA,FALSE,FALSE,"N",1,"PHI",NA,"CENTRAL S","CENTRAL SPORT",132,"Central Sport",45,"CBC S","Canada","pre-terminal"
"1047","CENTRAL S",45,"CBC S","S1202966","CDFO",2022,"2MNCSP006ARIS IS 16","1970-01-01",1,40,3205,NA,NA,NA,4,1,185195,"V",5000,6,5,7,5.76,5.76,3,"0CBC1607",FALSE,NA,FALSE,FALSE,"N",1,"PHI",NA,"CENTRAL S","CENTRAL SPORT",132,"Central Sport",45,"CBC S","Canada","pre-terminal"
"1048","NGS S SUMMER",63,"GEO ST S","S1203170","CDFO",2017,"2MSNGP013","1970-01-01",1,40,32093,NA,990,0,5,1,182083,"V",5000,6,5,8,4.31,4.31,3,"0NSG1608",FALSE,NA,FALSE,FALSE,"N",1,"PHI",NA,"NGS S SUMMER","NORTH GEORGIA STRAIT SPORT - SUMMER",136,"North Georgia Strait Sport",63,"GEO ST S","Canada","pre-terminal"
"1049","CENTRAL S",45,"CBC S","S1204406","CDFO",2021,"2MNCSP008BAYL PT 02","1970-01-01",1,40,3205,NA,790,0,4,1,183992,"V",5000,6,5,7,4.24,4.24,3,"0CBC1607",FALSE,NA,FALSE,FALSE,"N",1,"PHI",NA,"CENTRAL S","CENTRAL SPORT",132,"Central Sport",45,"CBC S","Canada","pre-terminal"
"1050","NORTH AABM S SUMMER",47,"NBC AABM S","S1206723","CDFO",2017,"2MN39P001LANG IS 02","1970-01-01",1,40,32013,NA,870,0,4,1,182787,"V",5000,6,5,7,6.02,6.02,3,"0NHG1607",FALSE,NA,FALSE,FALSE,"N",1,"PHI",NA,"NORTH AABM S SUMMER","NORTH AABM SPORT (QCI) - SUMMER",128,"North AABM Sport (QCI)",47,"NBC AABM S","Canada","pre-terminal"
"1051","NORTH AABM S SUMMER",47,"NBC AABM S","S1206794","CDFO",2017,"2MN39P001LANG IS 02","1970-01-01",1,40,32013,NA,860,0,5,1,182876,"V",5000,6,5,7,6.02,6.02,3,"0NHG1607",FALSE,NA,FALSE,FALSE,"N",1,"PHI",NA,"NORTH AABM S SUMMER","NORTH AABM SPORT (QCI) - SUMMER",128,"North AABM Sport (QCI)",47,"NBC AABM S","Canada","pre-terminal"
"1052","NORTH AABM S SUMMER",47,"NBC AABM S","S1206926","CDFO",2017,"2MN39P001LANG IS 02","1970-01-01",1,40,32013,NA,890,0,4,1,182787,"V",5000,6,5,6,6.02,6.02,3,"0NHG1606",FALSE,NA,FALSE,FALSE,"N",1,"PHI",NA,"NORTH AABM S SUMMER","NORTH AABM SPORT (QCI) - SUMMER",128,"North AABM Sport (QCI)",47,"NBC AABM S","Canada","pre-terminal"
"1053","NORTH AABM S SUMMER",47,"NBC AABM S","S1206930","CDFO",2017,"2MN39P001LANG IS 02","1970-01-01",1,40,32013,NA,790,0,4,1,182787,"V",5000,6,5,6,6.02,6.02,3,"0NHG1606",FALSE,NA,FALSE,FALSE,"N",1,"PHI",NA,"NORTH AABM S SUMMER","NORTH AABM SPORT (QCI) - SUMMER",128,"North AABM Sport (QCI)",47,"NBC AABM S","Canada","pre-terminal"
"1054","NORTH ISBM S SUMMER",48,"NBC ISBM S","S1207847","CDFO",2019,"2MN38P004AVER IS 09","1970-01-01",1,40,32023,NA,NA,NA,4,1,184198,"V",5000,6,5,7,6.9,6.9,3,"0NPR1607",FALSE,NA,FALSE,FALSE,"N",1,"PHI",NA,"NORTH ISBM S SUMMER","NORTH ISBM SPORT - SUMMER",129,"North ISBM Sport",48,"NBC ISBM S","Canada","pre-terminal"
"1055","NORTH ISBM S SUMMER",48,"NBC ISBM S","S1207884","CDFO",2018,"2MN38P003WORK CH 06","1970-01-01",1,40,32023,NA,1000,0,5,1,182786,"V",5000,6,5,7,6.69,6.69,3,"0NPR1607",FALSE,NA,FALSE,FALSE,"N",1,"PHI",NA,"NORTH ISBM S SUMMER","NORTH ISBM SPORT - SUMMER",129,"North ISBM Sport",48,"NBC ISBM S","Canada","pre-terminal"
"1056","NORTH AABM S SUMMER",47,"NBC AABM S","S1208125","CDFO",2017,"2MN39P001","1970-01-01",1,40,32013,NA,860,0,5,1,182876,"V",5000,6,5,7,6.02,6.02,3,"0NHG1607",FALSE,NA,FALSE,FALSE,"N",1,"PHI",NA,"NORTH AABM S SUMMER","NORTH AABM SPORT (QCI) - SUMMER",128,"North AABM Sport (QCI)",47,"NBC AABM S","Canada","pre-terminal"
"1057","NORTH AABM S SUMMER",47,"NBC AABM S","S1208192","CDFO",2018,"2MN39P001CP NADE 03","1970-01-01",1,40,32013,NA,860,0,4,1,183379,"V",5000,6,5,7,3.03,3.03,3,"0NHG1607",FALSE,NA,FALSE,FALSE,"N",1,"PHI",NA,"NORTH AABM S SUMMER","NORTH AABM SPORT (QCI) - SUMMER",128,"North AABM Sport (QCI)",47,"NBC AABM S","Canada","pre-terminal"
"1058","NORTH AABM S SUMMER",47,"NBC AABM S","S1212156","CDFO",2020,"2MN39P001","1970-01-01",1,40,32013,NA,910,0,4,1,184594,"V",5000,6,5,7,5.71,5.71,3,"0NHG1607",FALSE,NA,FALSE,FALSE,"N",1,"PHI",NA,"NORTH AABM S SUMMER","NORTH AABM SPORT (QCI) - SUMMER",128,"North AABM Sport (QCI)",47,"NBC AABM S","Canada","pre-terminal"
"1059","NORTH AABM S SUMMER",47,"NBC AABM S","S1212166","CDFO",2020,"2MN39P001","1970-01-01",1,40,32013,NA,890,0,4,1,184595,"V",5000,6,5,7,5.71,5.71,3,"0NHG1607",FALSE,NA,FALSE,FALSE,"N",1,"PHI",NA,"NORTH AABM S SUMMER","NORTH AABM SPORT (QCI) - SUMMER",128,"North AABM Sport (QCI)",47,"NBC AABM S","Canada","pre-terminal"
"1060","NORTH AABM S SUMMER",47,"NBC AABM S","S1212182","CDFO",2019,"2MN39P001CP NADE 03","1970-01-01",1,40,32013,NA,870,0,4,1,184198,"V",5000,6,5,7,5.66,5.66,3,"0NHG1607",FALSE,NA,FALSE,FALSE,"N",1,"PHI",NA,"NORTH AABM S SUMMER","NORTH AABM SPORT (QCI) - SUMMER",128,"North AABM Sport (QCI)",47,"NBC AABM S","Canada","pre-terminal"
"1061","NORTH AABM S SUMMER",47,"NBC AABM S","S1212314","CDFO",2016,"2MN39P001LANG IS 02","1970-01-01",1,40,32013,NA,740,0,4,1,180770,"V",5000,6,5,8,4.16,4.16,3,"0NHG1608",FALSE,NA,FALSE,FALSE,"N",1,"PHI",NA,"NORTH AABM S SUMMER","NORTH AABM SPORT (QCI) - SUMMER",128,"North AABM Sport (QCI)",47,"NBC AABM S","Canada","pre-terminal"
"1062","NORTH AABM S SUMMER",47,"NBC AABM S","S1212390","CDFO",2016,"2MN39P001LANG IS 02","1970-01-01",1,40,32013,NA,850,0,4,1,182085,"V",5000,6,5,7,4.16,4.16,3,"0NHG1607",FALSE,NA,FALSE,FALSE,"N",1,"PHI",NA,"NORTH AABM S SUMMER","NORTH AABM SPORT (QCI) - SUMMER",128,"North AABM Sport (QCI)",47,"NBC AABM S","Canada","pre-terminal"
"1063","NORTH AABM S SUMMER",47,"NBC AABM S","S1212596","CDFO",2016,"2MN39P001LANG IS 02","1970-01-01",1,40,32013,NA,1000,0,5,1,181372,"V",5000,6,5,7,4.16,4.16,3,"0NHG1607",FALSE,NA,FALSE,FALSE,"N",1,"PHI",NA,"NORTH AABM S SUMMER","NORTH AABM SPORT (QCI) - SUMMER",128,"North AABM Sport (QCI)",47,"NBC AABM S","Canada","pre-terminal"
"1064","NORTH ISBM S SUMMER",48,"NBC ISBM S","S1219096","CDFO",2017,"2MN38P003","1970-01-01",1,40,32023,NA,870,0,5,1,182084,"V",5000,6,5,6,8.05,8.05,3,"0NPR1606",FALSE,NA,FALSE,FALSE,"N",1,"PHI",NA,"NORTH ISBM S SUMMER","NORTH ISBM SPORT - SUMMER",129,"North ISBM Sport",48,"NBC ISBM S","Canada","pre-terminal"
"1065","NORTH ISBM S SUMMER",48,"NBC ISBM S","S1219325","CDFO",2019,"2MN38P003WORK CH 06","1970-01-01",1,40,32023,NA,610,0,3,1,184594,"V",5000,6,5,8,6.58,6.58,3,"0NPR1608",FALSE,NA,FALSE,FALSE,"N",1,"PHI",NA,"NORTH ISBM S SUMMER","NORTH ISBM SPORT - SUMMER",129,"North ISBM Sport",48,"NBC ISBM S","Canada","pre-terminal"
"1066","NORTH ISBM S SUMMER",48,"NBC ISBM S","S1219406","CDFO",2018,"2MN38P003WORK CH 06","1970-01-01",1,40,32023,NA,530,0,3,1,184264,"V",5000,6,5,8,6.69,6.69,3,"0NPR1608",FALSE,NA,FALSE,FALSE,"N",1,"PHI",NA,"NORTH ISBM S SUMMER","NORTH ISBM SPORT - SUMMER",129,"North ISBM Sport",48,"NBC ISBM S","Canada","pre-terminal"
"1067","NORTH ISBM S SUMMER",48,"NBC ISBM S","S1219621","CDFO",2023,"2MN38P004DUND IS 01","1970-01-01",1,40,32023,NA,740,0,4,1,186481,"V",5000,6,5,5,8.62,8.62,3,"0NPR1605",FALSE,NA,FALSE,FALSE,"N",1,"PHI",NA,"NORTH ISBM S SUMMER","NORTH ISBM SPORT - SUMMER",129,"North ISBM Sport",48,"NBC ISBM S","Canada","pre-terminal"
"1068","NORTH ISBM S SUMMER",48,"NBC ISBM S","S1219893","CDFO",2017,"2MN38P004SQUADER 02","1970-01-01",1,40,32023,NA,NA,NA,4,1,182787,"V",5000,6,5,7,8.05,8.05,3,"0NPR1607",FALSE,NA,FALSE,FALSE,"N",1,"PHI",NA,"NORTH ISBM S SUMMER","NORTH ISBM SPORT - SUMMER",129,"North ISBM Sport",48,"NBC ISBM S","Canada","pre-terminal"
"1069","NORTH AABM S SUMMER",47,"NBC AABM S","S1220421","CDFO",2016,"2MN39P001","1970-01-01",1,40,32013,NA,920,0,4,1,182085,"V",5000,6,5,7,4.16,4.16,3,"0NHG1607",FALSE,NA,FALSE,FALSE,"N",1,"PHI",NA,"NORTH AABM S SUMMER","NORTH AABM SPORT (QCI) - SUMMER",128,"North AABM Sport (QCI)",47,"NBC AABM S","Canada","pre-terminal"
"1070","NORTH ISBM S SPRING",48,"NBC ISBM S","S1300796","CDFO",2020,"2MN38P004","1970-01-01",1,40,32022,NA,680,0,4,1,184594,"V",5000,6,5,1,25.78,25.78,3,"0NPR1601",FALSE,NA,FALSE,FALSE,"N",1,"PHI",NA,"NORTH ISBM S SPRING","NORTH ISBM SPORT - SPRING",129,"North ISBM Sport",48,"NBC ISBM S","Canada","pre-terminal"
"1071","CENTRAL S",45,"CBC S","S1300801","CDFO",2017,"2MNCSP009THE WAL 06","1970-01-01",1,40,3205,NA,660,0,3,1,183468,"V",5000,6,5,7,6.96,6.96,3,"0CBC1607",FALSE,NA,FALSE,FALSE,"N",1,"PHI",NA,"CENTRAL S","CENTRAL SPORT",132,"Central Sport",45,"CBC S","Canada","pre-terminal"
"1072","CENTRAL S",45,"CBC S","S1300894","CDFO",2017,"2MNCSP009","1970-01-01",1,40,3205,NA,NA,NA,3,1,183467,"V",5000,6,5,7,6.96,6.96,3,"0CBC1607",FALSE,NA,FALSE,FALSE,"N",1,"PHI",NA,"CENTRAL S","CENTRAL SPORT",132,"Central Sport",45,"CBC S","Canada","pre-terminal"
"1073","CENTRAL S",45,"CBC S","S1300897","CDFO",2017,"2MNCSP009","1970-01-01",1,40,3205,NA,920,0,5,1,182876,"V",5000,6,5,7,6.96,6.96,3,"0CBC1607",FALSE,NA,FALSE,FALSE,"N",1,"PHI",NA,"CENTRAL S","CENTRAL SPORT",132,"Central Sport",45,"CBC S","Canada","pre-terminal"
"1074","CENTRAL S",45,"CBC S","S1300917","CDFO",2017,"2MNCSP009THE WAL 06","1970-01-01",1,40,3205,NA,760,0,4,1,182786,"V",5000,6,5,7,6.96,6.96,3,"0CBC1607",FALSE,NA,FALSE,FALSE,"N",1,"PHI",NA,"CENTRAL S","CENTRAL SPORT",132,"Central Sport",45,"CBC S","Canada","pre-terminal"
"1075","CENTRAL S",45,"CBC S","S1300922","CDFO",2017,"2MNCSP009THE WAL 06","1970-01-01",1,40,3205,NA,710,0,4,1,182965,"V",5000,6,5,7,6.96,6.96,3,"0CBC1607",FALSE,NA,FALSE,FALSE,"N",1,"PHI",NA,"CENTRAL S","CENTRAL SPORT",132,"Central Sport",45,"CBC S","Canada","pre-terminal"
"1076","CENTRAL S",45,"CBC S","S1300933","CDFO",2017,"2MNCSP009CRAN PT 01","1970-01-01",1,40,3205,NA,970,0,4,1,182786,"V",5000,6,5,7,6.96,6.96,3,"0CBC1607",FALSE,NA,FALSE,FALSE,"N",1,"PHI",NA,"CENTRAL S","CENTRAL SPORT",132,"Central Sport",45,"CBC S","Canada","pre-terminal"
"1077","CENTRAL S",45,"CBC S","S1300935","CDFO",2017,"2MNCSP009CANO CV 01","1970-01-01",1,40,3205,NA,NA,NA,5,1,182876,"V",5000,6,5,7,6.96,6.96,3,"0CBC1607",FALSE,NA,FALSE,FALSE,"N",1,"PHI",NA,"CENTRAL S","CENTRAL SPORT",132,"Central Sport",45,"CBC S","Canada","pre-terminal"
"1078","CENTRAL S",45,"CBC S","S1300952","CDFO",2018,"2MNCSP009THE WAL 06","1970-01-01",1,40,3205,NA,990,0,5,1,182786,"V",5000,6,5,6,6.8,6.8,3,"0CBC1606",FALSE,NA,FALSE,FALSE,"N",1,"PHI",NA,"CENTRAL S","CENTRAL SPORT",132,"Central Sport",45,"CBC S","Canada","pre-terminal"
"1079","CENTRAL S",45,"CBC S","S1300969","CDFO",2018,"2MNCSP009THE WAL 06","1970-01-01",1,40,3205,NA,790,0,4,1,183380,"V",5000,6,5,6,6.8,6.8,3,"0CBC1606",FALSE,NA,FALSE,FALSE,"N",1,"PHI",NA,"CENTRAL S","CENTRAL SPORT",132,"Central Sport",45,"CBC S","Canada","pre-terminal"
"1080","CENTRAL S",45,"CBC S","S1301000","CDFO",2017,"2MNCSP009CRAN PT 01","1970-01-01",1,40,3205,NA,710,0,3,1,183467,"V",5000,6,5,7,6.96,6.96,3,"0CBC1607",FALSE,NA,FALSE,FALSE,"N",1,"PHI",NA,"CENTRAL S","CENTRAL SPORT",132,"Central Sport",45,"CBC S","Canada","pre-terminal"
"1081","CENTRAL S",45,"CBC S","S1301491","CDFO",2023,"2MNCSP006OSWA BY 09","1970-01-01",1,40,3205,NA,800,0,4,1,186481,"V",5000,6,5,7,7.55,7.55,3,"0CBC1607",FALSE,NA,FALSE,FALSE,"N",1,"PHI",NA,"CENTRAL S","CENTRAL SPORT",132,"Central Sport",45,"CBC S","Canada","pre-terminal"
"1082","CENTRAL S",45,"CBC S","S1302169","CDFO",2018,"2MNCSP008HAKA PS 02","1970-01-01",1,40,3205,NA,830,0,4,1,183467,"V",5000,6,5,8,6.8,6.8,3,"0CBC1608",FALSE,NA,FALSE,FALSE,"N",1,"PHI",NA,"CENTRAL S","CENTRAL SPORT",132,"Central Sport",45,"CBC S","Canada","pre-terminal"
"1083","CENTRAL S",45,"CBC S","S1302228","CDFO",2018,"2MNCSP007MILB SD 03","1970-01-01",1,40,3205,NA,NA,NA,4,1,183380,"V",5000,6,5,7,6.8,6.8,3,"0CBC1607",FALSE,NA,FALSE,FALSE,"N",1,"PHI",NA,"CENTRAL S","CENTRAL SPORT",132,"Central Sport",45,"CBC S","Canada","pre-terminal"
"1084","CENTRAL S",45,"CBC S","S1302251","CDFO",2019,"2MNCSP008WEDG PT 16","1970-01-01",1,40,3205,NA,810,0,3,1,184595,"V",5000,6,5,8,3.9,3.9,3,"0CBC1608",FALSE,NA,FALSE,FALSE,"N",1,"PHI",NA,"CENTRAL S","CENTRAL SPORT",132,"Central Sport",45,"CBC S","Canada","pre-terminal"
"1085","CENTRAL S",45,"CBC S","S1302311","CDFO",2018,"2MNCSP009CRAN PT 01","1970-01-01",1,40,3205,NA,910,0,4,1,183467,"V",5000,6,5,6,6.8,6.8,3,"0CBC1606",FALSE,NA,FALSE,FALSE,"N",1,"PHI",NA,"CENTRAL S","CENTRAL SPORT",132,"Central Sport",45,"CBC S","Canada","pre-terminal"
"1086","CENTRAL S",45,"CBC S","S1302324","CDFO",2018,"2MNCSP009CRAN PT 01","1970-01-01",1,40,3205,NA,840,0,4,1,183468,"V",5000,6,5,6,6.8,6.8,3,"0CBC1606",FALSE,NA,FALSE,FALSE,"N",1,"PHI",NA,"CENTRAL S","CENTRAL SPORT",132,"Central Sport",45,"CBC S","Canada","pre-terminal"
"1087","CENTRAL S",45,"CBC S","S1302351","CDFO",2018,"2MNCSP009RIVE IN 02","1970-01-01",1,40,3205,NA,840,0,4,1,183467,"V",5000,6,5,6,6.8,6.8,3,"0CBC1606",FALSE,NA,FALSE,FALSE,"N",1,"PHI",NA,"CENTRAL S","CENTRAL SPORT",132,"Central Sport",45,"CBC S","Canada","pre-terminal"
"1088","CENTRAL S",45,"CBC S","S1302354","CDFO",2018,"2MNCSP009CRAN PT 01","1970-01-01",1,40,3205,NA,810,0,4,1,183467,"V",5000,6,5,6,6.8,6.8,3,"0CBC1606",FALSE,NA,FALSE,FALSE,"N",1,"PHI",NA,"CENTRAL S","CENTRAL SPORT",132,"Central Sport",45,"CBC S","Canada","pre-terminal"
"1089","CENTRAL S",45,"CBC S","S1302361","CDFO",2018,"2MNCSP009CRAN PT 01","1970-01-01",1,40,3205,NA,860,0,4,1,183379,"V",5000,6,5,6,6.8,6.8,3,"0CBC1606",FALSE,NA,FALSE,FALSE,"N",1,"PHI",NA,"CENTRAL S","CENTRAL SPORT",132,"Central Sport",45,"CBC S","Canada","pre-terminal"
"1090","CENTRAL S",45,"CBC S","S1302366","CDFO",2018,"2MNCSP009RIVE IN 02","1970-01-01",1,40,3205,NA,810,0,4,1,183467,"V",5000,6,5,6,6.8,6.8,3,"0CBC1606",FALSE,NA,FALSE,FALSE,"N",1,"PHI",NA,"CENTRAL S","CENTRAL SPORT",132,"Central Sport",45,"CBC S","Canada","pre-terminal"
"1091","CENTRAL S",45,"CBC S","S1302373","CDFO",2018,"2MNCSP009CRAN PT 01","1970-01-01",1,40,3205,NA,940,0,4,1,183467,"V",5000,6,5,6,6.8,6.8,3,"0CBC1606",FALSE,NA,FALSE,FALSE,"N",1,"PHI",NA,"CENTRAL S","CENTRAL SPORT",132,"Central Sport",45,"CBC S","Canada","pre-terminal"
"1092","CENTRAL S",45,"CBC S","S1302388","CDFO",2019,"2MNCSP009THE WAL 06","1970-01-01",1,40,3205,NA,930,0,4,1,184199,"V",5000,6,5,7,3.93,3.93,3,"0CBC1607",FALSE,NA,FALSE,FALSE,"N",1,"PHI",NA,"CENTRAL S","CENTRAL SPORT",132,"Central Sport",45,"CBC S","Canada","pre-terminal"
"1093","CENTRAL S",45,"CBC S","S1302394","CDFO",2019,"2MNCSP009","1970-01-01",1,40,3205,NA,690,0,3,1,184594,"V",5000,6,5,7,3.93,3.93,3,"0CBC1607",FALSE,NA,FALSE,FALSE,"N",1,"PHI",NA,"CENTRAL S","CENTRAL SPORT",132,"Central Sport",45,"CBC S","Canada","pre-terminal"
"1094","JOHN ST S SUMMER",61,"JNST S","S1306704","CDFO",2017,"2MSQCP012MALC IS 06","1970-01-01",1,40,32083,NA,910,0,4,1,182787,"V",5000,6,5,7,4.04,4.04,3,"0QCS1607",FALSE,NA,FALSE,FALSE,"N",1,"PHI",NA,"JOHN ST S SUMMER","JOHNSTONE STRAIT SPORT - SUMMER",135,"Johnstone Strait Sport",61,"JNST S","Canada","pre-terminal"
"1095","JOHN ST S SUMMER",61,"JNST S","S1306730","CDFO",2017,"2MSQCP012","1970-01-01",1,40,32083,NA,NA,NA,4,1,182786,"V",5000,6,5,7,4.04,4.04,3,"0QCS1607",FALSE,NA,FALSE,FALSE,"N",1,"PHI",NA,"JOHN ST S SUMMER","JOHNSTONE STRAIT SPORT - SUMMER",135,"Johnstone Strait Sport",61,"JNST S","Canada","pre-terminal"
"1096","JOHN ST S SUMMER",61,"JNST S","S1306948","CDFO",2018,"2MSQCP012CAST PT 10","1970-01-01",1,40,32083,NA,970,0,5,1,182786,"V",5000,6,5,6,6.52,6.52,3,"0QCS1606",FALSE,NA,FALSE,FALSE,"N",1,"PHI",NA,"JOHN ST S SUMMER","JOHNSTONE STRAIT SPORT - SUMMER",135,"Johnstone Strait Sport",61,"JNST S","Canada","pre-terminal"
"1097","JOHN ST S SUMMER",61,"JNST S","S1306960","CDFO",2017,"2MSQCP012DONE HD 06","1970-01-01",1,40,32083,NA,900,0,5,1,182876,"V",5000,6,5,7,4.04,4.04,3,"0QCS1607",FALSE,NA,FALSE,FALSE,"N",1,"PHI",NA,"JOHN ST S SUMMER","JOHNSTONE STRAIT SPORT - SUMMER",135,"Johnstone Strait Sport",61,"JNST S","Canada","pre-terminal"
"1098","JOHN ST S SUMMER",61,"JNST S","S1306997","CDFO",2017,"2MSQCP012DUVA PT 16","1970-01-01",1,40,32083,NA,760,0,5,1,182085,"V",5000,6,5,7,4.04,4.04,3,"0QCS1607",FALSE,NA,FALSE,FALSE,"N",1,"PHI",NA,"JOHN ST S SUMMER","JOHNSTONE STRAIT SPORT - SUMMER",135,"Johnstone Strait Sport",61,"JNST S","Canada","pre-terminal"
"1099","CENTRAL S",45,"CBC S","S1307106","CDFO",2017,"2MNCSP009CRAN PT 01","1970-01-01",1,40,3205,NA,640,0,3,1,183468,"V",5000,6,5,7,6.96,6.96,3,"0CBC1607",FALSE,NA,FALSE,FALSE,"N",1,"PHI",NA,"CENTRAL S","CENTRAL SPORT",132,"Central Sport",45,"CBC S","Canada","pre-terminal"
"1100","CENTRAL S",45,"CBC S","S1307129","CDFO",2017,"2MNCSP007MILB SD 03","1970-01-01",1,40,3205,NA,NA,NA,4,1,182786,"V",5000,6,5,8,6.96,6.96,3,"0CBC1608",FALSE,NA,FALSE,FALSE,"N",1,"PHI",NA,"CENTRAL S","CENTRAL SPORT",132,"Central Sport",45,"CBC S","Canada","pre-terminal"
"1101","CENTRAL S",45,"CBC S","S1307131","CDFO",2017,"2MNCSP007MILB SD 03","1970-01-01",1,40,3205,NA,NA,NA,5,1,182876,"V",5000,6,5,7,6.96,6.96,3,"0CBC1607",FALSE,NA,FALSE,FALSE,"N",1,"PHI",NA,"CENTRAL S","CENTRAL SPORT",132,"Central Sport",45,"CBC S","Canada","pre-terminal"
"1102","CENTRAL S",45,"CBC S","S1309391","CDFO",2017,"2MNCSP008BAYL PT 02","1970-01-01",1,40,3205,NA,760,0,4,1,182787,"V",5000,6,5,7,6.96,6.96,3,"0CBC1607",FALSE,NA,FALSE,FALSE,"N",1,"PHI",NA,"CENTRAL S","CENTRAL SPORT",132,"Central Sport",45,"CBC S","Canada","pre-terminal"
"1103","CENTRAL S",45,"CBC S","S1309401","CDFO",2017,"2MNCSP007","1970-01-01",1,40,3205,NA,990,0,5,1,182876,"V",5000,6,5,7,6.96,6.96,3,"0CBC1607",FALSE,NA,FALSE,FALSE,"N",1,"PHI",NA,"CENTRAL S","CENTRAL SPORT",132,"Central Sport",45,"CBC S","Canada","pre-terminal"
"1104","CENTRAL S",45,"CBC S","S1309444","CDFO",2018,"2MNCSP010","1970-01-01",1,40,3205,NA,NA,NA,4,1,183468,"V",5000,6,5,7,6.8,6.8,3,"0CBC1607",FALSE,NA,FALSE,FALSE,"N",1,"PHI",NA,"CENTRAL S","CENTRAL SPORT",132,"Central Sport",45,"CBC S","Canada","pre-terminal"
"1105","CENTRAL S",45,"CBC S","S1309476","CDFO",2017,"2MNCSP007","1970-01-01",1,40,3205,NA,NA,NA,4,1,182786,"V",5000,6,5,7,6.96,6.96,3,"0CBC1607",FALSE,NA,FALSE,FALSE,"N",1,"PHI",NA,"CENTRAL S","CENTRAL SPORT",132,"Central Sport",45,"CBC S","Canada","pre-terminal"
"1106","CENTRAL S",45,"CBC S","S1309488","CDFO",2017,"2MNCSP007CHEN PT 20","1970-01-01",1,40,3205,NA,990,0,6,1,181373,"V",5000,6,5,8,6.96,6.96,3,"0CBC1608",FALSE,NA,FALSE,FALSE,"N",1,"PHI",NA,"CENTRAL S","CENTRAL SPORT",132,"Central Sport",45,"CBC S","Canada","pre-terminal"
"1107","NORTH AABM S SUMMER",47,"NBC AABM S","S1312601","CDFO",2017,"2MN39P2W","1970-01-01",1,40,32013,NA,NA,NA,5,1,182085,"V",5000,6,5,7,6.02,6.02,3,"0NHG1607",FALSE,NA,FALSE,FALSE,"N",1,"PHI",NA,"NORTH AABM S SUMMER","NORTH AABM SPORT (QCI) - SUMMER",128,"North AABM Sport (QCI)",47,"NBC AABM S","Canada","pre-terminal"
"1108","NORTH ISBM S SUMMER",48,"NBC ISBM S","S1313330","CDFO",2018,"2MN38P004AVER IS 09","1970-01-01",1,40,32023,NA,NA,NA,3,1,184198,"V",5000,6,5,7,6.69,6.69,3,"0NPR1607",FALSE,NA,FALSE,FALSE,"N",1,"PHI",NA,"NORTH ISBM S SUMMER","NORTH ISBM SPORT - SUMMER",129,"North ISBM Sport",48,"NBC ISBM S","Canada","pre-terminal"
"1109","JOHN ST S SUMMER",61,"JNST S","S1319537","CDFO",2018,"2MSQCP012CAST PT 10","1970-01-01",1,40,32083,NA,710,0,5,1,182786,"V",5000,6,5,7,6.52,6.52,3,"0QCS1607",FALSE,NA,FALSE,FALSE,"N",1,"PHI",NA,"JOHN ST S SUMMER","JOHNSTONE STRAIT SPORT - SUMMER",135,"Johnstone Strait Sport",61,"JNST S","Canada","pre-terminal"
"1110","JOHN ST S SUMMER",61,"JNST S","S1319615","CDFO",2019,"2MSQCP012SWAN IS 05","1970-01-01",1,40,32083,NA,650,0,3,1,184595,"V",5000,6,5,9,4.82,4.82,3,"0QCS1609",FALSE,NA,FALSE,FALSE,"N",1,"PHI",NA,"JOHN ST S SUMMER","JOHNSTONE STRAIT SPORT - SUMMER",135,"Johnstone Strait Sport",61,"JNST S","Canada","pre-terminal"
"1111","JOHN ST S SUMMER",61,"JNST S","S1319834","CDFO",2021,"2MSQCP011BREM PT 02","1970-01-01",1,40,32083,NA,NA,NA,4,1,184765,"V",5000,6,5,7,3.2,3.2,3,"0QCS1607",FALSE,NA,FALSE,FALSE,"N",1,"PHI",NA,"JOHN ST S SUMMER","JOHNSTONE STRAIT SPORT - SUMMER",135,"Johnstone Strait Sport",61,"JNST S","Canada","pre-terminal"
"1112","JOHN ST S SUMMER",61,"JNST S","S1319955","CDFO",2021,"2MSQCP011BREM PT 02","1970-01-01",1,40,32083,NA,NA,NA,5,1,184594,"V",5000,6,5,7,3.2,3.2,3,"0QCS1607",FALSE,NA,FALSE,FALSE,"N",1,"PHI",NA,"JOHN ST S SUMMER","JOHNSTONE STRAIT SPORT - SUMMER",135,"Johnstone Strait Sport",61,"JNST S","Canada","pre-terminal"
"1113","JOHN ST S SUMMER",61,"JNST S","S1319966","CDFO",2021,"2MSQCP111","1970-01-01",1,40,32083,NA,780,0,4,1,183992,"V",5000,6,5,7,3.2,3.2,3,"0QCS1607",FALSE,NA,FALSE,FALSE,"N",1,"PHI",NA,"JOHN ST S SUMMER","JOHNSTONE STRAIT SPORT - SUMMER",135,"Johnstone Strait Sport",61,"JNST S","Canada","pre-terminal"
"1114","CENTRAL S",45,"CBC S","S1324280","CDFO",2018,"2MNCSP009THE WAL 06","1970-01-01",1,40,3205,NA,770,0,3,1,184199,"V",5000,6,5,7,6.8,6.8,3,"0CBC1607",FALSE,NA,FALSE,FALSE,"N",1,"PHI",NA,"CENTRAL S","CENTRAL SPORT",132,"Central Sport",45,"CBC S","Canada","pre-terminal"
"1115","CENTRAL S",45,"CBC S","S1324402","CDFO",2019,"2MNCSP009RIVE IN 02","1970-01-01",1,40,3205,NA,690,0,3,1,184594,"V",5000,6,5,7,3.93,3.93,3,"0CBC1607",FALSE,NA,FALSE,FALSE,"N",1,"PHI",NA,"CENTRAL S","CENTRAL SPORT",132,"Central Sport",45,"CBC S","Canada","pre-terminal"
"1116","CENTRAL S",45,"CBC S","S1324407","CDFO",2019,"2MNCSP009THE WAL 06","1970-01-01",1,40,3205,NA,NA,NA,3,1,184595,"V",5000,6,5,7,3.93,3.93,3,"0CBC1607",FALSE,NA,FALSE,FALSE,"N",1,"PHI",NA,"CENTRAL S","CENTRAL SPORT",132,"Central Sport",45,"CBC S","Canada","pre-terminal"
"1117","CENTRAL S",45,"CBC S","S1324422","CDFO",2019,"2MNCSP009RIVE IN 02","1970-01-01",1,40,3205,NA,600,0,3,1,184595,"V",5000,6,5,7,3.93,3.93,3,"0CBC1607",FALSE,NA,FALSE,FALSE,"N",1,"PHI",NA,"CENTRAL S","CENTRAL SPORT",132,"Central Sport",45,"CBC S","Canada","pre-terminal"
"1118","CENTRAL S",45,"CBC S","S1324427","CDFO",2018,"2MNCSP009RIVE IN 02","1970-01-01",1,40,3205,NA,690,0,4,1,183379,"V",5000,6,5,7,6.8,6.8,3,"0CBC1607",FALSE,NA,FALSE,FALSE,"N",1,"PHI",NA,"CENTRAL S","CENTRAL SPORT",132,"Central Sport",45,"CBC S","Canada","pre-terminal"
"1119","CENTRAL S",45,"CBC S","S1324458","CDFO",2021,"2MNCSP009CRAN PT 01","1970-01-01",1,40,3205,NA,300,0,3,1,185195,"V",5000,6,5,7,4.24,4.24,3,"0CBC1607",FALSE,NA,FALSE,FALSE,"N",1,"PHI",NA,"CENTRAL S","CENTRAL SPORT",132,"Central Sport",45,"CBC S","Canada","pre-terminal"
"1120","CENTRAL S",45,"CBC S","S1324476","CDFO",2020,"2MNCSP009THE WAL 06","1970-01-01",1,40,3205,NA,360,0,4,1,184595,"V",5000,6,5,8,5.83,5.83,3,"0CBC1608",FALSE,NA,FALSE,FALSE,"N",1,"PHI",NA,"CENTRAL S","CENTRAL SPORT",132,"Central Sport",45,"CBC S","Canada","pre-terminal"
"1121","NGS S SUMMER",63,"GEO ST S","S1326390","CDFO",2019,"2MSNGP013OWE PT  25","1970-01-01",1,40,32093,NA,700,0,3,1,184595,"V",5000,6,5,8,6.31,6.31,3,"0NSG1608",FALSE,NA,FALSE,FALSE,"N",1,"PHI",NA,"NGS S SUMMER","NORTH GEORGIA STRAIT SPORT - SUMMER",136,"North Georgia Strait Sport",63,"GEO ST S","Canada","pre-terminal"
"1122","NGS S SUMMER",63,"GEO ST S","S1326477","CDFO",2018,"2MSNGP013CRDE CH 41","1970-01-01",1,40,32093,NA,760,0,4,1,183468,"V",5000,6,5,7,7.39,7.39,3,"0NSG1607",FALSE,NA,FALSE,FALSE,"N",1,"PHI",NA,"NGS S SUMMER","NORTH GEORGIA STRAIT SPORT - SUMMER",136,"North Georgia Strait Sport",63,"GEO ST S","Canada","pre-terminal"
"1123","JOHN ST S SUMMER",61,"JNST S","S1329878","CDFO",2019,"2MSQCP012FLOW IS 06","1970-01-01",1,40,32083,NA,790,0,4,1,184198,"V",5000,6,5,7,4.82,4.82,3,"0QCS1607",FALSE,NA,FALSE,FALSE,"N",1,"PHI",NA,"JOHN ST S SUMMER","JOHNSTONE STRAIT SPORT - SUMMER",135,"Johnstone Strait Sport",61,"JNST S","Canada","pre-terminal"
"1124","JOHN ST S SUMMER",61,"JNST S","S1329879","CDFO",2019,"2MSQCP012BLAC BF 08","1970-01-01",1,40,32083,NA,670,0,3,1,184594,"V",5000,6,5,7,4.82,4.82,3,"0QCS1607",FALSE,NA,FALSE,FALSE,"N",1,"PHI",NA,"JOHN ST S SUMMER","JOHNSTONE STRAIT SPORT - SUMMER",135,"Johnstone Strait Sport",61,"JNST S","Canada","pre-terminal"
"1125","JOHN ST S SUMMER",61,"JNST S","S1330431","CDFO",2020,"2MSQCP012CRAC PT 03","1970-01-01",1,40,32083,NA,800,0,4,1,184595,"V",5000,6,5,7,3.39,3.39,3,"0QCS1607",FALSE,NA,FALSE,FALSE,"N",1,"PHI",NA,"JOHN ST S SUMMER","JOHNSTONE STRAIT SPORT - SUMMER",135,"Johnstone Strait Sport",61,"JNST S","Canada","pre-terminal"
"1126","JOHN ST S SUMMER",61,"JNST S","S1330433","CDFO",2020,"2MSQCP012DONE HD 06","1970-01-01",1,40,32083,NA,670,0,3,1,183992,"V",5000,6,5,8,3.39,3.39,3,"0QCS1608",FALSE,NA,FALSE,FALSE,"N",1,"PHI",NA,"JOHN ST S SUMMER","JOHNSTONE STRAIT SPORT - SUMMER",135,"Johnstone Strait Sport",61,"JNST S","Canada","pre-terminal"
"1127","JOHN ST S SUMMER",61,"JNST S","S1330441","CDFO",2021,"2MSQCP012MITC BY 18","1970-01-01",1,40,32083,NA,780,0,4,1,183992,"V",5000,6,5,8,3.27,3.27,3,"0QCS1608",FALSE,NA,FALSE,FALSE,"N",1,"PHI",NA,"JOHN ST S SUMMER","JOHNSTONE STRAIT SPORT - SUMMER",135,"Johnstone Strait Sport",61,"JNST S","Canada","pre-terminal"
"1128","JOHN ST S SUMMER",61,"JNST S","S1330457","CDFO",2020,"2MSQCP012BARO PS 26","1970-01-01",1,40,32083,NA,NA,NA,4,1,184594,"V",5000,6,5,8,3.39,3.39,3,"0QCS1608",FALSE,NA,FALSE,FALSE,"N",1,"PHI",NA,"JOHN ST S SUMMER","JOHNSTONE STRAIT SPORT - SUMMER",135,"Johnstone Strait Sport",61,"JNST S","Canada","pre-terminal"
"1129","CENTRAL S",45,"CBC S","S1331108","CDFO",2022,"2MNCSP009THE WAL 06","1970-01-01",1,40,3205,NA,710,0,4,1,185195,"V",5000,6,5,5,5.76,5.76,3,"0CBC1605",FALSE,NA,FALSE,FALSE,"N",1,"PHI",NA,"CENTRAL S","CENTRAL SPORT",132,"Central Sport",45,"CBC S","Canada","pre-terminal"
"1130","CENTRAL S",45,"CBC S","S1331117","CDFO",2021,"2MNCSP009RIVE IN 02","1970-01-01",1,40,3205,NA,700,0,3,1,184280,"V",5000,6,5,8,4.2,4.2,3,"0CBC1608",FALSE,NA,FALSE,FALSE,"N",1,"PHI",NA,"CENTRAL S","CENTRAL SPORT",132,"Central Sport",45,"CBC S","Canada","pre-terminal"
"1131","CENTRAL S",45,"CBC S","S1331130","CDFO",2021,"2MNCSP009CRAN PT 01","1970-01-01",1,40,3205,NA,600,0,3,1,185195,"V",5000,6,5,7,4.24,4.24,3,"0CBC1607",FALSE,NA,FALSE,FALSE,"N",1,"PHI",NA,"CENTRAL S","CENTRAL SPORT",132,"Central Sport",45,"CBC S","Canada","pre-terminal"
"1132","CENTRAL S",45,"CBC S","S1331233","CDFO",2021,"2MNCSP009CRAN PT 01","1970-01-01",1,40,3205,NA,850,0,4,1,184765,"V",5000,6,5,7,4.24,4.24,3,"0CBC1607",FALSE,NA,FALSE,FALSE,"N",1,"PHI",NA,"CENTRAL S","CENTRAL SPORT",132,"Central Sport",45,"CBC S","Canada","pre-terminal"
"1133","CENTRAL S",45,"CBC S","S1331246","CDFO",2021,"2MNCSP009THE WAL 06","1970-01-01",1,40,3205,NA,760,0,4,1,183992,"V",5000,6,5,7,4.24,4.24,3,"0CBC1607",FALSE,NA,FALSE,FALSE,"N",1,"PHI",NA,"CENTRAL S","CENTRAL SPORT",132,"Central Sport",45,"CBC S","Canada","pre-terminal"
"1134","CENTRAL S",45,"CBC S","S1331252","CDFO",2021,"2MNCSP009CRAN PT 01","1970-01-01",1,40,3205,NA,740,0,3,1,185195,"V",5000,6,5,5,4.2,4.2,3,"0CBC1605",FALSE,NA,FALSE,FALSE,"N",1,"PHI",NA,"CENTRAL S","CENTRAL SPORT",132,"Central Sport",45,"CBC S","Canada","pre-terminal"
"1135","CENTRAL S",45,"CBC S","S1331257","CDFO",2021,"2MNCSP009CRAN PT 01","1970-01-01",1,40,3205,NA,860,0,4,1,184765,"V",5000,6,5,7,4.24,4.24,3,"0CBC1607",FALSE,NA,FALSE,FALSE,"N",1,"PHI",NA,"CENTRAL S","CENTRAL SPORT",132,"Central Sport",45,"CBC S","Canada","pre-terminal"
"1136","CENTRAL S",45,"CBC S","S1331265","CDFO",2021,"2MNCSP009CRAN PT 01","1970-01-01",1,40,3205,NA,790,0,4,1,183992,"V",5000,6,5,7,4.24,4.24,3,"0CBC1607",FALSE,NA,FALSE,FALSE,"N",1,"PHI",NA,"CENTRAL S","CENTRAL SPORT",132,"Central Sport",45,"CBC S","Canada","pre-terminal"
"1137","CENTRAL S",45,"CBC S","S1331287","CDFO",2020,"2MNCSP009THE WAL 06","1970-01-01",1,40,3205,NA,810,0,4,1,184595,"V",5000,6,5,7,5.83,5.83,3,"0CBC1607",FALSE,NA,FALSE,FALSE,"N",1,"PHI",NA,"CENTRAL S","CENTRAL SPORT",132,"Central Sport",45,"CBC S","Canada","pre-terminal"
"1138","CENTRAL S",45,"CBC S","S1331311","CDFO",2020,"2MNCSP009THE WAL 06","1970-01-01",1,40,3205,NA,880,0,4,1,184594,"V",5000,6,5,7,5.83,5.83,3,"0CBC1607",FALSE,NA,FALSE,FALSE,"N",1,"PHI",NA,"CENTRAL S","CENTRAL SPORT",132,"Central Sport",45,"CBC S","Canada","pre-terminal"
"1139","CENTRAL S",45,"CBC S","S1331315","CDFO",2020,"2MNCSP009CRAN PT 01","1970-01-01",1,40,3205,NA,830,0,4,1,184594,"V",5000,6,5,7,5.83,5.83,3,"0CBC1607",FALSE,NA,FALSE,FALSE,"N",1,"PHI",NA,"CENTRAL S","CENTRAL SPORT",132,"Central Sport",45,"CBC S","Canada","pre-terminal"
"1140","JOHN ST S SUMMER",61,"JNST S","S1331884","CDFO",2019,"2MSQCP012DONE HD 06","1970-01-01",1,40,32083,NA,700,0,3,1,184594,"V",5000,6,5,8,4.82,4.82,3,"0QCS1608",FALSE,NA,FALSE,FALSE,"N",1,"PHI",NA,"JOHN ST S SUMMER","JOHNSTONE STRAIT SPORT - SUMMER",135,"Johnstone Strait Sport",61,"JNST S","Canada","pre-terminal"
"1141","JOHN ST S SUMMER",61,"JNST S","S1331987","CDFO",2022,"2MSQCP012MALC IS 06","1970-01-01",1,40,32083,NA,750,0,3,1,186481,"V",5000,6,5,8,4.07,4.07,3,"0QCS1608",FALSE,NA,FALSE,FALSE,"N",1,"PHI",NA,"JOHN ST S SUMMER","JOHNSTONE STRAIT SPORT - SUMMER",135,"Johnstone Strait Sport",61,"JNST S","Canada","pre-terminal"
"1142","JOHN ST S SUMMER",61,"JNST S","S1332506","CDFO",2019,"2MSQCP012BLAC BF 08","1970-01-01",1,40,32083,NA,660,0,3,1,184595,"V",5000,6,5,7,4.82,4.82,3,"0QCS1607",FALSE,NA,FALSE,FALSE,"N",1,"PHI",NA,"JOHN ST S SUMMER","JOHNSTONE STRAIT SPORT - SUMMER",135,"Johnstone Strait Sport",61,"JNST S","Canada","pre-terminal"
"1143","NORTH AABM S SUMMER",47,"NBC AABM S","S1335348","CDFO",2018,"2MN39P001LANG IS 02","1970-01-01",1,40,32013,NA,940,0,5,1,182786,"V",5000,6,5,7,3.03,3.03,3,"0NHG1607",FALSE,NA,FALSE,FALSE,"N",1,"PHI",NA,"NORTH AABM S SUMMER","NORTH AABM SPORT (QCI) - SUMMER",128,"North AABM Sport (QCI)",47,"NBC AABM S","Canada","pre-terminal"
"1144","NORTH AABM S SUMMER",47,"NBC AABM S","S1335452","CDFO",2018,"2MN39P001LANG IS 02","1970-01-01",1,40,32013,NA,970,0,5,1,182786,"V",5000,6,5,7,3.03,3.03,3,"0NHG1607",FALSE,NA,FALSE,FALSE,"N",1,"PHI",NA,"NORTH AABM S SUMMER","NORTH AABM SPORT (QCI) - SUMMER",128,"North AABM Sport (QCI)",47,"NBC AABM S","Canada","pre-terminal"
"1145","NORTH AABM S SUMMER",47,"NBC AABM S","S1338912","CDFO",2018,"2MN39P2W EGLE BY","1970-01-01",1,40,32013,NA,NA,NA,4,1,183467,"V",5000,6,5,6,3.03,3.03,3,"0NHG1606",FALSE,NA,FALSE,FALSE,"N",1,"PHI",NA,"NORTH AABM S SUMMER","NORTH AABM SPORT (QCI) - SUMMER",128,"North AABM Sport (QCI)",47,"NBC AABM S","Canada","pre-terminal"
"1146","CENTRAL S",45,"CBC S","S1374730","CDFO",2019,"2MNCSP008BAYL PT 02","1970-01-01",1,40,3205,NA,640,0,3,1,184595,"V",5000,6,5,7,3.93,3.93,3,"0CBC1607",FALSE,NA,FALSE,FALSE,"N",1,"PHI",NA,"CENTRAL S","CENTRAL SPORT",132,"Central Sport",45,"CBC S","Canada","pre-terminal"
"1147","CENTRAL S",45,"CBC S","S1374780","CDFO",2019,"2MNCSP009RIVE IN 02","1970-01-01",1,40,3205,NA,840,0,4,1,184199,"V",5000,6,5,7,3.93,3.93,3,"0CBC1607",FALSE,NA,FALSE,FALSE,"N",1,"PHI",NA,"CENTRAL S","CENTRAL SPORT",132,"Central Sport",45,"CBC S","Canada","pre-terminal"
"1148","CENTRAL S",45,"CBC S","S1374781","CDFO",2019,"2MNCSP009","1970-01-01",1,40,3205,NA,730,0,3,1,184594,"V",5000,6,5,8,3.9,3.9,3,"0CBC1608",FALSE,NA,FALSE,FALSE,"N",1,"PHI",NA,"CENTRAL S","CENTRAL SPORT",132,"Central Sport",45,"CBC S","Canada","pre-terminal"
"1149","JOHN ST S SUMMER",61,"JNST S","S1375356","CDFO",2019,"2MSQCP012MAST IS 16","1970-01-01",1,40,32083,"F",1000,0,5,1,183468,"V",5000,6,5,8,4.82,4.82,3,"0QCS1608",FALSE,NA,FALSE,FALSE,"N",1,"PHI",NA,"JOHN ST S SUMMER","JOHNSTONE STRAIT SPORT - SUMMER",135,"Johnstone Strait Sport",61,"JNST S","Canada","pre-terminal"
"1150","JOHN ST S SUMMER",61,"JNST S","S1375432","CDFO",2020,"2MSQCP011CP SUTI 01","1970-01-01",1,40,32083,NA,820,0,4,1,184595,"V",5000,6,5,7,3.39,3.39,3,"0QCS1607",FALSE,NA,FALSE,FALSE,"N",1,"PHI",NA,"JOHN ST S SUMMER","JOHNSTONE STRAIT SPORT - SUMMER",135,"Johnstone Strait Sport",61,"JNST S","Canada","pre-terminal"
"1151","JOHN ST S SUMMER",61,"JNST S","S1375436","CDFO",2021,"2MSQCP011CP SUTI 01","1970-01-01",1,40,32083,NA,930,0,5,1,184595,"V",5000,6,5,6,3.2,3.2,3,"0QCS1606",FALSE,NA,FALSE,FALSE,"N",1,"PHI",NA,"JOHN ST S SUMMER","JOHNSTONE STRAIT SPORT - SUMMER",135,"Johnstone Strait Sport",61,"JNST S","Canada","pre-terminal"
"1152","JOHN ST S SUMMER",61,"JNST S","S1375871","CDFO",2023,"2MSQCP011BREM PT 02","1970-01-01",1,40,32083,NA,NA,NA,5,1,184280,"V",5000,6,5,6,5.56,5.56,3,"0QCS1606",FALSE,NA,FALSE,FALSE,"N",1,"PHI",NA,"JOHN ST S SUMMER","JOHNSTONE STRAIT SPORT - SUMMER",135,"Johnstone Strait Sport",61,"JNST S","Canada","pre-terminal"
"1153","JOHN ST S SUMMER",61,"JNST S","S1376002","CDFO",2020,"2MSQCP011CP CAUT 02","1970-01-01",1,40,32083,NA,810,0,4,1,184594,"V",5000,6,5,6,3.39,3.39,3,"0QCS1606",FALSE,NA,FALSE,FALSE,"N",1,"PHI",NA,"JOHN ST S SUMMER","JOHNSTONE STRAIT SPORT - SUMMER",135,"Johnstone Strait Sport",61,"JNST S","Canada","pre-terminal"
"1154","CENTRAL S",45,"CBC S","S1380526","CDFO",2020,"2MNCSP009","1970-01-01",1,40,3205,NA,790,0,4,1,184595,"V",5000,6,5,6,5.83,5.83,3,"0CBC1606",FALSE,NA,FALSE,FALSE,"N",1,"PHI",NA,"CENTRAL S","CENTRAL SPORT",132,"Central Sport",45,"CBC S","Canada","pre-terminal"
"1155","CENTRAL S",45,"CBC S","S1380544","CDFO",2020,"2MNCSP009RIVE IN 02","1970-01-01",1,40,3205,NA,890,0,4,1,184594,"V",5000,6,5,6,5.83,5.83,3,"0CBC1606",FALSE,NA,FALSE,FALSE,"N",1,"PHI",NA,"CENTRAL S","CENTRAL SPORT",132,"Central Sport",45,"CBC S","Canada","pre-terminal"
"1156","NORTH AABM S SUMMER",47,"NBC AABM S","S1380620","CDFO",2020,"2MN39P001PARK PT 06","1970-01-01",1,40,32013,NA,930,0,5,1,184264,"V",5000,6,5,7,5.71,5.71,3,"0NHG1607",FALSE,NA,FALSE,FALSE,"N",1,"PHI",NA,"NORTH AABM S SUMMER","NORTH AABM SPORT (QCI) - SUMMER",128,"North AABM Sport (QCI)",47,"NBC AABM S","Canada","pre-terminal"
"1157","CENTRAL S",45,"CBC S","S1380903","CDFO",2021,"2MNCSP009HARO PT 01","1970-01-01",1,40,3205,NA,890,0,5,1,184594,"V",5000,6,5,6,4.2,4.2,3,"0CBC1606",FALSE,NA,FALSE,FALSE,"N",1,"PHI",NA,"CENTRAL S","CENTRAL SPORT",132,"Central Sport",45,"CBC S","Canada","pre-terminal"
"1158","CENTRAL S",45,"CBC S","S1380936","CDFO",2021,"2MNCSP009THE WAL 06","1970-01-01",1,40,3205,NA,990,0,5,1,184595,"V",5000,6,5,6,4.2,4.2,3,"0CBC1606",FALSE,NA,FALSE,FALSE,"N",1,"PHI",NA,"CENTRAL S","CENTRAL SPORT",132,"Central Sport",45,"CBC S","Canada","pre-terminal"
"1159","NORTH ISBM S FALL",48,"NBC ISBM S","S1388721","CDFO",2018,"2MN38P004PRIN HA 10","1970-01-01",1,40,32021,NA,740,0,5,1,182965,"V",5000,6,5,10,7.09,7.09,3,"0NPR1610",FALSE,NA,FALSE,FALSE,"N",1,"PHI",NA,"NORTH ISBM S FALL","NORTH ISBM SPORT - FALL",129,"North ISBM Sport",48,"NBC ISBM S","Canada","pre-terminal"
"1160","CENTRAL S",45,"CBC S","S1388871","CDFO",2019,"2MNCSP007","1970-01-01",1,40,3205,NA,NA,NA,4,1,184198,"V",5000,6,5,7,3.93,3.93,3,"0CBC1607",FALSE,NA,FALSE,FALSE,"N",1,"PHI",NA,"CENTRAL S","CENTRAL SPORT",132,"Central Sport",45,"CBC S","Canada","pre-terminal"
"1161","CENTRAL S",45,"CBC S","S1425603","CDFO",2021,"2MNCSP007","1970-01-01",1,40,3205,NA,NA,NA,4,1,184765,"V",5000,6,5,5,4.2,4.2,3,"0CBC1605",FALSE,NA,FALSE,FALSE,"N",1,"PHI",NA,"CENTRAL S","CENTRAL SPORT",132,"Central Sport",45,"CBC S","Canada","pre-terminal"
"1162","SWCVI AABM S SUMMER",50,"WCVI AABM S","S1429689","CDFO",2020,"2MSSVP124BARN RK","1970-01-01",1,40,32156,"F",820,0,4,1,184595,"V",5000,6,5,7,10.64,10.64,3,"0SWV1607",FALSE,NA,FALSE,FALSE,"N",1,"PHI",NA,"SWCVI AABM S SUMMER","SOUTH WCVI AABM SPORT - SUMMER",142,"WCVI AABM Sport",50,"WCVI AABM S","Canada","pre-terminal"
"1163","JOHN ST S SUMMER",61,"JNST S","S1435449","CDFO",2020,"2MSQCP011CP SUTI 01","1970-01-01",1,40,32083,NA,810,0,4,1,184595,"V",5000,6,5,7,3.39,3.39,3,"0QCS1607",FALSE,NA,FALSE,FALSE,"N",1,"PHI",NA,"JOHN ST S SUMMER","JOHNSTONE STRAIT SPORT - SUMMER",135,"Johnstone Strait Sport",61,"JNST S","Canada","pre-terminal"
"1164","NORTH ISBM S SUMMER",48,"NBC ISBM S","S1437194","CDFO",2021,"2MN38P004","1970-01-01",1,40,32023,NA,NA,NA,3,1,185195,"V",5000,6,5,8,8.92,8.92,3,"0NPR1608",FALSE,NA,FALSE,FALSE,"N",1,"PHI",NA,"NORTH ISBM S SUMMER","NORTH ISBM SPORT - SUMMER",129,"North ISBM Sport",48,"NBC ISBM S","Canada","pre-terminal"
"1165","JOHN ST S SUMMER",61,"JNST S","S1439280","CDFO",2022,"2MSQCP012GORD PT 39","1970-01-01",1,40,32083,NA,740,0,3,1,186481,"V",5000,6,5,8,4.07,4.07,3,"0QCS1608",FALSE,NA,FALSE,FALSE,"N",1,"PHI",NA,"JOHN ST S SUMMER","JOHNSTONE STRAIT SPORT - SUMMER",135,"Johnstone Strait Sport",61,"JNST S","Canada","pre-terminal"
"1166","JOHN ST S SUMMER",61,"JNST S","S1439451","CDFO",2022,"2MSQCP011MEXI PT 01","1970-01-01",1,40,32083,NA,780,0,4,1,185195,"V",5000,6,5,8,4.07,4.07,3,"0QCS1608",FALSE,NA,FALSE,FALSE,"N",1,"PHI",NA,"JOHN ST S SUMMER","JOHNSTONE STRAIT SPORT - SUMMER",135,"Johnstone Strait Sport",61,"JNST S","Canada","pre-terminal"
"1167","CENTRAL S",45,"CBC S","S1502028","CDFO",2022,"2MNCSP009","1970-01-01",1,40,3205,NA,NA,NA,4,1,185195,"V",5000,6,5,7,5.76,5.76,3,"0CBC1607",FALSE,NA,FALSE,FALSE,"N",1,"PHI",NA,"CENTRAL S","CENTRAL SPORT",132,"Central Sport",45,"CBC S","Canada","pre-terminal"
"1168","CENTRAL S",45,"CBC S","S1502043","CDFO",2022,"2MNCSP008","1970-01-01",1,40,3205,NA,NA,NA,3,1,186480,"V",5000,6,5,7,5.76,5.76,3,"0CBC1607",FALSE,NA,FALSE,FALSE,"N",1,"PHI",NA,"CENTRAL S","CENTRAL SPORT",132,"Central Sport",45,"CBC S","Canada","pre-terminal"
"1169","CENTRAL S",45,"CBC S","S1516802","CDFO",2023,"2MNCSP008HAKA PS 02","1970-01-01",1,40,3205,NA,890,0,4,1,186480,"V",5000,6,5,7,7.55,7.55,3,"0CBC1607",FALSE,NA,FALSE,FALSE,"N",1,"PHI",NA,"CENTRAL S","CENTRAL SPORT",132,"Central Sport",45,"CBC S","Canada","pre-terminal"
"1170","CENTRAL S",45,"CBC S","S1517097","CDFO",2022,"2MNCSP009RIVE IN 02","1970-01-01",1,40,3205,NA,710,0,4,1,180595,"V",5000,6,5,6,5.76,5.76,3,"0CBC1606",FALSE,NA,FALSE,FALSE,"N",1,"PHI",NA,"CENTRAL S","CENTRAL SPORT",132,"Central Sport",45,"CBC S","Canada","pre-terminal"
"1171","CENTRAL S",45,"CBC S","S1517103","CDFO",2022,"2MNCSP009CRAN PT 01","1970-01-01",1,40,3205,NA,840,0,4,1,184280,"V",5000,6,5,6,5.76,5.76,3,"0CBC1606",FALSE,NA,FALSE,FALSE,"N",1,"PHI",NA,"CENTRAL S","CENTRAL SPORT",132,"Central Sport",45,"CBC S","Canada","pre-terminal"
"1172","CENTRAL S",45,"CBC S","S1517120","CDFO",2022,"2MNCSP009CRAN PT 01","1970-01-01",1,40,3205,NA,820,0,4,1,184280,"V",5000,6,5,6,5.76,5.76,3,"0CBC1606",FALSE,NA,FALSE,FALSE,"N",1,"PHI",NA,"CENTRAL S","CENTRAL SPORT",132,"Central Sport",45,"CBC S","Canada","pre-terminal"
"1173","CENTRAL S",45,"CBC S","S1517142","CDFO",2022,"2MNCSP009RIVE IN 02","1970-01-01",1,40,3205,NA,810,0,4,1,184280,"V",5000,6,5,7,5.76,5.76,3,"0CBC1607",FALSE,NA,FALSE,FALSE,"N",1,"PHI",NA,"CENTRAL S","CENTRAL SPORT",132,"Central Sport",45,"CBC S","Canada","pre-terminal"
"1174","CENTRAL S",45,"CBC S","S1517183","CDFO",2022,"2MNCSP009CRAN PT 01","1970-01-01",1,40,3205,NA,890,0,4,1,184280,"V",5000,6,5,7,5.76,5.76,3,"0CBC1607",FALSE,NA,FALSE,FALSE,"N",1,"PHI",NA,"CENTRAL S","CENTRAL SPORT",132,"Central Sport",45,"CBC S","Canada","pre-terminal"
"1175","CENTRAL S",45,"CBC S","S1517269","CDFO",2022,"2MNCSP009CRAN PT 01","1970-01-01",1,40,3205,NA,910,0,5,1,184765,"V",5000,6,5,7,5.76,5.76,3,"0CBC1607",FALSE,NA,FALSE,FALSE,"N",1,"PHI",NA,"CENTRAL S","CENTRAL SPORT",132,"Central Sport",45,"CBC S","Canada","pre-terminal"
"1176","CENTRAL S",45,"CBC S","S1517275","CDFO",2022,"2MNCSP009","1970-01-01",1,40,3205,NA,650,0,3,1,186480,"V",5000,6,5,7,5.76,5.76,3,"0CBC1607",FALSE,NA,FALSE,FALSE,"N",1,"PHI",NA,"CENTRAL S","CENTRAL SPORT",132,"Central Sport",45,"CBC S","Canada","pre-terminal"
"1177","NORTH ISBM S SUMMER",48,"NBC ISBM S","S1590298","CDFO",2024,"2MN38P003SOME BY 08","1970-01-01",1,40,32023,NA,NA,NA,5,1,186480,"V",5000,6,5,5,7.96,7.96,3,"0NPR1605",FALSE,NA,FALSE,FALSE,"N",1,"PHI",NA,"NORTH ISBM S SUMMER","NORTH ISBM SPORT - SUMMER",129,"North ISBM Sport",48,"NBC ISBM S","Canada","pre-terminal"
"1178","NORTH ISBM S SUMMER",48,"NBC ISBM S","S1590300","CDFO",2023,"2MN38P003WORK CH 06","1970-01-01",1,40,32023,NA,NA,NA,4,1,186480,"V",5000,6,5,7,8.62,8.62,3,"0NPR1607",FALSE,NA,FALSE,FALSE,"N",1,"PHI",NA,"NORTH ISBM S SUMMER","NORTH ISBM SPORT - SUMMER",129,"North ISBM Sport",48,"NBC ISBM S","Canada","pre-terminal"
"1179","NORTH ISBM S SUMMER",48,"NBC ISBM S","S1590333","CDFO",2024,"2MN38P003DUND IS","1970-01-01",1,40,32023,NA,850,0,5,1,186480,"V",5000,6,5,6,7.96,7.96,3,"0NPR1606",FALSE,NA,FALSE,FALSE,"N",1,"PHI",NA,"NORTH ISBM S SUMMER","NORTH ISBM SPORT - SUMMER",129,"North ISBM Sport",48,"NBC ISBM S","Canada","pre-terminal"
"1180","CENTRAL S",45,"CBC S","S1591565","CDFO",2023,"2MNCSP009CRAN PT 01","1970-01-01",1,40,3205,NA,810,0,4,1,186480,"V",5000,6,5,7,7.55,7.55,3,"0CBC1607",FALSE,NA,FALSE,FALSE,"N",1,"PHI",NA,"CENTRAL S","CENTRAL SPORT",132,"Central Sport",45,"CBC S","Canada","pre-terminal"
"1181","CENTRAL S",45,"CBC S","S1591655","CDFO",2023,"2MNCSP009RIVE IN 02","1970-01-01",1,40,3205,NA,787,0,4,1,186481,"V",5000,6,5,6,7.55,7.55,3,"0CBC1606",FALSE,NA,FALSE,FALSE,"N",1,"PHI",NA,"CENTRAL S","CENTRAL SPORT",132,"Central Sport",45,"CBC S","Canada","pre-terminal"
"1182","CENTRAL S",45,"CBC S","S1591663","CDFO",2023,"2MNCSP009CRAN PT 01","1970-01-01",1,40,3205,NA,315,0,4,1,186480,"V",5000,6,5,6,7.55,7.55,3,"0CBC1606",FALSE,NA,FALSE,FALSE,"N",1,"PHI",NA,"CENTRAL S","CENTRAL SPORT",132,"Central Sport",45,"CBC S","Canada","pre-terminal"
"1183","CENTRAL S",45,"CBC S","S446111","CDFO",2014,"2MNCSH007MILB SD","1970-01-01",1,40,3205,NA,690,0,4,1,181880,"V",5000,6,5,7,5.56,5.56,3,"0CBC1607",FALSE,NA,FALSE,FALSE,"N",1,"PHI",NA,"CENTRAL S","CENTRAL SPORT",132,"Central Sport",45,"CBC S","Canada","pre-terminal"
"1184","NORTH ISBM S SUMMER",48,"NBC ISBM S","S463467","CDFO",2015,"2MN38P003DUND IS","1970-01-01",1,40,32023,NA,NA,NA,3,1,182876,"V",5000,6,5,8,3.23,3.23,3,"0NPR1608",FALSE,NA,FALSE,FALSE,"N",1,"PHI",NA,"NORTH ISBM S SUMMER","NORTH ISBM SPORT - SUMMER",129,"North ISBM Sport",48,"NBC ISBM S","Canada","pre-terminal"
"1185","NGS S SUMMER",63,"GEO ST S","S525859","CDFO",2015,"2MSNGP013STUA IS 23","1970-01-01",1,40,32093,NA,1040,0,5,1,181880,"V",5000,6,5,6,5.17,5.17,3,"0NSG1606",FALSE,NA,FALSE,FALSE,"N",1,"PHI",NA,"NGS S SUMMER","NORTH GEORGIA STRAIT SPORT - SUMMER",136,"North Georgia Strait Sport",63,"GEO ST S","Canada","pre-terminal"
"1186","NGS S SUMMER",63,"GEO ST S","S526010","CDFO",2016,"2MSNGP013","1970-01-01",1,40,32093,NA,NA,NA,4,1,182084,"V",5000,6,5,8,5.97,5.97,3,"0NSG1608",FALSE,NA,FALSE,FALSE,"N",1,"PHI",NA,"NGS S SUMMER","NORTH GEORGIA STRAIT SPORT - SUMMER",136,"North Georgia Strait Sport",63,"GEO ST S","Canada","pre-terminal"
"1187","NGS S SUMMER",63,"GEO ST S","S526018","CDFO",2015,"2MSNGP013STUA IS 23","1970-01-01",1,40,32093,NA,970,0,4,1,181373,"V",5000,6,5,7,5.17,5.17,3,"0NSG1607",FALSE,NA,FALSE,FALSE,"N",1,"PHI",NA,"NGS S SUMMER","NORTH GEORGIA STRAIT SPORT - SUMMER",136,"North Georgia Strait Sport",63,"GEO ST S","Canada","pre-terminal"
"1188","NGS S SUMMER",63,"GEO ST S","S528611","CDFO",2016,"2MSNGP013OWE PT  25","1970-01-01",1,40,32093,NA,890,0,4,1,182876,"V",5000,6,5,8,5.97,5.97,3,"0NSG1608",FALSE,NA,FALSE,FALSE,"N",1,"PHI",NA,"NGS S SUMMER","NORTH GEORGIA STRAIT SPORT - SUMMER",136,"North Georgia Strait Sport",63,"GEO ST S","Canada","pre-terminal"
"1189","NORTH ISBM S SUMMER",48,"NBC ISBM S","S535182","CDFO",2013,"2MN38H004SQUADER","1970-01-01",1,40,32023,NA,NA,NA,3,1,181878,"V",5000,6,5,5,2.76,2.76,3,"0NPR1605",FALSE,NA,FALSE,FALSE,"N",1,"PHI",NA,"NORTH ISBM S SUMMER","NORTH ISBM SPORT - SUMMER",129,"North ISBM Sport",48,"NBC ISBM S","Canada","pre-terminal"
"1190","CENTRAL S",45,"CBC S","S557495","CDFO",2016,"2MNCSP006ARIS IS 16","1970-01-01",1,40,3205,NA,890,0,4,1,182085,"V",5000,6,5,7,4.49,4.49,3,"0CBC1607",FALSE,NA,FALSE,FALSE,"N",1,"PHI",NA,"CENTRAL S","CENTRAL SPORT",132,"Central Sport",45,"CBC S","Canada","pre-terminal"
"1191","CENTRAL S",45,"CBC S","S557498","CDFO",2016,"2MNCSP006ARIS IS 16","1970-01-01",1,40,3205,NA,890,0,4,1,182083,"V",5000,6,5,7,4.49,4.49,3,"0CBC1607",FALSE,NA,FALSE,FALSE,"N",1,"PHI",NA,"CENTRAL S","CENTRAL SPORT",132,"Central Sport",45,"CBC S","Canada","pre-terminal"
"1192","NORTH ISBM S SUMMER",48,"NBC ISBM S","S557529","CDFO",2014,"2MN38H003THREEI","1970-01-01",1,40,32023,NA,NA,NA,5,1,180679,"V",5000,6,5,5,8.64,8.64,3,"0NPR1605",FALSE,NA,FALSE,FALSE,"N",1,"PHI",NA,"NORTH ISBM S SUMMER","NORTH ISBM SPORT - SUMMER",129,"North ISBM Sport",48,"NBC ISBM S","Canada","pre-terminal"
"1193","NORTH ISBM S SUMMER",48,"NBC ISBM S","S557530","CDFO",2014,"2MN38H003WALE IS","1970-01-01",1,40,32023,NA,NA,NA,4,1,181878,"V",5000,6,5,5,8.64,8.64,3,"0NPR1605",FALSE,NA,FALSE,FALSE,"N",1,"PHI",NA,"NORTH ISBM S SUMMER","NORTH ISBM SPORT - SUMMER",129,"North ISBM Sport",48,"NBC ISBM S","Canada","pre-terminal"
"1194","NORTH ISBM S SUMMER",48,"NBC ISBM S","S557534","CDFO",2015,"2MN38P003","1970-01-01",1,40,32023,NA,NA,NA,4,1,181372,"V",5000,6,5,6,3.23,3.23,3,"0NPR1606",FALSE,NA,FALSE,FALSE,"N",1,"PHI",NA,"NORTH ISBM S SUMMER","NORTH ISBM SPORT - SUMMER",129,"North ISBM Sport",48,"NBC ISBM S","Canada","pre-terminal"
"1195","NORTH ISBM S SUMMER",48,"NBC ISBM S","S557537","CDFO",2015,"2MN38P003DUND IS","1970-01-01",1,40,32023,NA,NA,NA,4,1,181372,"V",5000,6,5,6,3.23,3.23,3,"0NPR1606",FALSE,NA,FALSE,FALSE,"N",1,"PHI",NA,"NORTH ISBM S SUMMER","NORTH ISBM SPORT - SUMMER",129,"North ISBM Sport",48,"NBC ISBM S","Canada","pre-terminal"
"1196","NORTH ISBM S SUMMER",48,"NBC ISBM S","S557785","CDFO",2015,"2MN38P003DUND IS","1970-01-01",1,40,32023,NA,890,0,4,1,181372,"V",5000,6,5,6,3.23,3.23,3,"0NPR1606",FALSE,NA,FALSE,FALSE,"N",1,"PHI",NA,"NORTH ISBM S SUMMER","NORTH ISBM SPORT - SUMMER",129,"North ISBM Sport",48,"NBC ISBM S","Canada","pre-terminal"
"1197","NORTH ISBM S SUMMER",48,"NBC ISBM S","S557796","CDFO",2015,"2MN38P003DUND IS","1970-01-01",1,40,32023,NA,640,0,3,1,182084,"V",5000,6,5,7,3.23,3.23,3,"0NPR1607",FALSE,NA,FALSE,FALSE,"N",1,"PHI",NA,"NORTH ISBM S SUMMER","NORTH ISBM SPORT - SUMMER",129,"North ISBM Sport",48,"NBC ISBM S","Canada","pre-terminal"
"1198","NORTH ISBM S SUMMER",48,"NBC ISBM S","S558226","CDFO",2015,"2MN38P003","1970-01-01",1,40,32023,NA,NA,NA,5,1,181878,"V",5000,6,5,6,3.23,3.23,3,"0NPR1606",FALSE,NA,FALSE,FALSE,"N",1,"PHI",NA,"NORTH ISBM S SUMMER","NORTH ISBM SPORT - SUMMER",129,"North ISBM Sport",48,"NBC ISBM S","Canada","pre-terminal"
"1199","NORTH ISBM S SUMMER",48,"NBC ISBM S","S558486","CDFO",2014,"2MN38H003WALE IS","1970-01-01",1,40,32023,NA,NA,NA,4,1,181880,"V",5000,6,5,6,8.64,8.64,3,"0NPR1606",FALSE,NA,FALSE,FALSE,"N",1,"PHI",NA,"NORTH ISBM S SUMMER","NORTH ISBM SPORT - SUMMER",129,"North ISBM Sport",48,"NBC ISBM S","Canada","pre-terminal"
"1200","NGS S SUMMER",63,"GEO ST S","S559327","CDFO",2014,"2MSNGP013CRDE CH 41","1970-01-01",1,40,32093,NA,760,0,4,1,181878,"V",5000,6,5,7,5.09,5.09,3,"0NSG1607",FALSE,NA,FALSE,FALSE,"N",1,"PHI",NA,"NGS S SUMMER","NORTH GEORGIA STRAIT SPORT - SUMMER",136,"North Georgia Strait Sport",63,"GEO ST S","Canada","pre-terminal"
"1201","NGS S SUMMER",63,"GEO ST S","S559349","CDFO",2014,"2MSNGP013STUA IS 23","1970-01-01",1,40,32093,NA,660,0,4,1,181878,"V",5000,6,5,6,5.14,5.14,3,"0NSG1606",FALSE,NA,FALSE,FALSE,"N",1,"PHI",NA,"NGS S SUMMER","NORTH GEORGIA STRAIT SPORT - SUMMER",136,"North Georgia Strait Sport",63,"GEO ST S","Canada","pre-terminal"
"1202","JOHN ST S SUMMER",61,"JNST S","S563329","CDFO",2013,"2MSQCP012CRAC PT 03","1970-01-01",1,40,32083,NA,787,0,4,1,180679,"V",5000,6,5,7,3.45,3.45,3,"0QCS1607",FALSE,NA,FALSE,FALSE,"N",1,"PHI",NA,"JOHN ST S SUMMER","JOHNSTONE STRAIT SPORT - SUMMER",135,"Johnstone Strait Sport",61,"JNST S","Canada","pre-terminal"
"1203","CENTRAL S",45,"CBC S","S567173","CDFO",2013,"2MNCSP007IDOL PT 12","1970-01-01",1,40,3205,NA,660,0,4,1,180679,"V",5000,6,5,7,3.53,3.53,3,"0CBC1607",FALSE,NA,FALSE,FALSE,"N",1,"PHI",NA,"CENTRAL S","CENTRAL SPORT",132,"Central Sport",45,"CBC S","Canada","pre-terminal"
"1204","CENTRAL S",45,"CBC S","S572432","CDFO",2015,"2MNCSP006ARIS IS 16","1970-01-01",1,40,3205,NA,890,0,4,1,181372,"V",5000,6,5,8,8.4,8.4,3,"0CBC1608",FALSE,NA,FALSE,FALSE,"N",1,"PHI",NA,"CENTRAL S","CENTRAL SPORT",132,"Central Sport",45,"CBC S","Canada","pre-terminal"
"1205","CENTRAL S",45,"CBC S","S572433","CDFO",2015,"2MNCSP006ARIS IS 16","1970-01-01",1,40,3205,NA,840,0,4,1,181372,"V",5000,6,5,8,8.4,8.4,3,"0CBC1608",FALSE,NA,FALSE,FALSE,"N",1,"PHI",NA,"CENTRAL S","CENTRAL SPORT",132,"Central Sport",45,"CBC S","Canada","pre-terminal"
"1206","CENTRAL S",45,"CBC S","S572444","CDFO",2016,"2MNCSP006ARIS IS 16","1970-01-01",1,40,3205,NA,790,0,4,1,182083,"V",5000,6,5,6,4.49,4.49,3,"0CBC1606",FALSE,NA,FALSE,FALSE,"N",1,"PHI",NA,"CENTRAL S","CENTRAL SPORT",132,"Central Sport",45,"CBC S","Canada","pre-terminal"
"1207","CENTRAL S",45,"CBC S","S572471","CDFO",2016,"2MNCSP006ARIS IS 16","1970-01-01",1,40,3205,NA,740,0,3,1,182786,"V",5000,6,5,7,4.49,4.49,3,"0CBC1607",FALSE,NA,FALSE,FALSE,"N",1,"PHI",NA,"CENTRAL S","CENTRAL SPORT",132,"Central Sport",45,"CBC S","Canada","pre-terminal"
"1208","JOHN ST S SUMMER",61,"JNST S","S572946","CDFO",2013,"2MSQCP012PR HARD 16","1970-01-01",1,40,32083,NA,670,0,4,1,180679,"V",5000,6,5,7,3.45,3.45,3,"0QCS1607",FALSE,NA,FALSE,FALSE,"N",1,"PHI",NA,"JOHN ST S SUMMER","JOHNSTONE STRAIT SPORT - SUMMER",135,"Johnstone Strait Sport",61,"JNST S","Canada","pre-terminal"
"1209","NGS S SUMMER",63,"GEO ST S","S574538","CDFO",2015,"2MSNGP013DAVI PT 26","1970-01-01",1,40,32093,NA,810,0,5,1,181878,"V",5000,6,5,7,5.17,5.17,3,"0NSG1607",FALSE,NA,FALSE,FALSE,"N",1,"PHI",NA,"NGS S SUMMER","NORTH GEORGIA STRAIT SPORT - SUMMER",136,"North Georgia Strait Sport",63,"GEO ST S","Canada","pre-terminal"
"1210","NORTH AABM S SUMMER",47,"NBC AABM S","S579239","CDFO",2017,"2MN39P001LANG IS 02","1970-01-01",1,40,32013,NA,NA,NA,4,1,182786,"V",5000,6,5,8,6.02,6.02,3,"0NHG1608",FALSE,NA,FALSE,FALSE,"N",1,"PHI",NA,"NORTH AABM S SUMMER","NORTH AABM SPORT (QCI) - SUMMER",128,"North AABM Sport (QCI)",47,"NBC AABM S","Canada","pre-terminal"
"1211","NGS S SUMMER",63,"GEO ST S","S583245","CDFO",2015,"2MSNGP013GOMO IS 23","1970-01-01",1,40,32093,NA,970,0,5,1,181878,"V",5000,6,5,7,5.17,5.17,3,"0NSG1607",FALSE,NA,FALSE,FALSE,"N",1,"PHI",NA,"NGS S SUMMER","NORTH GEORGIA STRAIT SPORT - SUMMER",136,"North Georgia Strait Sport",63,"GEO ST S","Canada","pre-terminal"
"1212","JOHN ST S SUMMER",61,"JNST S","S778551","CDFO",2013,"2MSQCP011BREM PT 02","1970-01-01",1,40,32083,NA,700,0,4,1,180679,"V",5000,6,5,7,3.45,3.45,3,"0QCS1607",FALSE,NA,FALSE,FALSE,"N",1,"PHI",NA,"JOHN ST S SUMMER","JOHNSTONE STRAIT SPORT - SUMMER",135,"Johnstone Strait Sport",61,"JNST S","Canada","pre-terminal"
"1213","CENTRAL S",45,"CBC S","S779706","CDFO",2013,"2MNCSP009RIVE IN 02","1970-01-01",1,40,3205,NA,914,0,4,1,180679,"V",5000,6,5,7,3.53,3.53,3,"0CBC1607",FALSE,NA,FALSE,FALSE,"N",1,"PHI",NA,"CENTRAL S","CENTRAL SPORT",132,"Central Sport",45,"CBC S","Canada","pre-terminal"
"1214","CENTRAL S",45,"CBC S","S779713","CDFO",2013,"2MNCSP009HARO PT 01","1970-01-01",1,40,3205,NA,NA,NA,4,1,180679,"V",5000,6,5,7,3.53,3.53,3,"0CBC1607",FALSE,NA,FALSE,FALSE,"N",1,"PHI",NA,"CENTRAL S","CENTRAL SPORT",132,"Central Sport",45,"CBC S","Canada","pre-terminal"
"1215","JOHN ST S SUMMER",61,"JNST S","S787713","CDFO",2013,"2MSQCP012MALC IS 06","1970-01-01",1,40,32083,NA,NA,NA,3,1,181880,"V",5000,6,5,9,3.4,3.4,3,"0QCS1609",FALSE,NA,FALSE,FALSE,"N",1,"PHI",NA,"JOHN ST S SUMMER","JOHNSTONE STRAIT SPORT - SUMMER",135,"Johnstone Strait Sport",61,"JNST S","Canada","pre-terminal"
"1216","JOHN ST S SUMMER",61,"JNST S","S788042","CDFO",2014,"2MSQCH011CP SUTI","1970-01-01",1,40,32083,NA,850,0,4,1,181880,"V",5000,6,5,7,3.39,3.39,3,"0QCS1607",FALSE,NA,FALSE,FALSE,"N",1,"PHI",NA,"JOHN ST S SUMMER","JOHNSTONE STRAIT SPORT - SUMMER",135,"Johnstone Strait Sport",61,"JNST S","Canada","pre-terminal"
"1217","JOHN ST S SUMMER",61,"JNST S","S788523","CDFO",2015,"2MSQCP012BERE PT 08","1970-01-01",1,40,32083,NA,NA,NA,4,1,181372,"V",5000,6,5,6,3.92,3.92,3,"0QCS1606",FALSE,NA,FALSE,FALSE,"N",1,"PHI",NA,"JOHN ST S SUMMER","JOHNSTONE STRAIT SPORT - SUMMER",135,"Johnstone Strait Sport",61,"JNST S","Canada","pre-terminal"
"1218","JOHN ST S SUMMER",61,"JNST S","S788687","CDFO",2014,"2MSQCP012MALC IS 06","1970-01-01",1,40,32083,NA,860,0,4,1,181878,"V",5000,6,5,7,3.39,3.39,3,"0QCS1607",FALSE,NA,FALSE,FALSE,"N",1,"PHI",NA,"JOHN ST S SUMMER","JOHNSTONE STRAIT SPORT - SUMMER",135,"Johnstone Strait Sport",61,"JNST S","Canada","pre-terminal"
"1219","JOHN ST S SUMMER",61,"JNST S","S788927","CDFO",2015,"2MSQCP012FLOW IS 06","1970-01-01",1,40,32083,NA,710,0,5,1,181878,"V",5000,6,5,6,3.92,3.92,3,"0QCS1606",FALSE,NA,FALSE,FALSE,"N",1,"PHI",NA,"JOHN ST S SUMMER","JOHNSTONE STRAIT SPORT - SUMMER",135,"Johnstone Strait Sport",61,"JNST S","Canada","pre-terminal"
"1220","JOHN ST S SUMMER",61,"JNST S","S788944","CDFO",2015,"2MSQCP012MALC PT 08","1970-01-01",1,40,32083,"M",850,0,4,1,181373,"V",5000,6,5,8,3.92,3.92,3,"0QCS1608",FALSE,NA,FALSE,FALSE,"N",1,"PHI",NA,"JOHN ST S SUMMER","JOHNSTONE STRAIT SPORT - SUMMER",135,"Johnstone Strait Sport",61,"JNST S","Canada","pre-terminal"
"1221","JOHN ST S SUMMER",61,"JNST S","S788962","CDFO",2014,"2MSQCP012MALC IS 06","1970-01-01",1,40,32083,NA,900,0,5,1,180679,"V",5000,6,5,7,3.39,3.39,3,"0QCS1607",FALSE,NA,FALSE,FALSE,"N",1,"PHI",NA,"JOHN ST S SUMMER","JOHNSTONE STRAIT SPORT - SUMMER",135,"Johnstone Strait Sport",61,"JNST S","Canada","pre-terminal"
"1222","JOHN ST S SUMMER",61,"JNST S","S789056","CDFO",2015,"2MSQCP012CAST PT 10","1970-01-01",1,40,32083,NA,1040,0,4,1,181372,"V",5000,6,5,7,4.01,4.01,3,"0QCS1607",FALSE,NA,FALSE,FALSE,"N",1,"PHI",NA,"JOHN ST S SUMMER","JOHNSTONE STRAIT SPORT - SUMMER",135,"Johnstone Strait Sport",61,"JNST S","Canada","pre-terminal"
"1223","JOHN ST S SUMMER",61,"JNST S","S789095","CDFO",2015,"2MSQCP012BARO PS 26","1970-01-01",1,40,32083,NA,NA,NA,5,1,181880,"V",5000,6,5,8,3.92,3.92,3,"0QCS1608",FALSE,NA,FALSE,FALSE,"N",1,"PHI",NA,"JOHN ST S SUMMER","JOHNSTONE STRAIT SPORT - SUMMER",135,"Johnstone Strait Sport",61,"JNST S","Canada","pre-terminal"
"1224","JOHN ST S SUMMER",61,"JNST S","S789527","CDFO",2013,"2MSQCP012DONE HD 06","1970-01-01",1,40,32083,NA,810,0,4,1,180679,"V",5000,6,5,7,3.45,3.45,3,"0QCS1607",FALSE,NA,FALSE,FALSE,"N",1,"PHI",NA,"JOHN ST S SUMMER","JOHNSTONE STRAIT SPORT - SUMMER",135,"Johnstone Strait Sport",61,"JNST S","Canada","pre-terminal"
"1225","CENTRAL S",45,"CBC S","S791203","CDFO",2013,"2MNCSP009DUNC LA 02","1970-01-01",1,40,3205,NA,NA,NA,4,1,180679,"V",5000,6,5,6,3.53,3.53,3,"0CBC1606",FALSE,NA,FALSE,FALSE,"N",1,"PHI",NA,"CENTRAL S","CENTRAL SPORT",132,"Central Sport",45,"CBC S","Canada","pre-terminal"
"1226","CENTRAL S",45,"CBC S","S791212","CDFO",2013,"2MNCSP009DUNC LA 02","1970-01-01",1,40,3205,NA,NA,NA,4,1,180679,"V",5000,6,5,6,3.53,3.53,3,"0CBC1606",FALSE,NA,FALSE,FALSE,"N",1,"PHI",NA,"CENTRAL S","CENTRAL SPORT",132,"Central Sport",45,"CBC S","Canada","pre-terminal"
"1227","CENTRAL S",45,"CBC S","S791229","CDFO",2014,"2MNCSH009THE WAL","1970-01-01",1,40,3205,NA,700,0,4,1,181878,"V",5000,6,5,7,5.56,5.56,3,"0CBC1607",FALSE,NA,FALSE,FALSE,"N",1,"PHI",NA,"CENTRAL S","CENTRAL SPORT",132,"Central Sport",45,"CBC S","Canada","pre-terminal"
"1228","CENTRAL S",45,"CBC S","S791264","CDFO",2014,"2MNCSH009DRAN IN","1970-01-01",1,40,3205,NA,770,0,4,1,181878,"V",5000,6,5,6,5.56,5.56,3,"0CBC1606",FALSE,NA,FALSE,FALSE,"N",1,"PHI",NA,"CENTRAL S","CENTRAL SPORT",132,"Central Sport",45,"CBC S","Canada","pre-terminal"
"1229","CENTRAL S",45,"CBC S","S791279","CDFO",2013,"2MNCSP009THE WAL 06","1970-01-01",1,40,3205,NA,NA,NA,3,1,181878,"V",5000,6,5,6,3.53,3.53,3,"0CBC1606",FALSE,NA,FALSE,FALSE,"N",1,"PHI",NA,"CENTRAL S","CENTRAL SPORT",132,"Central Sport",45,"CBC S","Canada","pre-terminal"
"1230","CENTRAL S",45,"CBC S","S791464","CDFO",2013,"2MNCSP009THE WAL 06","1970-01-01",1,40,3205,NA,NA,NA,4,1,180679,"V",5000,6,5,8,3.53,3.53,3,"0CBC1608",FALSE,NA,FALSE,FALSE,"N",1,"PHI",NA,"CENTRAL S","CENTRAL SPORT",132,"Central Sport",45,"CBC S","Canada","pre-terminal"
"1231","NORTH ISBM S SUMMER",48,"NBC ISBM S","S791770","CDFO",2014,"2MN38P004","1970-01-01",1,40,32023,NA,705,0,3,1,181372,"V",5000,6,5,8,8.64,8.64,3,"0NPR1608",FALSE,NA,FALSE,FALSE,"N",1,"PHI",NA,"NORTH ISBM S SUMMER","NORTH ISBM SPORT - SUMMER",129,"North ISBM Sport",48,"NBC ISBM S","Canada","pre-terminal"
"1232","NORTH AABM S SUMMER",47,"NBC AABM S","S797062","CDFO",2014,"2MN39H001LANG IS","1970-01-01",1,40,32013,NA,830,0,4,1,181878,"V",5000,6,5,6,2.86,2.86,3,"0NHG1606",FALSE,NA,FALSE,FALSE,"N",1,"PHI",NA,"NORTH AABM S SUMMER","NORTH AABM SPORT (QCI) - SUMMER",128,"North AABM Sport (QCI)",47,"NBC AABM S","Canada","pre-terminal"
"1233","CENTRAL S",45,"CBC S","S798603","CDFO",2016,"2MNCSP006SUE CH  01","1970-01-01",1,40,3205,NA,560,0,3,1,182965,"V",5000,6,5,7,4.49,4.49,3,"0CBC1607",FALSE,NA,FALSE,FALSE,"N",1,"PHI",NA,"CENTRAL S","CENTRAL SPORT",132,"Central Sport",45,"CBC S","Canada","pre-terminal"
"1234","NORTH ISBM S SUMMER",48,"NBC ISBM S","S799028","CDFO",2015,"2MN38P003","1970-01-01",1,40,32023,NA,NA,NA,4,1,181373,"V",5000,6,5,5,3.23,3.23,3,"0NPR1605",FALSE,NA,FALSE,FALSE,"N",1,"PHI",NA,"NORTH ISBM S SUMMER","NORTH ISBM SPORT - SUMMER",129,"North ISBM Sport",48,"NBC ISBM S","Canada","pre-terminal"
"1235","CENTRAL S",45,"CBC S","S799415","CDFO",2019,"2MNCSP006CAMP IS 10","1970-01-01",1,40,3205,NA,750,0,3,1,184594,"V",5000,6,5,7,3.93,3.93,3,"0CBC1607",FALSE,NA,FALSE,FALSE,"N",1,"PHI",NA,"CENTRAL S","CENTRAL SPORT",132,"Central Sport",45,"CBC S","Canada","pre-terminal"
"1236","NORTH AABM S SUMMER",47,"NBC AABM S","S799650","CDFO",2013,"2MN39P001WIAH PT","1970-01-01",1,40,32013,NA,NA,NA,4,1,180679,"V",5000,6,5,7,2.54,2.54,3,"0NHG1607",FALSE,NA,FALSE,FALSE,"N",1,"PHI",NA,"NORTH AABM S SUMMER","NORTH AABM SPORT (QCI) - SUMMER",128,"North AABM Sport (QCI)",47,"NBC AABM S","Canada","pre-terminal"
"1237","NORTH AABM S SUMMER",47,"NBC AABM S","S800656","CDFO",2013,"2MN39P001","1970-01-01",1,40,32013,NA,730,0,3,1,181880,"V",5000,6,5,6,2.54,2.54,3,"0NHG1606",FALSE,NA,FALSE,FALSE,"N",1,"PHI",NA,"NORTH AABM S SUMMER","NORTH AABM SPORT (QCI) - SUMMER",128,"North AABM Sport (QCI)",47,"NBC AABM S","Canada","pre-terminal"
"1238","CENTRAL S",45,"CBC S","S800902","CDFO",2016,"2MNCSP006ARIS IS 16","1970-01-01",1,40,3205,NA,890,0,4,1,182083,"V",5000,6,5,7,4.49,4.49,3,"0CBC1607",FALSE,NA,FALSE,FALSE,"N",1,"PHI",NA,"CENTRAL S","CENTRAL SPORT",132,"Central Sport",45,"CBC S","Canada","pre-terminal"
"1239","CENTRAL S",45,"CBC S","S800907","CDFO",2016,"2MNCSP006ARIS IS 16","1970-01-01",1,40,3205,NA,890,0,4,1,182085,"V",5000,6,5,8,4.49,4.49,3,"0CBC1608",FALSE,NA,FALSE,FALSE,"N",1,"PHI",NA,"CENTRAL S","CENTRAL SPORT",132,"Central Sport",45,"CBC S","Canada","pre-terminal"
"1240","CENTRAL S",45,"CBC S","S800934","CDFO",2016,"2MNCSP006ARIS IS 16","1970-01-01",1,40,3205,NA,890,0,4,1,182085,"V",5000,6,5,6,4.49,4.49,3,"0CBC1606",FALSE,NA,FALSE,FALSE,"N",1,"PHI",NA,"CENTRAL S","CENTRAL SPORT",132,"Central Sport",45,"CBC S","Canada","pre-terminal"
"1241","CENTRAL S",45,"CBC S","S800977","CDFO",2015,"2MNCSP006ARIS IS 16","1970-01-01",1,40,3205,NA,860,0,4,1,181373,"V",5000,6,5,6,8.4,8.4,3,"0CBC1606",FALSE,NA,FALSE,FALSE,"N",1,"PHI",NA,"CENTRAL S","CENTRAL SPORT",132,"Central Sport",45,"CBC S","Canada","pre-terminal"
"1242","CENTRAL S",45,"CBC S","S800979","CDFO",2015,"2MNCSP006ARIS IS 16","1970-01-01",1,40,3205,NA,890,0,5,1,181878,"V",5000,6,5,6,8.4,8.4,3,"0CBC1606",FALSE,NA,FALSE,FALSE,"N",1,"PHI",NA,"CENTRAL S","CENTRAL SPORT",132,"Central Sport",45,"CBC S","Canada","pre-terminal"
"1243","CENTRAL S",45,"CBC S","S800984","CDFO",2015,"2MNCSP006ARIS IS 16","1970-01-01",1,40,3205,NA,810,0,4,1,181373,"V",5000,6,5,6,8.4,8.4,3,"0CBC1606",FALSE,NA,FALSE,FALSE,"N",1,"PHI",NA,"CENTRAL S","CENTRAL SPORT",132,"Central Sport",45,"CBC S","Canada","pre-terminal"
"1244","CENTRAL S",45,"CBC S","S802012","CDFO",2014,"2MNCSH007CHEN PT","1970-01-01",1,40,3205,NA,NA,NA,4,1,181878,"V",5000,6,5,7,5.56,5.56,3,"0CBC1607",FALSE,NA,FALSE,FALSE,"N",1,"PHI",NA,"CENTRAL S","CENTRAL SPORT",132,"Central Sport",45,"CBC S","Canada","pre-terminal"
"1245","NGS S SUMMER",63,"GEO ST S","S804903","CDFO",2015,"2MSNGP013FRED AR 23","1970-01-01",1,40,32093,NA,NA,NA,4,1,181372,"V",5000,6,5,7,5.17,5.17,3,"0NSG1607",FALSE,NA,FALSE,FALSE,"N",1,"PHI",NA,"NGS S SUMMER","NORTH GEORGIA STRAIT SPORT - SUMMER",136,"North Georgia Strait Sport",63,"GEO ST S","Canada","pre-terminal"
